business_id,name,address,city,state,postal_code,latitude,longitude,stars,review_count,is_open,attributes,categories,hours
MTSW4McQd7CbVtyjqoe9mw,St Honore Pastries,935 Race St,Philadelphia,PA,19107,39.9555052,-75.1555641,4.0,80,1,"{'RestaurantsDelivery': 'False', 'OutdoorSeating': 'False', 'BusinessAcceptsCreditCards': 'False', 'BusinessParking': ""{'garage': False, 'street': True, 'validated': False, 'lot': False, 'valet': False}"", 'BikeParking': 'True', 'RestaurantsPriceRange2': '1', 'RestaurantsTakeOut': 'True', 'ByAppointmentOnly': 'False', 'WiFi': ""u'free'"", 'Alcohol': ""u'none'"", 'Caters': 'True'}","Restaurants, Food, Bubble Tea, Coffee & Tea, Bakeries","{'Monday': '7:0-20:0', 'Tuesday': '7:0-20:0', 'Wednesday': '7:0-20:0', 'Thursday': '7:0-20:0', 'Friday': '7:0-21:0', 'Saturday': '7:0-21:0', 'Sunday': '7:0-21:0'}"
bdfZdB2MTXlT6-RBjSIpQg,Pho Bistro,903 Embarcadero Del Norte,Isla Vista,CA,93117,34.4129345,-119.8555307,3.0,184,1,"{'RestaurantsDelivery': 'True', 'BikeParking': 'True', 'BusinessParking': ""{'garage': False, 'street': True, 'validated': False, 'lot': False, 'valet': False}"", 'RestaurantsPriceRange2': '1', 'OutdoorSeating': 'True', 'Ambience': ""{'romantic': False, 'intimate': False, 'touristy': False, 'hipster': False, 'divey': False, 'classy': False, 'trendy': False, 'upscale': False, 'casual': True}"", 'BusinessAcceptsCreditCards': 'True', 'RestaurantsReservations': 'False', 'WiFi': ""u'no'"", 'Alcohol': ""u'none'"", 'RestaurantsAttire': ""u'casual'"", 'GoodForKids': 'True', 'RestaurantsTakeOut': 'True', 'HasTV': 'True', 'Caters': 'False', 'RestaurantsGoodForGroups': 'True', 'NoiseLevel': ""u'average'"", 'GoodForMeal': ""{'dessert': False, 'latenight': False, 'lunch': True, 'dinner': False, 'brunch': False, 'breakfast': False}""}","Food, Restaurants, Chinese, Bubble Tea, Vietnamese","{'Monday': '11:0-22:0', 'Tuesday': '11:0-22:0', 'Wednesday': '11:0-22:0', 'Thursday': '11:0-22:0', 'Friday': '11:0-22:0', 'Saturday': '11:0-22:0', 'Sunday': '11:0-22:0'}"
epGYbd0_OeSxsSkw-Kx5Rg,Hippie Hi,1814 Drew St,Clearwater,FL,33764,27.9684516983,-82.7621585038,4.0,16,0,"{'HasTV': 'True', 'RestaurantsReservations': 'True', 'Ambience': ""{'touristy': False, 'hipster': False, 'romantic': False, 'divey': False, 'intimate': False, 'trendy': False, 'upscale': False, 'classy': False, 'casual': False}"", 'RestaurantsTakeOut': 'True', 'BusinessAcceptsCreditCards': 'True', 'RestaurantsTableService': 'False', 'BusinessAcceptsBitcoin': 'False', 'WiFi': ""u'free'"", 'RestaurantsDelivery': 'False', 'Caters': 'False', 'Alcohol': ""u'none'"", 'OutdoorSeating': 'True', 'DogsAllowed': 'False', 'BusinessParking': ""{'garage': False, 'street': False, 'validated': False, 'lot': True, 'valet': False}"", 'WheelchairAccessible': 'True'}","Vegan, Gluten-Free, Restaurants, Bubble Tea, Salad, Tea Rooms, Food, Coffee & Tea","{'Monday': '10:0-20:0', 'Tuesday': '10:0-20:0', 'Wednesday': '10:0-20:0', 'Thursday': '10:0-20:0', 'Friday': '10:0-20:0', 'Saturday': '10:0-16:0'}"
i9eMSNpOA8BfHGZrM-9sZg,Kung Fu Tea,1469 Brace Rd,Cherry Hill,NJ,08034,39.8892597,-75.0158522,4.5,10,1,"{'WiFi': ""u'free'"", 'RestaurantsTakeOut': 'True'}","Bubble Tea, Juice Bars & Smoothies, Food, Coffee & Tea","{'Monday': '10:0-21:0', 'Tuesday': '10:0-21:0', 'Wednesday': '10:0-21:0', 'Thursday': '10:0-21:0', 'Friday': '10:0-21:0', 'Saturday': '10:0-21:0', 'Sunday': '10:0-21:0'}"
-3-6BB10tIWNKGEF0Es2BA,The 81 Hong Kong Cafe,"625 E Wetmore Rd, Ste 109",Tucson,AZ,85705,32.2885403,-110.9631443,4.0,133,1,"{'Alcohol': ""u'none'"", 'DogsAllowed': 'False', 'BusinessAcceptsCreditCards': 'True', 'RestaurantsPriceRange2': '2', 'WiFi': ""u'free'"", 'RestaurantsTableService': 'True', 'BYOB': 'False', 'Corkage': 'True', 'WheelchairAccessible': 'True', 'HasTV': 'True', 'Caters': 'True', 'BusinessParking': ""{u'valet': False, u'garage': False, u'street': True, u'lot': True, u'validated': True}"", 'RestaurantsDelivery': 'True', 'RestaurantsReservations': 'True', 'BikeParking': 'False', 'OutdoorSeating': 'False', 'RestaurantsTakeOut': 'True'}","Coffee & Tea, Asian Fusion, Food, Bubble Tea, Hong Kong Style Cafe, Taiwanese, Restaurants, Chinese","{'Monday': '0:0-0:0', 'Wednesday': '10:0-21:0', 'Thursday': '10:0-21:0', 'Friday': '10:0-21:0', 'Saturday': '10:0-21:0', 'Sunday': '10:0-21:0'}"
F3dxQiOwN55rSLw-BNSq6A,Sweet Alley,955 Embarcadero Del Mar,Goleta,CA,93117,34.4120096,-119.8575399,4.0,51,0,"{'WiFi': ""'free'"", 'BusinessParking': ""{'garage': False, 'street': True, 'validated': False, 'lot': True, 'valet': False}"", 'BikeParking': 'True', 'BusinessAcceptsCreditCards': 'True', 'RestaurantsPriceRange2': '1', 'WheelchairAccessible': 'False', 'DogsAllowed': 'True', 'RestaurantsTakeOut': 'True', 'RestaurantsDelivery': 'None', 'Caters': 'False'}","Acai Bowls, Juice Bars & Smoothies, Ice Cream & Frozen Yogurt, Bubble Tea, Desserts, Food","{'Monday': '11:30-22:30', 'Tuesday': '11:30-22:30', 'Wednesday': '11:30-22:30', 'Thursday': '11:30-22:30', 'Friday': '11:30-22:30', 'Saturday': '11:30-22:30', 'Sunday': '11:30-22:30'}"
Zm3X8i9GsYaxdWHlI-WQwg,Eleven Cafē,"33 N Stone Ave, Ste 150",Tucson,AZ,85701,32.2226061406,-110.9721927976,5.0,21,1,"{'BusinessParking': ""{'garage': True, 'street': True, 'validated': False, 'lot': False, 'valet': False}"", 'BusinessAcceptsBitcoin': 'False', 'BikeParking': 'True', 'OutdoorSeating': 'True', 'BusinessAcceptsCreditCards': 'True', 'DogsAllowed': 'False', 'WheelchairAccessible': 'True', 'WiFi': ""u'free'"", 'RestaurantsTakeOut': 'True', 'RestaurantsPriceRange2': '1', 'Caters': 'True', 'RestaurantsDelivery': 'False'}","Coffee & Tea, Restaurants, Food, Cafes, Bubble Tea","{'Monday': '7:0-14:0', 'Tuesday': '7:0-14:0', 'Wednesday': '7:0-14:0', 'Thursday': '7:0-14:0', 'Friday': '7:0-14:0'}"
ju4YP8SLdR_BmWr_-Xh83Q,Phamous Cafe,"7127 Hollister Ave, Ste 25",Goleta,CA,93117,34.428242,-119.876408,4.0,220,1,"{'NoiseLevel': ""'average'"", 'Ambience': ""{'romantic': False, 'intimate': False, 'classy': False, 'hipster': False, 'divey': False, 'touristy': False, 'trendy': False, 'upscale': False, 'casual': True}"", 'Caters': 'False', 'BusinessAcceptsCreditCards': 'True', 'BusinessParking': ""{'garage': False, 'street': False, 'validated': False, 'lot': True, 'valet': False}"", 'RestaurantsTableService': 'True', 'Alcohol': ""'none'"", 'WheelchairAccessible': 'True', 'Corkage': 'False', 'ByAppointmentOnly': 'False', 'RestaurantsAttire': ""'casual'"", 'GoodForMeal': ""{'dessert': False, 'latenight': False, 'lunch': True, 'dinner': True, 'brunch': None, 'breakfast': False}"", 'WiFi': ""'free'"", 'RestaurantsGoodForGroups': 'True', 'HasTV': 'False', 'HappyHour': 'False', 'RestaurantsDelivery': 'False', 'RestaurantsTakeOut': 'True', 'GoodForKids': 'True', 'RestaurantsReservations': 'False', 'BikeParking': 'True', 'DogsAllowed': 'False', 'RestaurantsPriceRange2': '1', 'BYOB': 'False', 'OutdoorSeating': 'None'}","Food, Vietnamese, Restaurants, Bubble Tea","{'Monday': '0:0-0:0', 'Wednesday': '10:0-20:0', 'Thursday': '10:0-20:0', 'Friday': '10:0-20:0', 'Saturday': '10:0-20:0', 'Sunday': '10:0-20:0'}"
aI2w94F3TvIuPTcflKVCJQ,Honeydeux,1912 Magazine St,New Orleans,LA,70130,29.931227,-90.073987,3.5,88,0,"{'Caters': 'False', 'RestaurantsTakeOut': 'True', 'RestaurantsDelivery': 'False', 'BusinessParking': ""{'garage': False, 'street': True, 'validated': False, 'lot': False, 'valet': False}"", 'BikeParking': 'False', 'RestaurantsReservations': 'False', 'OutdoorSeating': 'True', 'BusinessAcceptsCreditCards': 'False', 'WiFi': ""u'no'"", 'RestaurantsPriceRange2': '1', 'Ambience': ""{'romantic': False, 'intimate': False, 'classy': False, 'hipster': False, 'divey': False, 'touristy': False, 'trendy': False, 'upscale': False, 'casual': False}"", 'RestaurantsGoodForGroups': 'True', 'HasTV': 'False', 'BusinessAcceptsBitcoin': 'False', 'RestaurantsAttire': ""'casual'"", 'GoodForKids': 'True', 'Alcohol': ""'none'""}","Juice Bars & Smoothies, Coffee & Tea, Salad, Cafes, Restaurants, Bubble Tea, Food","{'Monday': '10:0-18:0', 'Tuesday': '10:0-18:0', 'Wednesday': '10:0-18:0', 'Thursday': '10:0-18:0', 'Friday': '10:0-18:0', 'Saturday': '10:0-18:0', 'Sunday': '11:0-17:0'}"
kf8HXRAZxtC7xVR0Tg-rhA,Num Num Boba,"6300 Mae Anne Ave, Ste 3",Reno,NV,89523,39.5275583,-119.8859044,4.5,114,1,"{'RestaurantsTakeOut': 'True', 'BikeParking': 'False', 'Caters': 'True', 'BusinessAcceptsCreditCards': 'True', 'RestaurantsDelivery': 'True', 'BusinessParking': ""{u'valet': False, u'garage': False, u'street': True, u'lot': False, u'validated': False}"", 'WheelchairAccessible': 'True', 'RestaurantsPriceRange2': '2', 'WiFi': ""u'free'"", 'OutdoorSeating': 'True', 'NoiseLevel': ""u'average'""}","Food, Coffee & Tea, Bubble Tea, Juice Bars & Smoothies, Shaved Ice","{'Monday': '11:30-20:0', 'Tuesday': '11:30-20:0', 'Wednesday': '11:30-17:0', 'Thursday': '11:30-20:0', 'Friday': '11:0-20:0', 'Saturday': '11:0-20:0', 'Sunday': '11:0-20:0'}"
caGpaptBP4BKJkpH5W6cvA,Bing's Boba Tea,2510 N Campbell Ave,Tucson,AZ,85719,32.252543,-110.943666,4.0,218,1,"{'BikeParking': 'True', 'RestaurantsPriceRange2': '1', 'BusinessAcceptsBitcoin': 'False', 'BusinessParking': ""{'garage': False, 'street': False, 'validated': False, 'lot': True, 'valet': False}"", 'BusinessAcceptsCreditCards': 'True', 'WiFi': ""u'free'"", 'RestaurantsTakeOut': 'True', 'OutdoorSeating': 'False', 'NoiseLevel': ""u'average'"", 'Caters': 'False'}","Food, Shaved Ice, Bubble Tea, Juice Bars & Smoothies, Coffee & Tea","{'Monday': '0:0-0:0', 'Tuesday': '11:0-22:0', 'Wednesday': '11:0-22:0', 'Thursday': '11:0-22:0', 'Friday': '11:0-22:0', 'Saturday': '11:0-22:0', 'Sunday': '11:0-21:0'}"
ToHu5wSC8LSMYigsSlkFfQ,HITEA,13700 Olive Blvd,Chesterfield,MO,63017,38.6794186613,-90.5060517043,4.0,115,1,"{'GoodForMeal': ""{'dessert': False, 'latenight': False, 'lunch': False, 'dinner': False, 'brunch': False, 'breakfast': False}"", 'BYOB': 'False', 'Ambience': ""{'touristy': False, 'hipster': False, 'romantic': False, 'divey': False, 'intimate': False, 'trendy': False, 'upscale': False, 'classy': False, 'casual': False}"", 'DogsAllowed': 'False', 'WheelchairAccessible': 'True', 'Alcohol': ""u'none'"", 'NoiseLevel': ""u'average'"", 'RestaurantsPriceRange2': '2', 'WiFi': ""u'free'"", 'BusinessParking': ""{'garage': False, 'street': False, 'validated': False, 'lot': False, 'valet': False}"", 'BusinessAcceptsCreditCards': 'True', 'HasTV': 'True', 'RestaurantsDelivery': 'True', 'RestaurantsTakeOut': 'True', 'RestaurantsReservations': 'True', 'OutdoorSeating': 'None', 'RestaurantsTableService': 'True', 'Caters': 'True', 'Corkage': 'False'}","Asian Fusion, Ramen, Cafes, Chinese, Bubble Tea, Restaurants, Food, Japanese","{'Monday': '11:0-21:30', 'Tuesday': '11:0-21:30', 'Wednesday': '11:0-21:30', 'Thursday': '11:0-21:30', 'Friday': '11:30-22:0', 'Saturday': '11:30-22:0', 'Sunday': '11:30-21:30'}"
Vnob_w_Aohf7ZDqxcJ9z2A,Mint Modern Vietnamese Bistro & Bar,5100 Freret St,New Orleans,LA,70115,29.9349228653,-90.1095502387,4.0,403,1,"{'Alcohol': ""u'full_bar'"", 'NoiseLevel': ""u'average'"", 'Caters': 'False', 'WiFi': ""u'no'"", 'BusinessAcceptsCreditCards': 'True', 'GoodForKids': 'True', 'RestaurantsGoodForGroups': 'True', 'BusinessParking': ""{'garage': False, 'street': True, 'validated': False, 'lot': False, 'valet': False}"", 'HasTV': 'True', 'RestaurantsTableService': 'True', 'BikeParking': 'True', 'RestaurantsPriceRange2': '2', 'RestaurantsReservations': 'False', 'RestaurantsAttire': ""u'casual'"", 'HappyHour': 'True', 'RestaurantsTakeOut': 'None', 'GoodForMeal': ""{u'breakfast': False, u'brunch': None, u'lunch': True, u'dinner': True, u'latenight': False, u'dessert': None}"", 'OutdoorSeating': 'False', 'RestaurantsDelivery': 'True', 'Ambience': ""{u'divey': False, u'hipster': False, u'casual': True, u'touristy': False, u'trendy': None, u'intimate': False, u'romantic': False, u'classy': False, u'upscale': False}""}","Bars, Restaurants, Food, Nightlife, Vietnamese, Bubble Tea","{'Tuesday': '11:0-21:0', 'Wednesday': '11:0-21:0', 'Thursday': '11:0-21:0', 'Friday': '11:0-22:0', 'Saturday': '11:0-22:0', 'Sunday': '11:0-21:0'}"
KYFJ7qh7bYYAsjnGrhH3NA,Bing's Boba Tea,"2040 W Orange Grove Rd, Ste 104",Tucson,AZ,85704,32.3246177,-111.0107186,4.0,182,1,"{'WiFi': ""u'free'"", 'BikeParking': 'True', 'RestaurantsPriceRange2': '1', 'BusinessParking': ""{'garage': False, 'street': False, 'validated': False, 'lot': True, 'valet': False}"", 'BusinessAcceptsCreditCards': 'True', 'OutdoorSeating': 'True', 'BusinessAcceptsBitcoin': 'False', 'RestaurantsTakeOut': 'True', 'ByAppointmentOnly': 'False', 'DogsAllowed': 'False', 'NoiseLevel': ""u'average'"", 'Caters': 'False'}","Bubble Tea, Coffee & Tea, Food, Juice Bars & Smoothies, Shaved Ice","{'Monday': '0:0-0:0', 'Tuesday': '11:0-20:0', 'Wednesday': '11:0-20:0', 'Thursday': '11:0-20:0', 'Friday': '11:0-21:0', 'Saturday': '11:0-21:0', 'Sunday': '11:0-20:0'}"
5S3Cc7EsEo66BSL7s6iF-w,Whirled Peace Frozen Yogurt & Smoothies,4321 Main St,Philadelphia,PA,19127,40.0253,-75.2226663,3.5,87,0,"{'BusinessAcceptsCreditCards': 'True', 'RestaurantsPriceRange2': '1', 'BusinessParking': ""{'garage': False, 'street': True, 'validated': False, 'lot': False, 'valet': False}"", 'BikeParking': 'True', 'WiFi': ""u'free'"", 'RestaurantsDelivery': 'None', 'RestaurantsTakeOut': 'True', 'Alcohol': ""'beer_and_wine'"", 'Caters': 'False'}","Bubble Tea, Ice Cream & Frozen Yogurt, Food, Juice Bars & Smoothies","{'Monday': '12:0-21:0', 'Tuesday': '12:0-21:0', 'Wednesday': '12:0-21:0', 'Thursday': '12:0-21:0', 'Friday': '12:0-22:0', 'Saturday': '12:0-22:0', 'Sunday': '12:0-21:0'}"
vdoA5t_zL0nTTww1PQkTVw,Kung Fu Tea,5085 34th St South St.,Petersburg,FL,33771,27.7215055,-82.6806526,3.5,9,1,"{'RestaurantsTakeOut': 'True', 'WiFi': ""u'free'""}","Bubble Tea, Juice Bars & Smoothies, Coffee & Tea, Food",
NNllvvGX8ucSsyJBEWaG-w,H20℃,13520 University Plaza St,Tampa,FL,33613,28.0705294,-82.429778,4.0,12,0,"{'BikeParking': 'True', 'RestaurantsPriceRange2': '1', 'WheelchairAccessible': 'True', 'Caters': 'True', 'BusinessParking': ""{'garage': False, 'street': False, 'validated': False, 'lot': False, 'valet': False}"", 'BusinessAcceptsCreditCards': 'True', 'WiFi': ""u'free'"", 'RestaurantsTakeOut': 'True'}","Bubble Tea, Food, Ice Cream & Frozen Yogurt","{'Monday': '12:0-23:0', 'Tuesday': '12:0-23:0', 'Wednesday': '12:0-23:0', 'Thursday': '12:0-23:0', 'Friday': '12:0-23:0', 'Saturday': '12:0-23:0', 'Sunday': '12:0-23:0'}"
7EhTT4iEuA7JaaWA-eI3Qw,Seasons Cafe & Bakery,7261 US Hwy 19 N,Pinellas Park,FL,33781,27.838462,-82.682464,4.0,292,0,"{'Ambience': ""{'romantic': False, 'intimate': False, 'touristy': False, 'hipster': False, 'divey': False, 'classy': False, 'trendy': False, 'upscale': False, 'casual': True}"", 'OutdoorSeating': 'True', 'HasTV': 'False', 'NoiseLevel': ""u'average'"", 'BusinessParking': ""{'garage': False, 'street': False, 'validated': False, 'lot': True, 'valet': False}"", 'Alcohol': ""u'none'"", 'RestaurantsReservations': 'False', 'WiFi': ""u'free'"", 'RestaurantsPriceRange2': '1', 'GoodForKids': 'True', 'RestaurantsGoodForGroups': 'True', 'BusinessAcceptsCreditCards': 'True', 'RestaurantsTakeOut': 'True', 'RestaurantsAttire': ""u'casual'"", 'DogsAllowed': 'False', 'GoodForMeal': ""{'dessert': True, 'latenight': False, 'lunch': True, 'dinner': True, 'brunch': False, 'breakfast': False}"", 'BusinessAcceptsBitcoin': 'False', 'RestaurantsTableService': 'False', 'HappyHour': 'False', 'BikeParking': 'False', 'Caters': 'True', 'RestaurantsDelivery': 'None'}","Food, Bakeries, Asian Fusion, Vietnamese, Restaurants, Specialty Food, Delis, Sandwiches, Bubble Tea, Soup","{'Monday': '11:0-21:0', 'Wednesday': '11:0-21:0', 'Thursday': '11:0-21:0', 'Friday': '11:0-21:0', 'Saturday': '11:0-21:0', 'Sunday': '11:0-21:0'}"
WYrITmacXpS3twSpf6SkPg,Mr Wish,"5520 Whitaker Ave, Ste 10",Philadelphia,PA,19124,40.0353731864,-75.0997766417,2.5,11,1,"{'BusinessParking': ""{'garage': False, 'street': False, 'validated': False, 'lot': False, 'valet': False}"", 'RestaurantsTakeOut': 'True', 'RestaurantsDelivery': 'True'}","Juice Bars & Smoothies, Food, Bubble Tea","{'Monday': '10:0-21:0', 'Tuesday': '10:0-21:0', 'Wednesday': '10:0-21:0', 'Thursday': '10:0-21:0', 'Friday': '10:0-21:0', 'Saturday': '9:0-21:0', 'Sunday': '9:0-21:0'}"
hTwH2pC6H9t-3F9preBw8Q,Vivi Bubble Tea,192 William Dalton Dr,Glassboro,NJ,08028,39.718959,-75.110139,4.0,32,1,"{'RestaurantsTakeOut': 'True', 'BusinessParking': ""{'garage': False, 'street': False, 'validated': False, 'lot': True, 'valet': False}"", 'WiFi': ""u'free'""}","Ice Cream & Frozen Yogurt, Bubble Tea, Food","{'Monday': '12:0-21:0', 'Tuesday': '12:0-21:0', 'Wednesday': '12:0-21:0', 'Thursday': '12:0-21:0', 'Friday': '12:0-21:30', 'Saturday': '11:0-21:30', 'Sunday': '11:0-21:0'}"
4jONpl2rUUJvt7UnNBOX4A,Mr Wish,1265A Woodbourne Rd,Levittown,PA,19057,40.1655861532,-74.8726348579,5.0,20,1,"{'RestaurantsTakeOut': 'True', 'RestaurantsDelivery': 'True'}","Bubble Tea, Juice Bars & Smoothies, Food",
9LZWyTM6KCr6JvfWEgGeQw,Yoya Self Service Frozen Yogurt and Bubble Tea,3520 W 86th St,Indianapolis,IN,46268,39.9117584,-86.2210942,4.0,102,1,"{'BikeParking': 'False', 'OutdoorSeating': 'True', 'BusinessAcceptsCreditCards': 'True', 'WiFi': ""u'free'"", 'BusinessParking': ""{'garage': False, 'street': False, 'validated': False, 'lot': True, 'valet': False}"", 'RestaurantsPriceRange2': '1', 'RestaurantsTakeOut': 'True', 'RestaurantsDelivery': 'True', 'Caters': 'False', 'GoodForKids': 'True'}","Ice Cream & Frozen Yogurt, Food, Bubble Tea, Coffee & Tea","{'Monday': '12:0-21:30', 'Tuesday': '12:0-21:30', 'Wednesday': '12:0-21:30', 'Thursday': '12:0-21:30', 'Friday': '12:0-22:30', 'Saturday': '12:0-22:30', 'Sunday': '12:0-21:0'}"
bWFZ_VkmkY2oA4NlWXPVBg,WIN Bubble Tea - Hickory Hollow,5253 Hickory Hollow Pkwy,Antioch,TN,37013,36.0479941,-86.6573008,4.5,9,1,"{'WiFi': ""u'free'"", 'RestaurantsTakeOut': 'True', 'OutdoorSeating': 'False', 'RestaurantsDelivery': 'True', 'BusinessParking': ""{u'valet': False, u'garage': False, u'street': False, u'lot': True, u'validated': False}"", 'DogsAllowed': 'False', 'Caters': 'True', 'BusinessAcceptsCreditCards': 'True'}","Desserts, Bubble Tea, Coffee & Tea, Food","{'Monday': '0:0-0:0', 'Tuesday': '11:0-20:0', 'Wednesday': '11:0-20:0', 'Thursday': '11:0-20:0', 'Friday': '11:0-20:0', 'Saturday': '11:0-20:0', 'Sunday': '11:0-20:0'}"
SADPX8WX34EQDj_jqtacMw,Bai Wei,1038 Race St,Philadelphia,PA,19107,39.9554771,-75.1572987,4.0,231,1,"{'HappyHour': 'False', 'RestaurantsPriceRange2': '2', 'HasTV': 'True', 'Alcohol': ""u'none'"", 'RestaurantsAttire': ""u'casual'"", 'OutdoorSeating': 'True', 'GoodForMeal': ""{'dessert': None, 'latenight': None, 'lunch': True, 'dinner': True, 'brunch': True, 'breakfast': None}"", 'WheelchairAccessible': 'True', 'BusinessAcceptsCreditCards': 'False', 'GoodForKids': 'True', 'RestaurantsTakeOut': 'True', 'BusinessParking': ""{'garage': True, 'street': True, 'validated': False, 'lot': False, 'valet': False}"", 'DogsAllowed': 'False', 'BikeParking': 'True', 'RestaurantsGoodForGroups': 'True', 'RestaurantsDelivery': 'True', 'RestaurantsTableService': 'True', 'WiFi': ""u'free'"", 'Caters': 'True', 'RestaurantsReservations': 'True', 'NoiseLevel': ""u'average'"", 'Ambience': ""{u'divey': None, u'hipster': False, u'casual': True, u'touristy': False, u'trendy': True, u'intimate': None, u'romantic': False, u'classy': None, u'upscale': None}""}","Chinese, Food, Bubble Tea, Restaurants, Dim Sum, Szechuan","{'Monday': '11:30-22:30', 'Tuesday': '11:30-22:30', 'Wednesday': '11:30-22:30', 'Thursday': '11:30-22:30', 'Friday': '11:30-23:0', 'Saturday': '11:30-23:0', 'Sunday': '11:30-22:30'}"
Visax-kBz0AY_34PkuvXSQ,K Dessert cafe,7525 W Hillsborough Ave,Tampa Bay,FL,33615,27.9982647,-82.5636716,5.0,7,1,"{'WiFi': ""u'free'"", 'OutdoorSeating': 'True'}","Coffee & Tea, Food, Juice Bars & Smoothies, Desserts, Bubble Tea","{'Monday': '12:0-20:0', 'Tuesday': '12:0-20:0', 'Wednesday': '12:0-20:0', 'Thursday': '12:0-20:0', 'Friday': '12:0-21:0', 'Saturday': '12:0-21:0', 'Sunday': '12:0-21:0'}"
nQApvLYqMHEhbihbmPdngQ,Iceland,"1401 Little Gloucester Rd, Unit 8",Blackwood,NJ,08012,39.7929702221,-75.0385532901,4.5,25,0,"{'WheelchairAccessible': 'True', 'RestaurantsPriceRange2': '1', 'BusinessAcceptsCreditCards': 'True', 'Caters': 'True', 'BikeParking': 'True', 'WiFi': ""u'free'"", 'BusinessParking': ""{'garage': False, 'street': False, 'validated': False, 'lot': True, 'valet': False}"", 'RestaurantsTakeOut': 'True'}","Food, Juice Bars & Smoothies, Bubble Tea, Desserts, Ice Cream & Frozen Yogurt","{'Tuesday': '13:0-21:0', 'Wednesday': '13:0-21:0', 'Thursday': '13:0-21:0', 'Friday': '13:0-21:30', 'Saturday': '13:0-21:30', 'Sunday': '13:0-21:0'}"
hJnW5-ovJQkecq0EZhHaKw,DoDo Bakery,2653 S 11th St,Philadelphia,PA,19148,39.9163107,-75.1659042976,4.5,12,1,"{'RestaurantsPriceRange2': '1', 'BusinessParking': ""{u'valet': False, u'garage': False, u'street': True, u'lot': False, u'validated': False}"", 'RestaurantsTakeOut': 'True', 'RestaurantsDelivery': 'True'}","Coffee & Tea, Bubble Tea, Custom Cakes, Bakeries, Food","{'Monday': '0:0-0:0', 'Tuesday': '7:30-18:0', 'Wednesday': '7:30-18:0', 'Thursday': '7:30-18:0', 'Friday': '7:30-18:0', 'Saturday': '7:30-18:0', 'Sunday': '7:30-18:0'}"
VGXVIUK1l80w3W9HtPyHQg,Pho Mai Asian Kitchen,"13025 US Highway 301, Ste 102",Riverview,FL,33578,27.7967405097,-82.3354018651,3.5,110,1,"{'BusinessAcceptsCreditCards': 'True', 'DogsAllowed': 'False', 'Alcohol': ""u'none'"", 'HasTV': 'True', 'RestaurantsGoodForGroups': 'True', 'RestaurantsTableService': 'True', 'Ambience': ""{'touristy': False, 'hipster': False, 'romantic': False, 'divey': False, 'intimate': False, 'trendy': False, 'upscale': False, 'classy': True, 'casual': False}"", 'WiFi': ""u'free'"", 'OutdoorSeating': 'False', 'GoodForMeal': ""{'dessert': False, 'latenight': False, 'lunch': False, 'dinner': False, 'brunch': False, 'breakfast': False}"", 'RestaurantsDelivery': 'True', 'NoiseLevel': ""u'average'"", 'RestaurantsReservations': 'False', 'BusinessParking': ""{u'valet': False, u'garage': False, u'street': False, u'lot': None, u'validated': None}"", 'RestaurantsPriceRange2': '2'}","Bubble Tea, Noodles, Vietnamese, Food, Asian Fusion, Restaurants, Sandwiches","{'Monday': '0:0-0:0', 'Tuesday': '11:0-20:0', 'Wednesday': '11:0-20:0', 'Thursday': '11:0-20:0', 'Friday': '11:0-20:0', 'Saturday': '11:0-20:0', 'Sunday': '11:0-20:0'}"
56YIYqSVmJWwOW5o1KxEYQ,Coco fresh Tea And Juice,580 Griesbach Parade,Edmonton,AB,T5E 4H5,53.6027376238,-113.4933038785,2.5,6,1,"{'RestaurantsPriceRange2': '1', 'BusinessParking': ""{'garage': False, 'street': True, 'validated': False, 'lot': False, 'valet': False}""}","Bubble Tea, Food",
fgTOJRkc703E4XRdcr5zRA,Chatime - Bubble Tea Cafe,"1800 E Fort Lowell Rd, Ste 140",Tucson,AZ,85719,32.2641365,-110.9449355,3.5,182,1,"{'RestaurantsPriceRange2': '1', 'BusinessParking': ""{'garage': False, 'street': False, 'validated': False, 'lot': True, 'valet': False}"", 'WiFi': ""u'free'"", 'BusinessAcceptsCreditCards': 'True', 'BikeParking': 'False', 'BusinessAcceptsBitcoin': 'False', 'Alcohol': ""'none'"", 'GoodForMeal': ""{'dessert': True, 'latenight': False, 'lunch': False, 'dinner': False, 'brunch': False, 'breakfast': False}"", 'GoodForKids': 'True', 'ByAppointmentOnly': 'False', 'WheelchairAccessible': 'True', 'RestaurantsAttire': ""u'casual'"", 'Caters': 'False', 'RestaurantsGoodForGroups': 'True', 'NoiseLevel': ""u'average'"", 'RestaurantsTableService': 'False', 'Ambience': ""{'touristy': False, 'hipster': False, 'romantic': False, 'divey': False, 'intimate': False, 'trendy': False, 'upscale': False, 'classy': False, 'casual': True}"", 'RestaurantsTakeOut': 'True', 'HasTV': 'True', 'Corkage': 'False', 'OutdoorSeating': 'True', 'RestaurantsReservations': 'None', 'BYOB': 'False', 'DogsAllowed': 'True', 'RestaurantsDelivery': 'True'}","Cafes, Restaurants, Taiwanese, Desserts, Juice Bars & Smoothies, Coffee & Tea, Tea Rooms, Bubble Tea, Food","{'Monday': '12:0-21:0', 'Tuesday': '12:0-21:0', 'Wednesday': '12:0-21:0', 'Thursday': '12:0-21:0', 'Friday': '12:0-21:0', 'Saturday': '12:0-21:0', 'Sunday': '12:0-21:0'}"
jj9-k3CsTJz0a3_pP4RkJw,Tsaocaa & sushi corner,1042 South St,Philadelphia,PA,19147,39.942847,-75.159885,4.0,23,1,"{'BikeParking': 'True', 'RestaurantsTakeOut': 'True', 'BusinessAcceptsCreditCards': 'True', 'RestaurantsDelivery': 'True', 'BusinessParking': ""{u'valet': False, u'garage': True, u'street': True, u'lot': False, u'validated': False}""}","Food, Bubble Tea","{'Monday': '11:30-21:30', 'Wednesday': '11:30-21:30', 'Thursday': '11:30-21:30', 'Friday': '11:30-22:30', 'Saturday': '11:30-22:30', 'Sunday': '12:0-21:30'}"
UgvyukRCZidKkqtIeOVDMg,Gracious Goods Cafe,7601 115 St,Edmonton,AB,T6G 1N4,53.5124162,-113.5284091,3.0,22,0,"{'RestaurantsPriceRange2': '2', 'BusinessParking': ""{'garage': False, 'street': True, 'validated': False, 'lot': False, 'valet': False}"", 'OutdoorSeating': 'True', 'GoodForKids': 'True', 'RestaurantsGoodForGroups': 'True', 'DogsAllowed': 'False', 'Alcohol': ""u'beer_and_wine'"", 'HairSpecializesIn': ""{'perms': False, 'coloring': False, 'extensions': False, 'curly': False, 'kids': False}"", 'ByAppointmentOnly': 'True', 'HasTV': 'False', 'RestaurantsDelivery': 'True', 'RestaurantsTableService': 'True', 'NoiseLevel': ""u'average'"", 'RestaurantsTakeOut': 'True', 'BikeParking': 'False', 'Ambience': ""{'touristy': False, 'hipster': False, 'romantic': False, 'intimate': False, 'trendy': False, 'upscale': False, 'classy': True, 'casual': False}"", 'WheelchairAccessible': 'True', 'WiFi': ""u'no'"", 'RestaurantsAttire': ""u'casual'""}","Coffee & Tea, Cafes, Restaurants, Food, Bubble Tea, Breakfast & Brunch, Hair Salons, Beauty & Spas",
TZ_pTn6SeZwRcnx6v3bREQ,Tsaocaa,4415 Main St,Philadelphia,PA,19127,40.026369,-75.2251847,4.5,53,1,"{'NoiseLevel': ""u'average'"", 'HasTV': 'True', 'Caters': 'True', 'BikeParking': 'False', 'WiFi': ""u'free'"", 'BusinessAcceptsCreditCards': 'True', 'RestaurantsTakeOut': 'True', 'RestaurantsPriceRange2': '1', 'WheelchairAccessible': 'True', 'RestaurantsDelivery': 'True', 'BusinessParking': ""{u'valet': False, u'garage': True, u'street': True, u'lot': None, u'validated': None}""}","Ice Cream & Frozen Yogurt, Restaurants, Chicken Wings, Food, Bubble Tea",
B7nlRFe3EeQwAWpUpefGHA,Provisions Coffee & Kitchen,5862 Goldview Pkwy,Wesley Chapel,FL,33544,28.2418295018,-82.3519144186,4.5,261,1,"{'GoodForKids': 'True', 'Ambience': ""{'touristy': False, 'hipster': False, 'romantic': False, 'divey': False, 'intimate': False, 'trendy': False, 'upscale': False, 'classy': False, 'casual': True}"", 'BikeParking': 'True', 'HasTV': 'False', 'CoatCheck': 'False', 'BusinessAcceptsCreditCards': 'True', 'GoodForMeal': ""{'dessert': False, 'latenight': False, 'lunch': False, 'dinner': False, 'brunch': False, 'breakfast': False}"", 'RestaurantsReservations': 'False', 'OutdoorSeating': 'True', 'Smoking': ""u'no'"", 'WiFi': ""'free'"", 'RestaurantsGoodForGroups': 'True', 'Caters': 'True', 'RestaurantsAttire': ""u'casual'"", 'HappyHour': 'True', 'GoodForDancing': 'False', 'Music': ""{'dj': False, 'background_music': False, 'no_music': False, 'jukebox': False, 'live': False, 'video': False, 'karaoke': False}"", 'BYOB': 'False', 'WheelchairAccessible': 'True', 'NoiseLevel': ""'average'"", 'RestaurantsTableService': 'False', 'DriveThru': 'False', 'BusinessParking': ""{u'valet': False, u'garage': False, u'street': True, u'lot': False, u'validated': False}"", 'Alcohol': ""'beer_and_wine'"", 'RestaurantsPriceRange2': '1', 'RestaurantsDelivery': 'False', 'DogsAllowed': 'True', 'RestaurantsTakeOut': 'True'}","Bakeries, Coffee & Tea, Bars, Donuts, Beer Bar, Food, Bubble Tea, Restaurants, Nightlife, Breakfast & Brunch, Gluten-Free, Vegan, Cafes, Acai Bowls","{'Monday': '7:0-16:0', 'Tuesday': '7:0-16:0', 'Wednesday': '7:0-16:0', 'Thursday': '7:0-16:0', 'Friday': '7:0-12:0', 'Saturday': '8:0-14:0', 'Sunday': '8:0-16:0'}"
7hsCR9k_GND2QoQyVkITBg,Pho Voorhees,910 Haddonfield Berlin Rd,Voorhees,NJ,08043,39.8479771,-74.9772242,4.5,132,1,"{'DogsAllowed': 'False', 'RestaurantsTakeOut': 'True', 'WiFi': ""u'no'"", 'BikeParking': 'False', 'RestaurantsGoodForGroups': 'True', 'RestaurantsTableService': 'True', 'Alcohol': ""'none'"", 'NoiseLevel': ""'quiet'"", 'RestaurantsAttire': ""'casual'"", 'WheelchairAccessible': 'True', 'Caters': 'False', 'RestaurantsReservations': 'True', 'GoodForMeal': ""{'dessert': True, 'latenight': False, 'lunch': True, 'dinner': True, 'brunch': False, 'breakfast': False}"", 'BusinessAcceptsCreditCards': 'True', 'Ambience': ""{'touristy': False, 'hipster': False, 'romantic': False, 'divey': False, 'intimate': False, 'trendy': False, 'upscale': False, 'classy': False, 'casual': True}"", 'GoodForKids': 'True', 'HasTV': 'True', 'ByAppointmentOnly': 'False', 'HappyHour': 'False', 'RestaurantsPriceRange2': '2', 'OutdoorSeating': 'False', 'BusinessParking': ""{'garage': False, 'street': False, 'validated': False, 'lot': True, 'valet': False}"", 'BusinessAcceptsBitcoin': 'False', 'RestaurantsDelivery': 'True'}","Bubble Tea, Soup, Restaurants, Vietnamese, Food","{'Monday': '0:0-0:0', 'Tuesday': '11:0-20:0', 'Wednesday': '11:0-20:0', 'Thursday': '11:0-20:0', 'Friday': '11:0-20:0', 'Saturday': '11:0-20:0', 'Sunday': '11:0-20:0'}"
7BYO5bl1C4EoRrMlyAlqgg,BBQ Chicken,7034 Terminal Square,Upper Darby,PA,19082,39.9616198,-75.2625247,4.5,96,1,"{'BusinessAcceptsCreditCards': 'True', 'RestaurantsTableService': 'False', 'BusinessParking': ""{'garage': False, 'street': True, 'validated': False, 'lot': True, 'valet': False}"", 'DogsAllowed': 'False', 'RestaurantsGoodForGroups': 'True', 'WiFi': ""u'free'"", 'RestaurantsTakeOut': 'True', 'RestaurantsPriceRange2': '2', 'HasTV': 'True', 'HappyHour': 'True', 'BYOB': 'False', 'GoodForKids': 'True', 'Caters': 'True', 'OutdoorSeating': 'False', 'ByAppointmentOnly': 'False', 'GoodForMeal': ""{'dessert': False, 'latenight': False, 'lunch': False, 'dinner': False, 'brunch': False, 'breakfast': False}"", 'Alcohol': ""u'none'"", 'NoiseLevel': ""u'average'"", 'BikeParking': 'True', 'BusinessAcceptsBitcoin': 'False', 'RestaurantsDelivery': 'True', 'WheelchairAccessible': 'True', 'RestaurantsReservations': 'True', 'Ambience': ""{'touristy': None, 'hipster': None, 'romantic': None, 'divey': None, 'intimate': False, 'trendy': None, 'upscale': False, 'classy': False, 'casual': True}""}","Restaurants, Chicken Shop, Bubble Tea, Chicken Wings, Food, Korean","{'Monday': '0:0-0:0', 'Wednesday': '11:0-20:0', 'Thursday': '11:0-20:0', 'Friday': '11:0-20:0', 'Saturday': '11:0-20:0', 'Sunday': '11:0-20:0'}"
Pw6fbFqzYt3DfQardKyCBw,Bubble T,10015 109 Avenue,Edmonton,AB,T6A 1S6,53.555888,-113.493487,4.5,13,1,"{'RestaurantsPriceRange2': '1', 'WiFi': ""'no'"", 'OutdoorSeating': 'False', 'GoodForMeal': ""{'dessert': False, 'latenight': False, 'lunch': False, 'dinner': False, 'brunch': False, 'breakfast': False}"", 'BikeParking': 'False', 'HasTV': 'False', 'Ambience': ""{'touristy': False, 'hipster': False, 'romantic': False, 'intimate': False, 'trendy': False, 'upscale': False, 'classy': False, 'casual': False}"", 'BusinessParking': ""{'garage': False, 'street': True, 'validated': False, 'lot': False, 'valet': False}"", 'Caters': 'False', 'NoiseLevel': ""u'average'"", 'GoodForKids': 'True', 'RestaurantsGoodForGroups': 'True', 'RestaurantsReservations': 'False', 'RestaurantsTakeOut': 'True', 'Alcohol': ""'none'"", 'RestaurantsDelivery': 'True', 'RestaurantsAttire': ""'casual'""}","Food, Restaurants, Coffee & Tea, Bubble Tea, Taiwanese, Juice Bars & Smoothies","{'Monday': '11:30-20:0', 'Tuesday': '11:30-20:0', 'Wednesday': '11:30-20:0', 'Thursday': '11:30-20:0', 'Friday': '11:30-22:0', 'Saturday': '11:30-22:0', 'Sunday': '11:30-19:0'}"
UYkbkXVD-wK3OhXQrNJTGg,I Love Salad,"4825 E 96th St, Ste 300",Indianapolis,IN,46240,39.9257332,-86.0876415,4.5,89,0,"{'RestaurantsTakeOut': 'True', 'RestaurantsGoodForGroups': 'True', 'RestaurantsAttire': ""'casual'"", 'Ambience': ""{'romantic': False, 'intimate': False, 'classy': False, 'hipster': False, 'divey': False, 'touristy': False, 'trendy': False, 'upscale': False, 'casual': True}"", 'GoodForMeal': ""{'dessert': False, 'latenight': False, 'lunch': True, 'dinner': False, 'brunch': False, 'breakfast': False}"", 'RestaurantsReservations': 'False', 'HasTV': 'True', 'OutdoorSeating': 'False', 'GoodForKids': 'True', 'NoiseLevel': ""u'quiet'"", 'Caters': 'False', 'WiFi': ""u'free'"", 'RestaurantsTableService': 'True', 'BusinessParking': ""{'garage': False, 'street': None, 'validated': False, 'lot': False, 'valet': False}"", 'Alcohol': ""'none'"", 'BikeParking': 'False', 'BusinessAcceptsCreditCards': 'True', 'WheelchairAccessible': 'True', 'RestaurantsDelivery': 'True', 'RestaurantsPriceRange2': '2', 'DogsAllowed': 'False'}","Salad, American (Traditional), Korean, Bubble Tea, Food, Restaurants","{'Monday': '0:0-0:0', 'Tuesday': '11:0-18:0', 'Wednesday': '11:0-18:0', 'Thursday': '11:0-18:0', 'Friday': '11:0-18:0', 'Saturday': '11:0-18:0'}"
uX6A9XJV85TehzhG2bnncw,Happy Teriyaki - Broadway BSU,1011 Broadway Ave,Boise,ID,83706,43.6003301548,-116.1939362437,3.5,14,1,"{'BusinessAcceptsCreditCards': 'True', 'RestaurantsTakeOut': 'True', 'RestaurantsDelivery': 'True', 'WiFi': ""u'no'"", 'BusinessParking': ""{'garage': False, 'street': None, 'validated': False, 'lot': True, 'valet': False}""}","Bubble Tea, Seafood, Restaurants, Asian Fusion, Food","{'Monday': '11:0-21:0', 'Tuesday': '11:0-21:0', 'Wednesday': '11:0-21:0', 'Thursday': '11:0-21:0', 'Friday': '11:0-23:0', 'Saturday': '11:0-23:0'}"
llYsxQ0IuKh0HXULlqu6fw,Filipiniana Philippine Café,3848 W Waters Ave,Tampa,FL,33614,28.0244044188,-82.5072803646,4.0,108,1,"{'RestaurantsAttire': ""u'casual'"", 'RestaurantsReservations': 'False', 'Caters': 'False', 'BusinessParking': ""{'garage': False, 'street': False, 'validated': False, 'lot': True, 'valet': False}"", 'Alcohol': ""u'none'"", 'BusinessAcceptsCreditCards': 'True', 'HasTV': 'False', 'WiFi': ""u'free'"", 'GoodForKids': 'True', 'BikeParking': 'False', 'RestaurantsGoodForGroups': 'True', 'Ambience': ""{'romantic': False, 'intimate': False, 'classy': False, 'hipster': False, 'divey': False, 'touristy': False, 'trendy': False, 'upscale': False, 'casual': True}"", 'GoodForMeal': ""{'dessert': True, 'latenight': False, 'lunch': True, 'dinner': False, 'brunch': False, 'breakfast': False}"", 'RestaurantsTakeOut': 'None', 'DogsAllowed': 'False', 'ByAppointmentOnly': 'False', 'NoiseLevel': ""'average'"", 'RestaurantsPriceRange2': '2', 'OutdoorSeating': 'None', 'RestaurantsDelivery': 'True'}","Filipino, Restaurants, Bubble Tea, Food","{'Thursday': '10:0-16:0', 'Friday': '10:0-16:0', 'Saturday': '10:0-16:0', 'Sunday': '10:0-16:0'}"
0z1VO3Js0NdTOKLYDa15zw,Huong Sizzling Wok,4351 Lafayette Rd,Indianapolis,IN,46254,39.8338965,-86.2439925,4.0,102,1,"{'Alcohol': ""u'none'"", 'RestaurantsGoodForGroups': 'True', 'BusinessParking': ""{'garage': False, 'street': False, 'validated': False, 'lot': True, 'valet': False}"", 'RestaurantsTakeOut': 'True', 'BusinessAcceptsCreditCards': 'True', 'RestaurantsAttire': ""u'casual'"", 'RestaurantsReservations': 'False', 'Ambience': ""{'romantic': False, 'intimate': False, 'touristy': False, 'hipster': False, 'divey': False, 'classy': False, 'trendy': False, 'upscale': False, 'casual': True}"", 'GoodForKids': 'True', 'RestaurantsDelivery': 'False', 'Caters': 'False', 'WiFi': ""u'no'"", 'OutdoorSeating': 'False', 'NoiseLevel': ""u'quiet'"", 'GoodForMeal': ""{'dessert': False, 'latenight': False, 'lunch': True, 'dinner': True, 'brunch': False, 'breakfast': False}"", 'BikeParking': 'False', 'HasTV': 'True', 'DogsAllowed': 'False', 'RestaurantsPriceRange2': '2'}","Asian Fusion, Chinese, Vietnamese, Bubble Tea, Food, Korean, Restaurants","{'Monday': '11:0-22:0', 'Tuesday': '11:0-22:0', 'Wednesday': '11:0-22:0', 'Thursday': '11:0-22:0', 'Friday': '11:0-22:0', 'Saturday': '11:0-22:0'}"
x4BSeDfK8AFeguTRELNgUg,Mr.Wish KOP,"690 W Dekalb Pike, Ste 1071",King of Prussia,PA,19406,40.0897450162,-75.3856004863,4.0,47,1,"{'RestaurantsDelivery': 'False', 'RestaurantsGoodForGroups': 'False', 'GoodForKids': 'True', 'BusinessAcceptsCreditCards': 'True', 'Caters': 'False', 'HasTV': 'True', 'GoodForMeal': ""{'dessert': False, 'latenight': False, 'lunch': False, 'dinner': False, 'brunch': False, 'breakfast': False}"", 'WiFi': ""'free'"", 'Ambience': ""{'touristy': False, 'hipster': False, 'romantic': False, 'divey': False, 'intimate': False, 'trendy': False, 'upscale': False, 'classy': False, 'casual': False}"", 'RestaurantsAttire': ""u'casual'"", 'BusinessParking': ""{'garage': True, 'street': False, 'validated': False, 'lot': None, 'valet': False}"", 'NoiseLevel': ""u'average'"", 'RestaurantsTakeOut': 'True', 'HappyHour': 'True', 'Alcohol': ""'none'"", 'RestaurantsReservations': 'False', 'RestaurantsPriceRange2': '1', 'DogsAllowed': 'False', 'RestaurantsTableService': 'False', 'BikeParking': 'False'}","Cafes, Food, Restaurants, Juice Bars & Smoothies, Bubble Tea","{'Monday': '10:0-21:0', 'Tuesday': '10:0-21:0', 'Wednesday': '10:0-21:0', 'Thursday': '10:0-21:0', 'Friday': '10:0-21:0', 'Saturday': '10:0-21:0', 'Sunday': '11:0-18:0'}"
YTxOgn-vquErIXTA97Lrlw,Tranquili Tea Temple,"160 N Gulph Rd, Ste 3061",King of Prussia,PA,19406,40.089033,-75.387388,5.0,5,1,"{'BusinessParking': ""{'garage': False, 'street': False, 'validated': False, 'lot': False, 'valet': False}"", 'RestaurantsTakeOut': 'True', 'RestaurantsDelivery': 'True'}","Flowers & Gifts, Food, Tea Rooms, Spiritual Shop, Bubble Tea, Shopping","{'Monday': '0:0-0:0', 'Tuesday': '11:0-19:0', 'Wednesday': '11:0-19:0', 'Thursday': '11:0-19:0', 'Friday': '11:0-19:0', 'Saturday': '11:0-19:0', 'Sunday': '12:0-18:0'}"
mcr1lAEdvGLMJhuPwI3I2A,101 Taiwanese Cuisine,"400 W 5th St, Ste 104",Reno,NV,89503,39.5298674133,-119.8201728092,4.0,1145,1,"{'RestaurantsPriceRange2': '2', 'Alcohol': ""u'beer_and_wine'"", 'HasTV': 'True', 'WiFi': ""u'free'"", 'OutdoorSeating': 'False', 'BusinessAcceptsCreditCards': 'True', 'RestaurantsTakeOut': 'True', 'RestaurantsGoodForGroups': 'True', 'GoodForKids': 'True', 'RestaurantsAttire': ""u'casual'"", 'BikeParking': 'False', 'RestaurantsDelivery': 'True', 'NoiseLevel': ""u'average'"", 'BusinessParking': ""{'garage': False, 'street': True, 'validated': False, 'lot': True, 'valet': False}"", 'GoodForMeal': ""{'dessert': False, 'latenight': False, 'lunch': True, 'dinner': True, 'brunch': False, 'breakfast': False}"", 'BusinessAcceptsBitcoin': 'False', 'WheelchairAccessible': 'True', 'Ambience': ""{'touristy': False, 'hipster': False, 'romantic': False, 'divey': False, 'intimate': False, 'trendy': False, 'upscale': False, 'classy': True, 'casual': True}"", 'Caters': 'False', 'RestaurantsTableService': 'True', 'HappyHour': 'False', 'DogsAllowed': 'False', 'RestaurantsReservations': 'True', 'ByAppointmentOnly': 'False'}","Food, Restaurants, Chinese, Bubble Tea, Taiwanese","{'Monday': '0:0-0:0', 'Wednesday': '16:30-21:0', 'Thursday': '16:30-21:0', 'Friday': '16:30-21:0', 'Saturday': '16:30-21:0', 'Sunday': '16:30-21:0'}"
jSr8KHVtQWgC_S_xNyrG5w,Dream Tea House,7912 104 Street NW,Edmonton,AB,T6E 4C8,53.5154531528,-113.49995082,4.0,65,1,"{'OutdoorSeating': 'False', 'WiFi': ""u'free'"", 'RestaurantsPriceRange2': '1', 'BikeParking': 'True', 'Caters': 'False', 'RestaurantsDelivery': 'True', 'BusinessParking': ""{'garage': False, 'street': False, 'validated': False, 'lot': True, 'valet': False}"", 'RestaurantsTakeOut': 'True'}","Coffee & Tea, Tea Rooms, Food, Bubble Tea","{'Monday': '12:0-21:0', 'Tuesday': '12:0-21:0', 'Wednesday': '12:0-21:0', 'Thursday': '12:0-21:0', 'Friday': '12:0-21:0', 'Saturday': '12:0-21:0', 'Sunday': '12:0-21:0'}"
1HvcyPlk_tA3MfyeUz9_Xg,Mr Wish,5201 Rte 38 W,Pennsauken,NJ,08109,39.9360236,-75.0659514,3.5,8,1,"{'RestaurantsTakeOut': 'True', 'RestaurantsDelivery': 'True'}","Bubble Tea, Juice Bars & Smoothies, Food","{'Monday': '10:0-21:0', 'Tuesday': '10:0-21:0', 'Wednesday': '10:0-21:0', 'Thursday': '10:0-21:0', 'Friday': '10:0-22:0', 'Saturday': '9:0-22:0', 'Sunday': '10:0-21:0'}"
iwYEJXSabFsVK2Au4fdWLA,BAMBU,6009 Mansion Blvd,Pennsauken,NJ,08109,39.9358409,-75.0608032,4.5,28,0,"{'BusinessAcceptsCreditCards': 'True', 'RestaurantsPriceRange2': '2', 'RestaurantsTakeOut': 'True', 'WiFi': ""'free'"", 'OutdoorSeating': 'False', 'BusinessParking': ""{'garage': False, 'street': False, 'validated': False, 'lot': True, 'valet': False}""}","Food, Bubble Tea, Juice Bars & Smoothies, Vietnamese, Coffee & Tea, Restaurants","{'Monday': '9:30-10:0', 'Tuesday': '9:30-16:0', 'Wednesday': '9:30-21:0', 'Thursday': '9:30-21:0', 'Friday': '9:30-21:0', 'Saturday': '9:30-21:0', 'Sunday': '9:30-20:0'}"
xNXQkCkiUzswX5rd7DM-Dg,Yumioca,5940-104 Street NW,Edmonton,AB,T6H 2K3,53.4969158,-113.4981701,3.0,15,0,"{'RestaurantsReservations': 'False', 'Ambience': ""{'touristy': False, 'hipster': False, 'romantic': False, 'intimate': False, 'trendy': False, 'upscale': False, 'classy': False, 'casual': False}"", 'Caters': 'False', 'OutdoorSeating': 'False', 'BusinessAcceptsCreditCards': 'True', 'HasTV': 'False', 'RestaurantsDelivery': 'False', 'RestaurantsTakeOut': 'True', 'RestaurantsPriceRange2': '1', 'RestaurantsAttire': ""'casual'"", 'BusinessParking': ""{'garage': False, 'street': False, 'validated': False, 'lot': False, 'valet': False}"", 'RestaurantsGoodForGroups': 'True', 'GoodForKids': 'True', 'BikeParking': 'True'}","Food, Cafes, Desserts, Restaurants, Shaved Snow, Chinese, Bubble Tea, Coffee & Tea","{'Monday': '13:0-22:0', 'Wednesday': '13:0-22:0', 'Thursday': '13:0-22:0', 'Friday': '13:0-23:0', 'Saturday': '13:0-23:0', 'Sunday': '13:0-22:0'}"
fLeD_h6uD4yEN2ciI08RiA,Bubble Shack,3205 Concord Pike,Wilmington,DE,19803,39.8007212,-75.5476695,4.5,97,1,"{'BikeParking': 'False', 'Alcohol': ""'none'"", 'RestaurantsAttire': ""'casual'"", 'BusinessAcceptsCreditCards': 'True', 'GoodForMeal': ""{'dessert': False, 'latenight': False, 'lunch': False, 'dinner': False, 'brunch': False, 'breakfast': False}"", 'NoiseLevel': ""'average'"", 'HasTV': 'True', 'Caters': 'False', 'OutdoorSeating': 'None', 'RestaurantsTableService': 'True', 'GoodForKids': 'True', 'RestaurantsTakeOut': 'True', 'DogsAllowed': 'False', 'WheelchairAccessible': 'True', 'Ambience': ""{'touristy': False, 'hipster': False, 'romantic': False, 'divey': False, 'intimate': False, 'trendy': False, 'upscale': False, 'classy': False, 'casual': True}"", 'RestaurantsPriceRange2': '1', 'RestaurantsReservations': 'False', 'WiFi': ""'free'"", 'BusinessParking': ""{'garage': False, 'street': False, 'validated': False, 'lot': True, 'valet': False}"", 'RestaurantsGoodForGroups': 'True', 'HappyHour': 'True', 'RestaurantsDelivery': 'True'}","Sandwiches, Asian Fusion, Food, Vietnamese, Restaurants, Bubble Tea","{'Monday': '0:0-0:0', 'Tuesday': '10:30-17:0', 'Wednesday': '10:30-17:0', 'Thursday': '10:30-17:0', 'Friday': '10:30-17:0', 'Saturday': '10:30-17:0', 'Sunday': '10:30-17:0'}"
zun6IVJa7wYe3wAPqWnPGw,PokeDoke,8 S Euclid Ave,St. Louis,MO,63108,38.6399524512,-90.2620571301,4.5,174,1,"{'RestaurantsAttire': ""u'casual'"", 'RestaurantsTableService': 'False', 'NoiseLevel': ""u'average'"", 'RestaurantsTakeOut': 'True', 'Caters': 'True', 'DogsAllowed': 'False', 'RestaurantsPriceRange2': '2', 'RestaurantsDelivery': 'True', 'WheelchairAccessible': 'True', 'Ambience': ""{'touristy': False, 'hipster': False, 'romantic': False, 'divey': False, 'intimate': False, 'trendy': False, 'upscale': False, 'classy': False, 'casual': False}"", 'BikeParking': 'True', 'BusinessAcceptsCreditCards': 'True', 'BusinessParking': ""{'garage': True, 'street': True, 'validated': False, 'lot': False, 'valet': False}""}","Sushi Bars, Bubble Tea, Hawaiian, Food, Poke, Restaurants","{'Monday': '0:0-0:0', 'Tuesday': '11:0-21:0', 'Wednesday': '11:0-21:0', 'Thursday': '11:0-21:0', 'Friday': '11:0-22:0', 'Saturday': '11:0-22:0', 'Sunday': '11:0-21:0'}"
8ywbOBjzW0GgXlD0tUxCVQ,Crave,"300 Indian Lake Blvd, Ste D260",Hendersonville,TN,37075,36.329738,-86.591487,3.0,27,1,"{'BusinessAcceptsCreditCards': 'True', 'WheelchairAccessible': 'True', 'RestaurantsDelivery': 'False', 'RestaurantsTakeOut': 'True', 'Caters': 'False', 'BikeParking': 'False', 'WiFi': ""u'free'""}","Bubble Tea, Ice Cream & Frozen Yogurt, Food, Desserts","{'Monday': '10:0-21:0', 'Tuesday': '10:0-21:0', 'Wednesday': '10:0-21:0', 'Thursday': '10:0-21:0', 'Friday': '10:0-21:0', 'Saturday': '10:0-21:0', 'Sunday': '10:0-21:0'}"
5rryuz2myZJI0EfWtrTMxw,MIUCHA,222 N 10th St,Philadelphia,PA,19107,39.9562052,-75.155914,3.5,122,0,"{'BusinessAcceptsCreditCards': 'True', 'WheelchairAccessible': 'False', 'GoodForKids': 'True', 'RestaurantsDelivery': 'True', 'RestaurantsTakeOut': 'True', 'RestaurantsPriceRange2': '1', 'Caters': 'False', 'BikeParking': 'True', 'BusinessParking': ""{'garage': False, 'street': True, 'validated': False, 'lot': False, 'valet': False}"", 'NoiseLevel': ""u'average'""}","Food, Bubble Tea","{'Monday': '11:0-22:0', 'Tuesday': '11:0-22:0', 'Wednesday': '11:0-22:0', 'Thursday': '11:0-22:0', 'Friday': '11:0-23:0', 'Saturday': '11:0-23:0', 'Sunday': '11:0-22:0'}"
9c7MUiE6VI8NesjPdj5FkA,Bubblefish,909 Arch St,Philadelphia,PA,19107,39.9536791,-75.1551081,4.0,544,1,"{'RestaurantsReservations': 'True', 'Caters': 'True', 'BusinessParking': ""{'garage': False, 'street': True, 'validated': False, 'lot': False, 'valet': False}"", 'Alcohol': ""u'none'"", 'BikeParking': 'False', 'GoodForMeal': ""{'dessert': True, 'latenight': False, 'lunch': True, 'dinner': True, 'brunch': False, 'breakfast': False}"", 'RestaurantsGoodForGroups': 'True', 'RestaurantsAttire': ""u'casual'"", 'GoodForKids': 'True', 'Ambience': ""{'touristy': False, 'hipster': False, 'romantic': False, 'divey': False, 'intimate': False, 'trendy': True, 'upscale': False, 'classy': True, 'casual': True}"", 'RestaurantsPriceRange2': '2', 'HasTV': 'False', 'BusinessAcceptsCreditCards': 'True', 'OutdoorSeating': 'None', 'NoiseLevel': ""u'average'"", 'RestaurantsTakeOut': 'True', 'WiFi': ""u'free'"", 'DogsAllowed': 'False', 'RestaurantsDelivery': 'True', 'RestaurantsTableService': 'True', 'WheelchairAccessible': 'True', 'HappyHour': 'False', 'ByAppointmentOnly': 'False'}","Restaurants, Sushi Bars, Japanese, Bubble Tea, Taiwanese, Food","{'Monday': '11:0-23:30', 'Tuesday': '11:0-23:30', 'Wednesday': '11:0-23:30', 'Thursday': '11:0-23:30', 'Friday': '11:0-0:30', 'Saturday': '11:0-0:30', 'Sunday': '11:0-23:30'}"
NclhxRbf369-sVEKDNmdaQ,Tsaocaa,1715 Chestnut St,Philadelphia,PA,19103,39.9516409,-75.1693482,3.5,20,1,"{'BusinessParking': ""{'garage': False, 'street': False, 'validated': False, 'lot': False, 'valet': False}"", 'RestaurantsTakeOut': 'True', 'RestaurantsDelivery': 'True'}","Food, Bubble Tea, Juice Bars & Smoothies",
p6zCE-CRFFLtjlrtn6kyCg,Tea Hub,4246 N 1st Ave,Tucson,AZ,85719,32.2842075,-110.9593255,3.0,5,1,"{'RestaurantsDelivery': 'True', 'RestaurantsTakeOut': 'True', 'RestaurantsPriceRange2': '2'}","Food, Bubble Tea, Coffee & Tea",
V9AitNEoxNsQhfx8Xpu55g,L'amour Doux,925 Behrman Hwy,Terrytown,LA,70056,29.89141,-90.01877,3.5,8,0,"{'WiFi': ""'free'"", 'BusinessAcceptsCreditCards': 'True', 'RestaurantsPriceRange2': '1', 'BusinessParking': ""{'garage': False, 'street': False, 'validated': False, 'lot': False, 'valet': False}"", 'RestaurantsTakeOut': 'True', 'BikeParking': 'True'}","Coffee & Tea, Food, Bakeries, Bubble Tea","{'Monday': '9:0-22:0', 'Tuesday': '9:0-22:0', 'Wednesday': '9:0-22:0', 'Thursday': '9:0-22:0', 'Friday': '9:0-22:0', 'Saturday': '9:0-22:0', 'Sunday': '9:0-22:0'}"
UnAvkWNib0F3lHtMwikt8Q,Poke It Up,160 N Gulph Rd,King of Prussia,PA,19406,40.0878835726,-75.3933076031,5.0,49,1,"{'WiFi': ""u'free'"", 'BusinessParking': ""{'garage': False, 'street': False, 'validated': False, 'lot': False, 'valet': False}"", 'OutdoorSeating': 'None', 'BikeParking': 'True', 'Caters': 'True', 'WheelchairAccessible': 'True', 'GoodForMeal': ""{'dessert': False, 'latenight': False, 'lunch': False, 'dinner': False, 'brunch': False, 'breakfast': False}"", 'Alcohol': ""u'none'"", 'RestaurantsReservations': 'False', 'HasTV': 'False', 'BusinessAcceptsBitcoin': 'False', 'BusinessAcceptsCreditCards': 'True', 'RestaurantsDelivery': 'True', 'Ambience': ""{'touristy': False, 'hipster': False, 'romantic': False, 'divey': False, 'intimate': False, 'trendy': False, 'upscale': False, 'classy': False, 'casual': False}"", 'DogsAllowed': 'True', 'RestaurantsTableService': 'False', 'RestaurantsTakeOut': 'True'}","Food, Hawaiian, Restaurants, Bubble Tea, Poke, Salad","{'Monday': '10:0-21:0', 'Tuesday': '10:0-21:0', 'Wednesday': '10:0-21:0', 'Thursday': '10:0-21:0', 'Friday': '10:0-21:0', 'Saturday': '10:0-21:0', 'Sunday': '11:0-18:0'}"
kXfVql_wkaS7agu6gpzEkw,Bubble Tea Station Cafe,"1495 E Prater Way, Ste 111",Sparks,NV,89434,39.5415389047,-119.7162550094,4.0,151,1,"{'DogsAllowed': 'False', 'Caters': 'False', 'BikeParking': 'True', 'NoiseLevel': ""u'average'"", 'RestaurantsDelivery': 'True', 'RestaurantsTakeOut': 'None', 'WheelchairAccessible': 'True', 'BusinessParking': ""{'garage': False, 'street': None, 'validated': False, 'lot': None, 'valet': False}"", 'RestaurantsPriceRange2': '2', 'BusinessAcceptsCreditCards': 'True', 'GoodForKids': 'True'}","Coffee & Tea, Restaurants, Food, Bubble Tea, Desserts, Creperies","{'Monday': '11:0-20:0', 'Tuesday': '11:0-20:0', 'Wednesday': '11:0-20:0', 'Thursday': '11:0-20:0', 'Friday': '11:0-19:0', 'Saturday': '11:0-20:0', 'Sunday': '11:0-19:0'}"
EHNtEYL9GXsv1sbKChMMWw,Stix Asian Eatery,1225 Fitzwater St,Philadelphia,PA,19147,39.9416094,-75.1631687,4.0,18,0,"{'WiFi': ""u'free'"", 'Alcohol': ""u'none'"", 'Caters': 'True', 'GoodForKids': 'True', 'RestaurantsAttire': ""u'casual'"", 'BusinessAcceptsCreditCards': 'True', 'RestaurantsTakeOut': 'True', 'RestaurantsGoodForGroups': 'False', 'RestaurantsPriceRange2': '1', 'RestaurantsDelivery': 'True', 'HasTV': 'True', 'Ambience': ""{'romantic': False, 'intimate': False, 'touristy': False, 'hipster': False, 'divey': False, 'classy': False, 'trendy': False, 'upscale': False, 'casual': False}"", 'OutdoorSeating': 'False', 'RestaurantsReservations': 'False', 'NoiseLevel': ""u'quiet'"", 'BusinessParking': ""{'garage': False, 'street': True, 'validated': False, 'lot': False, 'valet': False}""}","Korean, Restaurants, Asian Fusion, Chinese, Sandwiches, Salad, Food, Bubble Tea",
KLBWUdr0nrrK2mPBj0qg_A,Wishing Town Bakery Cafe,701 David Dr,Metairie,LA,70003,29.9830682,-90.21225,4.5,56,0,"{'OutdoorSeating': 'True', 'RestaurantsPriceRange2': '1', 'Caters': 'True', 'GoodForKids': 'True', 'RestaurantsDelivery': 'True', 'RestaurantsTakeOut': 'True', 'HasTV': 'True', 'RestaurantsTableService': 'False', 'BusinessParking': ""{'garage': False, 'street': False, 'validated': False, 'lot': False, 'valet': False}"", 'HappyHour': 'True', 'RestaurantsReservations': 'False', 'Alcohol': ""'none'"", 'BikeParking': 'True', 'GoodForMeal': ""{'dessert': False, 'latenight': False, 'lunch': False, 'dinner': False, 'brunch': False, 'breakfast': False}"", 'BusinessAcceptsCreditCards': 'True', 'Ambience': ""{'touristy': False, 'hipster': False, 'romantic': False, 'divey': False, 'intimate': False, 'trendy': False, 'upscale': False, 'classy': False, 'casual': True}"", 'RestaurantsGoodForGroups': 'True', 'WheelchairAccessible': 'True', 'WiFi': ""u'free'""}","Restaurants, Bubble Tea, Patisserie/Cake Shop, Cafeteria, Coffee & Tea, Food, Cafes, Bakeries, Breakfast & Brunch",{'Monday': '0:0-0:0'}
rVT63ENrSAsx3Nwk3ofMbg,Supreme Kreme,2309 B 8th Ave S,Nashville,TN,37204,36.127448,-86.7778715,3.5,67,0,"{'BusinessAcceptsCreditCards': 'True', 'Caters': 'False', 'BikeParking': 'True', 'BusinessParking': ""{'garage': False, 'street': False, 'validated': False, 'lot': True, 'valet': False}"", 'RestaurantsTakeOut': 'True', 'RestaurantsPriceRange2': '2', 'WiFi': ""'no'""}","Ice Cream & Frozen Yogurt, Desserts, Bubble Tea, Food","{'Monday': '12:0-21:0', 'Tuesday': '12:0-21:0', 'Wednesday': '12:0-21:0', 'Thursday': '12:0-21:0', 'Friday': '12:0-21:0', 'Saturday': '12:0-21:0', 'Sunday': '12:0-18:0'}"
Js3m_GdqNUGnEgXJ8WMtfQ,Hana Kitchen,503 State St,Santa Barbara,CA,93101,34.416504,-119.6956177,3.0,253,1,"{'RestaurantsDelivery': 'True', 'DogsAllowed': 'False', 'RestaurantsAttire': ""'casual'"", 'WheelchairAccessible': 'True', 'RestaurantsPriceRange2': '1', 'RestaurantsGoodForGroups': 'False', 'BusinessAcceptsBitcoin': 'False', 'BusinessAcceptsCreditCards': 'True', 'RestaurantsTableService': 'False', 'Caters': 'True', 'GoodForMeal': ""{'dessert': False, 'latenight': True, 'lunch': False, 'dinner': True, 'brunch': False, 'breakfast': False}"", 'Alcohol': ""u'beer_and_wine'"", 'RestaurantsReservations': 'False', 'BikeParking': 'True', 'BusinessParking': ""{'garage': False, 'street': True, 'validated': False, 'lot': True, 'valet': False}"", 'OutdoorSeating': 'True', 'GoodForKids': 'True', 'RestaurantsTakeOut': 'True', 'NoiseLevel': ""'average'"", 'Ambience': ""{'touristy': False, 'hipster': False, 'romantic': False, 'divey': False, 'intimate': False, 'trendy': False, 'upscale': False, 'classy': False, 'casual': True}"", 'HasTV': 'True', 'WiFi': ""u'free'"", 'HappyHour': 'True'}","Bubble Tea, Restaurants, Food, Asian Fusion, Vegan, Acai Bowls","{'Monday': '11:0-21:0', 'Tuesday': '11:0-21:0', 'Wednesday': '11:0-21:0', 'Thursday': '11:0-21:0', 'Friday': '11:0-2:0', 'Saturday': '11:0-2:0', 'Sunday': '11:0-21:0'}"
A4HxaMk6EZlieG7jr6FB3w,HaoTea,"2825 Cottman Ave, Unit 3",Philadelphia,PA,19149,40.0436742233,-75.0521555704,3.0,9,1,{'RestaurantsDelivery': 'None'},"Bubble Tea, Coffee & Tea, Food","{'Monday': '11:0-21:0', 'Tuesday': '11:0-21:0', 'Wednesday': '11:0-21:0', 'Thursday': '11:0-21:0', 'Friday': '11:0-21:0', 'Saturday': '11:0-21:0', 'Sunday': '11:0-21:0'}"
2RtyOlU9mwyVisvgOECaDA,Uniboil,"5599 Hollister Ave, Unit C",Goleta,CA,93117,34.4354208,-119.8203772,4.0,209,1,"{'NoiseLevel': ""u'average'"", 'BusinessParking': ""{'garage': False, 'street': False, 'validated': False, 'lot': True, 'valet': False}"", 'RestaurantsTakeOut': 'True', 'Ambience': ""{'touristy': False, 'hipster': False, 'romantic': False, 'divey': False, 'intimate': False, 'trendy': True, 'upscale': False, 'classy': False, 'casual': True}"", 'Alcohol': ""'none'"", 'HappyHour': 'False', 'RestaurantsGoodForGroups': 'True', 'WheelchairAccessible': 'True', 'GoodForKids': 'True', 'OutdoorSeating': 'True', 'Caters': 'False', 'BusinessAcceptsCreditCards': 'True', 'RestaurantsAttire': ""u'casual'"", 'RestaurantsDelivery': 'True', 'BikeParking': 'True', 'GoodForMeal': ""{'dessert': False, 'latenight': False, 'lunch': False, 'dinner': False, 'brunch': False, 'breakfast': False}"", 'Corkage': 'False', 'DogsAllowed': 'True', 'RestaurantsPriceRange2': '2', 'RestaurantsTableService': 'True', 'RestaurantsReservations': 'True', 'BYOB': 'True', 'WiFi': ""u'free'"", 'HasTV': 'False', 'ByAppointmentOnly': 'False'}","Food, Bubble Tea, Chinese, Restaurants, Asian Fusion, Hot Pot","{'Monday': '0:0-0:0', 'Tuesday': '11:30-20:30', 'Wednesday': '11:30-20:30', 'Thursday': '11:30-20:30', 'Friday': '11:30-20:30', 'Saturday': '11:30-20:30', 'Sunday': '11:30-20:30'}"
wJPK_kvtnlbcY6JExUxngg,Mad Hatters Kava Bar,4685 28th St N,Saint Petersburg,FL,33714,27.8144606,-82.6710014,4.0,141,1,"{'Music': ""{'jukebox': True}"", 'WiFi': ""'free'"", 'HappyHour': 'False', 'CoatCheck': 'False', 'RestaurantsGoodForGroups': 'True', 'NoiseLevel': ""'average'"", 'BusinessAcceptsCreditCards': 'True', 'RestaurantsReservations': 'True', 'Alcohol': ""u'none'"", 'BusinessParking': ""{'garage': False, 'street': False, 'validated': False, 'lot': True, 'valet': False}"", 'RestaurantsTakeOut': 'True', 'OutdoorSeating': 'True', 'Caters': 'False', 'Ambience': ""{'touristy': False, 'hipster': True, 'romantic': False, 'divey': False, 'intimate': False, 'trendy': False, 'upscale': False, 'classy': False, 'casual': True}"", 'Smoking': ""u'outdoor'"", 'GoodForDancing': 'False', 'BusinessAcceptsBitcoin': 'True', 'HasTV': 'True', 'WheelchairAccessible': 'True', 'RestaurantsPriceRange2': '2', 'RestaurantsDelivery': 'True', 'ByAppointmentOnly': 'False', 'BestNights': ""{'monday': False, 'tuesday': True, 'friday': True, 'wednesday': False, 'thursday': False, 'sunday': False, 'saturday': True}"", 'DogsAllowed': 'True', 'GoodForKids': 'False', 'BYOB': 'False', 'BikeParking': 'False'}","Food, Juice Bars & Smoothies, Tea Rooms, Nightlife, Bars, Lounges, Hookah Bars, Bubble Tea, Kombucha, Coffee & Tea","{'Monday': '0:0-0:0', 'Tuesday': '0:0-0:0', 'Wednesday': '0:0-0:0', 'Thursday': '0:0-0:0', 'Friday': '0:0-0:0', 'Saturday': '0:0-0:0', 'Sunday': '0:0-0:0'}"
pCxSjSpNUh4ry3dBWPEvmw,Teacup2go,2960 Ellwood Drive SW,Edmonton,AB,T6X 0A9,53.4299478,-113.4787583,4.5,17,1,"{'Alcohol': ""u'none'"", 'Ambience': ""{'touristy': False, 'hipster': False, 'romantic': False, 'intimate': False, 'trendy': False, 'upscale': False, 'classy': False, 'casual': True}"", 'RestaurantsTableService': 'False', 'BusinessParking': ""{'garage': False, 'street': False, 'validated': False, 'lot': True, 'valet': False}"", 'Caters': 'False', 'OutdoorSeating': 'False', 'GoodForMeal': ""{'dessert': False, 'latenight': False, 'lunch': False, 'dinner': False, 'brunch': False, 'breakfast': False}"", 'RestaurantsReservations': 'False', 'RestaurantsAttire': ""u'casual'"", 'NoiseLevel': ""u'quiet'"", 'RestaurantsPriceRange2': '1', 'GoodForKids': 'True', 'RestaurantsTakeOut': 'True', 'BikeParking': 'True', 'WiFi': ""u'free'"", 'RestaurantsDelivery': 'True', 'HasTV': 'False', 'WheelchairAccessible': 'True', 'RestaurantsGoodForGroups': 'True'}","Cafes, Restaurants, Hot Dogs, Food, Bubble Tea, Juice Bars & Smoothies, Japanese","{'Monday': '12:0-19:30', 'Tuesday': '12:0-19:30', 'Wednesday': '12:0-19:30', 'Thursday': '12:0-19:30', 'Friday': '12:0-19:30', 'Saturday': '12:0-19:30'}"
1pd4VYTww1UWDVai2r2RKg,805 Boba,213 Paseo Nuevo,Santa Barbara,CA,93101,34.4189482,-119.69974,3.0,248,1,"{'GoodForMeal': ""{'dessert': False, 'latenight': False, 'lunch': False, 'dinner': False, 'brunch': False, 'breakfast': False}"", 'WiFi': ""'free'"", 'RestaurantsPriceRange2': '1', 'WheelchairAccessible': 'True', 'RestaurantsTakeOut': 'True', 'Caters': 'False', 'Alcohol': ""'none'"", 'BusinessAcceptsCreditCards': 'True', 'BusinessParking': ""{u'valet': False, u'garage': True, u'street': True, u'lot': False, u'validated': False}"", 'GoodForKids': 'True', 'RestaurantsDelivery': 'True', 'ByAppointmentOnly': 'False', 'BikeParking': 'True'}","Bubble Tea, Juice Bars & Smoothies, Food","{'Monday': '12:0-19:0', 'Tuesday': '12:0-19:0', 'Wednesday': '12:0-19:0', 'Thursday': '12:0-19:0', 'Friday': '12:0-19:0', 'Saturday': '12:0-19:0', 'Sunday': '12:0-19:0'}"
Mhqq0BaP2CinaPiZCYWVOw,Kung Fu Tea,2222 Cottman Ave,Philadelphia,PA,19149,40.0485579811,-75.0619283618,3.0,88,1,"{'WiFi': ""'free'"", 'OutdoorSeating': 'False', 'ByAppointmentOnly': 'False', 'RestaurantsTakeOut': 'True', 'BikeParking': 'False', 'DogsAllowed': 'True', 'BusinessAcceptsCreditCards': 'True', 'BusinessAcceptsBitcoin': 'False', 'GoodForKids': 'True', 'WheelchairAccessible': 'True', 'RestaurantsDelivery': 'False', 'Caters': 'True', 'BusinessParking': ""{'garage': False, 'street': True, 'validated': False, 'lot': True, 'valet': False}"", 'RestaurantsPriceRange2': '2', 'DriveThru': 'False'}","Food, Bubble Tea, Coffee & Tea, Juice Bars & Smoothies","{'Monday': '11:0-22:0', 'Tuesday': '11:0-22:0', 'Wednesday': '11:0-22:0', 'Thursday': '11:0-22:0', 'Friday': '11:0-22:0', 'Saturday': '11:0-22:0', 'Sunday': '11:0-22:0'}"
C3W3tf6R91zLIlvF64Fleg,Kung Fu Tea,8 E State St,Media,PA,19063,39.9177394,-75.3890819,4.0,31,1,"{'DogsAllowed': 'False', 'NoiseLevel': ""u'average'"", 'RestaurantsTakeOut': 'True', 'OutdoorSeating': 'True', 'BusinessParking': ""{'garage': True, 'street': False, 'validated': False, 'lot': False, 'valet': False}"", 'BusinessAcceptsCreditCards': 'True', 'RestaurantsDelivery': 'True', 'WiFi': ""u'free'""}","Food, Juice Bars & Smoothies, Coffee & Tea, Bubble Tea","{'Tuesday': '11:0-20:0', 'Wednesday': '11:0-20:0', 'Thursday': '11:0-20:0', 'Friday': '11:0-20:30', 'Saturday': '11:0-20:30', 'Sunday': '11:0-20:0'}"
kqt8O-XxMkE6ga42IPa7sA,SUSHI KOI,4 N Euclid Ave,St Louis,MO,63108,38.640566,-90.2619911,4.5,186,1,"{'RestaurantsPriceRange2': '2', 'RestaurantsAttire': ""u'casual'"", 'CoatCheck': 'False', 'WiFi': ""u'free'"", 'HasTV': 'True', 'WheelchairAccessible': 'True', 'BusinessAcceptsCreditCards': 'True', 'GoodForKids': 'True', 'Alcohol': ""u'full_bar'"", 'HappyHour': 'False', 'RestaurantsGoodForGroups': 'False', 'NoiseLevel': ""u'quiet'"", 'OutdoorSeating': 'True', 'RestaurantsDelivery': 'True', 'Ambience': ""{'touristy': False, 'hipster': False, 'romantic': False, 'divey': False, 'intimate': None, 'trendy': None, 'upscale': False, 'classy': False, 'casual': True}"", 'DogsAllowed': 'False', 'GoodForMeal': ""{'dessert': False, 'latenight': False, 'lunch': True, 'dinner': True, 'brunch': None, 'breakfast': False}"", 'Smoking': ""u'outdoor'"", 'BusinessParking': ""{'garage': True, 'street': True, 'validated': False, 'lot': False, 'valet': False}"", 'Caters': 'True', 'BikeParking': 'True', 'RestaurantsTableService': 'False', 'RestaurantsReservations': 'False', 'RestaurantsTakeOut': 'True'}","Japanese, Sushi Bars, Bars, Food, Restaurants, Bubble Tea, Cocktail Bars, Nightlife","{'Monday': '16:0-21:0', 'Tuesday': '16:0-21:0', 'Wednesday': '16:0-21:0', 'Thursday': '16:0-21:0', 'Friday': '16:0-21:30', 'Saturday': '16:0-21:30'}"
Ku1tYMgJtiURXFR_1dTtsA,Keva Juice,5102 Meadowood Mall Cir,Reno,NV,89502,39.4741529,-119.783067,3.0,47,1,"{'RestaurantsPriceRange2': '2', 'WiFi': ""u'free'"", 'BikeParking': 'True', 'Caters': 'True', 'BusinessAcceptsCreditCards': 'True', 'WheelchairAccessible': 'True', 'BusinessParking': ""{u'valet': False, u'garage': False, u'street': None, u'lot': None, u'validated': False}"", 'RestaurantsTakeOut': 'True', 'RestaurantsDelivery': 'True'}","Food, Pretzels, Bubble Tea, Juice Bars & Smoothies","{'Monday': '10:0-21:0', 'Tuesday': '10:0-21:0', 'Wednesday': '10:0-21:0', 'Thursday': '10:0-21:0', 'Friday': '10:0-21:0', 'Saturday': '10:0-21:0', 'Sunday': '11:0-18:0'}"
nrlYIT438hkDub2ifE8DHg,Mr Wish,132 Christiana Mall,Newark,DE,19702,39.678572,-75.652164,4.5,21,1,"{'BusinessAcceptsCreditCards': 'True', 'RestaurantsPriceRange2': '1', 'RestaurantsTakeOut': 'True', 'BusinessParking': ""{'garage': False, 'street': False, 'validated': False, 'lot': False, 'valet': False}"", 'RestaurantsDelivery': 'True'}","Food, Restaurants, Bubble Tea, Cafes, Juice Bars & Smoothies","{'Monday': '11:0-19:0', 'Tuesday': '11:0-19:0', 'Wednesday': '11:0-19:0', 'Thursday': '11:0-19:0', 'Friday': '11:0-20:0', 'Saturday': '11:0-20:0', 'Sunday': '11:0-18:0'}"
8W4w1sXXDER5ujjE-cuOFg,Teapioca Lounge,"1200 Welsh Rd, Ste M",North Wales,PA,19454,40.2287450148,-75.2576291061,4.5,111,1,"{'WiFi': ""u'free'"", 'HappyHour': 'False', 'BikeParking': 'True', 'ByAppointmentOnly': 'False', 'Caters': 'True', 'OutdoorSeating': 'False', 'BusinessAcceptsBitcoin': 'False', 'WheelchairAccessible': 'True', 'BusinessAcceptsCreditCards': 'True', 'RestaurantsTakeOut': 'True', 'RestaurantsDelivery': 'True', 'DogsAllowed': 'False', 'NoiseLevel': ""u'average'"", 'GoodForKids': 'True', 'BusinessParking': ""{'garage': False, 'street': False, 'validated': False, 'lot': False, 'valet': False}""}","Juice Bars & Smoothies, Food, Bubble Tea, Coffee & Tea","{'Monday': '0:0-0:0', 'Tuesday': '11:0-21:0', 'Wednesday': '11:0-21:0', 'Thursday': '11:0-21:0', 'Friday': '11:0-21:0', 'Saturday': '11:0-21:0', 'Sunday': '11:0-21:0'}"
A2slwG21Uulatt357w58PA,Mojo Asian Fusion Café,"6530 Seville Rd, Ste 103",Isla Vista,CA,93117,34.4119983,-119.8548964,4.0,98,1,"{'BikeParking': 'False', 'RestaurantsReservations': 'False', 'RestaurantsPriceRange2': '1', 'GoodForKids': 'True', 'HappyHour': 'False', 'Ambience': ""{'touristy': False, 'hipster': False, 'romantic': False, 'divey': False, 'intimate': False, 'trendy': False, 'upscale': False, 'classy': False, 'casual': False}"", 'RestaurantsGoodForGroups': 'True', 'BusinessAcceptsCreditCards': 'True', 'ByAppointmentOnly': 'False', 'HasTV': 'False', 'GoodForMeal': ""{'dessert': False, 'latenight': False, 'lunch': False, 'dinner': False, 'brunch': False, 'breakfast': False}"", 'RestaurantsTableService': 'False', 'WiFi': ""u'free'"", 'BusinessAcceptsBitcoin': 'False', 'DogsAllowed': 'True', 'BYOB': 'False', 'Alcohol': ""u'none'"", 'BusinessParking': ""{'garage': False, 'street': True, 'validated': False, 'lot': False, 'valet': False}"", 'RestaurantsDelivery': 'True', 'RestaurantsTakeOut': 'True', 'RestaurantsAttire': ""u'casual'"", 'Caters': 'True', 'OutdoorSeating': 'None', 'WheelchairAccessible': 'True'}","Comfort Food, Bubble Tea, Restaurants, Tea Rooms, Asian Fusion, Coffee & Tea, Food","{'Monday': '0:0-0:0', 'Tuesday': '12:0-21:0', 'Wednesday': '12:0-21:0', 'Thursday': '12:0-21:0', 'Friday': '13:0-18:0', 'Saturday': '13:0-18:0', 'Sunday': '12:0-21:0'}"
Xvkcj5GbKhQnPhhpheTpfQ,Heeretea,11116 82 Avenue North West,Edmonton,AB,T6G 2L8,53.5183378,-113.5188985,4.0,18,1,"{'NoiseLevel': ""u'quiet'"", 'BusinessParking': ""{'garage': False, 'street': True, 'validated': False, 'lot': False, 'valet': False}"", 'DogsAllowed': 'False', 'RestaurantsPriceRange2': '1'}","Bubble Tea, Food","{'Monday': '12:0-22:0', 'Tuesday': '12:0-22:0', 'Wednesday': '12:0-22:0', 'Thursday': '12:0-22:0', 'Friday': '12:0-23:0', 'Saturday': '12:0-23:0', 'Sunday': '12:0-22:0'}"
7Ljrtr65Q7-uX2Nl4I_7Iw,Tea Magic,123 N 10th St,Philadelphia,PA,19107,39.9540079581,-75.1560426391,3.0,49,0,"{'BikeParking': 'True', 'BusinessAcceptsCreditCards': 'True', 'WiFi': ""u'free'"", 'OutdoorSeating': 'False', 'RestaurantsPriceRange2': '1', 'BusinessParking': ""{'garage': False, 'street': True, 'validated': False, 'lot': False, 'valet': False}""}","Restaurants, Bubble Tea, Coffee & Tea, Food, Chinese, Shanghainese, Tea Rooms","{'Monday': '11:0-0:0', 'Tuesday': '11:0-0:0', 'Wednesday': '11:0-0:0', 'Thursday': '11:0-0:0', 'Friday': '11:0-1:0', 'Saturday': '11:0-1:0', 'Sunday': '11:0-0:0'}"
15lTva4TjdKvCoer9JMKSg,Co-Cool Smoothies and Bubble Tea,160 N Gulph Rd,King of Prussia,PA,19406,40.088743535,-75.392147,3.0,10,1,,"Bubble Tea, Juice Bars & Smoothies, Food","{'Monday': '10:30-20:0', 'Tuesday': '10:30-20:0', 'Wednesday': '10:30-20:0', 'Thursday': '10:30-20:0', 'Friday': '10:30-21:0', 'Saturday': '10:30-21:0', 'Sunday': '11:0-18:0'}"
uoSVzMnVEv4N6dd6KRqDGQ,Mr.Wish Tea - New Hope,32 S Main St,New Hope,PA,18938,40.3636448,-74.9508796,3.5,7,0,"{'BusinessParking': ""{'garage': False, 'street': False, 'validated': False, 'lot': False, 'valet': False}"", 'HappyHour': 'True', 'WheelchairAccessible': 'True', 'BusinessAcceptsCreditCards': 'True', 'BikeParking': 'True', 'Caters': 'False', 'WiFi': ""u'free'"", 'RestaurantsTakeOut': 'True'}","Bubble Tea, Juice Bars & Smoothies, Food, Tea Rooms","{'Wednesday': '10:0-19:0', 'Thursday': '10:0-19:0', 'Friday': '10:0-20:0', 'Saturday': '10:0-20:0', 'Sunday': '10:0-19:0'}"
byNqaBLF4ozNbn2i9J3bWQ,Poké-Man,3737 Chestnut St,Philadelphia,PA,19104,39.9553689232,-75.198020339,3.5,135,1,"{'Caters': 'True', 'RestaurantsTakeOut': 'True', 'NoiseLevel': ""u'average'"", 'BusinessAcceptsCreditCards': 'True', 'RestaurantsPriceRange2': '2', 'RestaurantsDelivery': 'True', 'BikeParking': 'True', 'BusinessParking': ""{u'valet': False, u'garage': True, u'street': True, u'lot': False, u'validated': False}""}","Poke, Food, Bubble Tea","{'Monday': '12:0-22:0', 'Tuesday': '12:0-22:0', 'Wednesday': '12:0-22:0', 'Thursday': '12:0-22:0', 'Friday': '12:0-22:0', 'Saturday': '12:0-22:0', 'Sunday': '12:0-22:0'}"
CHzgAFs3h9LGWYo_wIMiGg,Dim Sum Court,236 Bridge St,Phoenixville,PA,19460,40.1337012924,-75.5175911862,4.0,20,1,"{'RestaurantsPriceRange2': '2', 'OutdoorSeating': 'True'}","Restaurants, Chinese, Dim Sum, Bubble Tea, Food, Seafood","{'Monday': '11:0-21:30', 'Wednesday': '11:0-21:30', 'Thursday': '11:0-21:30', 'Friday': '11:0-22:30', 'Saturday': '11:0-22:30', 'Sunday': '12:0-21:0'}"
K4WSzNnXbOyjTnPXNNM_9g,Tbaar,4321 Main St,Philadelphia,PA,19127,40.0253066,-75.2226663,4.0,28,0,"{'RestaurantsTakeOut': 'True', 'RestaurantsDelivery': 'None', 'BusinessParking': ""{u'valet': False, u'garage': None, u'street': True, u'lot': False, u'validated': None}"", 'BusinessAcceptsCreditCards': 'True'}","Bubble Tea, Food, Juice Bars & Smoothies, Desserts","{'Monday': '11:0-20:0', 'Tuesday': '11:0-20:0', 'Wednesday': '11:0-20:0', 'Thursday': '11:0-20:0', 'Friday': '11:0-20:0', 'Saturday': '11:0-20:0', 'Sunday': '11:0-20:0'}"
JfXYFsOEElqn5ukwDBml6Q,Phresh Teas  - IV location,"901 Embarcadero Del Mar, Unit 104",Isla Vista,CA,93117,34.41289,-119.85728,3.0,10,1,"{'WiFi': ""u'free'"", 'Caters': 'True', 'BusinessAcceptsCreditCards': 'True', 'BikeParking': 'True', 'RestaurantsTakeOut': 'True', 'RestaurantsDelivery': 'True', 'WheelchairAccessible': 'True', 'OutdoorSeating': 'True'}","Coffee & Tea, Bubble Tea, Food","{'Monday': '0:0-0:0', 'Tuesday': '11:0-21:0', 'Wednesday': '11:0-21:0', 'Thursday': '11:0-21:0', 'Friday': '11:0-21:0', 'Saturday': '11:0-21:0', 'Sunday': '11:0-21:0'}"
YO8x2eqolBivUqck7aatSA,Oishii Ramen,312 Rowan Blvd,Glassboro,NJ,08028,39.7065713,-75.1140973182,4.5,30,1,"{'Alcohol': ""u'none'"", 'RestaurantsTakeOut': 'True', 'Caters': 'True', 'DogsAllowed': 'True', 'Corkage': 'False', 'HasTV': 'True', 'BikeParking': 'True', 'RestaurantsTableService': 'True', 'BusinessAcceptsBitcoin': 'False', 'RestaurantsPriceRange2': '2', 'BusinessAcceptsCreditCards': 'True', 'BusinessParking': ""{'garage': True, 'street': True, 'validated': False, 'lot': False, 'valet': False}"", 'HappyHour': 'False', 'WiFi': ""u'free'"", 'OutdoorSeating': 'True', 'BYOB': 'True', 'RestaurantsDelivery': 'True', 'RestaurantsReservations': 'True', 'WheelchairAccessible': 'True'}","Food, Bubble Tea, Restaurants, Ramen, Japanese","{'Monday': '11:0-22:0', 'Tuesday': '11:0-22:0', 'Wednesday': '11:0-22:0', 'Thursday': '11:0-22:0', 'Friday': '11:0-22:0', 'Saturday': '11:0-22:0', 'Sunday': '11:0-22:0'}"
H1FXzbmnMPXRfOrTo1qxKw,Kung Fu Tea,1129 Old York Rd,Abington,PA,19001,40.115446,-75.1209932,4.0,58,1,"{'RestaurantsTakeOut': 'True', 'GoodForKids': 'True', 'WiFi': ""u'free'"", 'BusinessAcceptsCreditCards': 'True', 'DogsAllowed': 'False', 'BusinessParking': ""{'garage': False, 'street': False, 'validated': False, 'lot': True, 'valet': False}"", 'NoiseLevel': ""u'average'"", 'RestaurantsDelivery': 'True', 'OutdoorSeating': 'False', 'Caters': 'True'}","Specialty Food, Macarons, Coffee & Tea, Juice Bars & Smoothies, Bubble Tea, Food","{'Monday': '11:0-22:0', 'Tuesday': '11:0-22:0', 'Wednesday': '11:0-22:0', 'Thursday': '11:0-22:0', 'Friday': '11:0-22:0', 'Saturday': '11:0-22:0', 'Sunday': '11:0-22:0'}"
27aORpwVDxyBA-E2ysOQ6Q,Token Ramen & Kung Fu Tea,"2000 Piazza Ave, Ste150",Wesley Chapel,FL,33543,28.1877915198,-82.348688273,4.0,35,1,{'RestaurantsPriceRange2': '2'},"Restaurants, Asian Fusion, Food, Bubble Tea, Ramen, Japanese","{'Monday': '0:0-0:0', 'Tuesday': '11:0-22:0', 'Wednesday': '11:0-19:45', 'Thursday': '11:0-22:0', 'Friday': '11:0-18:0', 'Saturday': '11:0-22:0', 'Sunday': '11:0-22:0'}"
tjIIpbimdbi9Lrb-DoIzKg,Kaiju,901 Embarcadero Del Mar,Isla Vista,CA,93117,34.4129239,-119.8573375,4.0,64,1,"{'RestaurantsPriceRange2': '2', 'Alcohol': ""u'none'"", 'BikeParking': 'True', 'WiFi': ""u'free'"", 'RestaurantsDelivery': 'True', 'BusinessParking': ""{u'valet': False, u'garage': None, u'street': True, u'lot': False, u'validated': False}"", 'Corkage': 'False', 'RestaurantsTakeOut': 'None', 'BYOB': 'False', 'HasTV': 'False', 'Caters': 'True', 'OutdoorSeating': 'None', 'BusinessAcceptsCreditCards': 'True', 'RestaurantsTableService': 'False', 'WheelchairAccessible': 'True'}","Food, Asian Fusion, Bubble Tea, Restaurants, Japanese","{'Tuesday': '11:0-21:0', 'Wednesday': '11:0-21:0', 'Thursday': '11:0-21:0', 'Friday': '11:0-21:0', 'Saturday': '15:0-21:0', 'Sunday': '11:0-21:0'}"
jczcj0QDuSF8L0eHgc8b8Q,Pho Barclay,65 Barclay Pavilion,Cherry Hill,NJ,08034,39.9103788219,-74.9972194317,3.5,201,1,"{'RestaurantsReservations': 'True', 'RestaurantsAttire': ""u'casual'"", 'RestaurantsGoodForGroups': 'True', 'Alcohol': ""u'none'"", 'Ambience': ""{'romantic': False, 'intimate': False, 'touristy': False, 'hipster': False, 'divey': False, 'classy': False, 'trendy': False, 'upscale': False, 'casual': True}"", 'OutdoorSeating': 'False', 'RestaurantsTakeOut': 'True', 'BusinessParking': ""{'garage': False, 'street': False, 'validated': False, 'lot': True, 'valet': False}"", 'RestaurantsPriceRange2': '1', 'BikeParking': 'True', 'BusinessAcceptsCreditCards': 'True', 'WiFi': ""'free'"", 'GoodForKids': 'True', 'NoiseLevel': ""u'average'"", 'GoodForMeal': ""{'dessert': False, 'latenight': False, 'lunch': True, 'dinner': True, 'brunch': False, 'breakfast': False}"", 'Caters': 'True', 'HappyHour': 'False', 'HasTV': 'True', 'RestaurantsTableService': 'True', 'ByAppointmentOnly': 'False', 'WheelchairAccessible': 'True', 'RestaurantsDelivery': 'True'}","Bubble Tea, Asian Fusion, Thai, Restaurants, Food, Juice Bars & Smoothies, Vietnamese","{'Monday': '11:0-21:0', 'Wednesday': '11:0-21:0', 'Thursday': '11:0-21:0', 'Friday': '11:0-21:30', 'Saturday': '11:0-21:30', 'Sunday': '11:0-21:0'}"
vdx-QODLJxQeFgxbDP4OBQ,Simply Thai 2,1303 Plaza Dr,Smyrna,TN,37167,35.9947416,-86.52771,4.5,17,0,"{'GoodForKids': 'True', 'GoodForMeal': ""{'dessert': False, 'latenight': False, 'lunch': False, 'dinner': False, 'brunch': False, 'breakfast': False}"", 'HasTV': 'True', 'RestaurantsGoodForGroups': 'True', 'BusinessAcceptsCreditCards': 'True', 'RestaurantsTakeOut': 'True', 'WiFi': ""'free'"", 'WheelchairAccessible': 'True', 'Ambience': ""{'touristy': False, 'hipster': False, 'romantic': False, 'divey': False, 'intimate': False, 'trendy': False, 'upscale': False, 'classy': True, 'casual': False}"", 'RestaurantsReservations': 'True', 'RestaurantsAttire': ""'casual'"", 'RestaurantsDelivery': 'False', 'Alcohol': ""'beer_and_wine'"", 'OutdoorSeating': 'False', 'BusinessParking': ""{'garage': False, 'street': False, 'validated': False, 'lot': False, 'valet': False}"", 'RestaurantsPriceRange2': '2'}","Sushi Bars, Restaurants, Food, Bubble Tea, Thai","{'Monday': '11:0-21:0', 'Tuesday': '11:0-21:0', 'Wednesday': '11:0-21:0', 'Thursday': '11:0-21:0', 'Friday': '11:0-21:0', 'Saturday': '11:0-21:0', 'Sunday': '11:0-21:0'}"
PYCMD02VN50o2A0n_GgOSg,32 Below,208 W Alexander St,Plant City,FL,33563,27.989967,-82.123049,4.5,25,1,"{'BusinessAcceptsCreditCards': 'True', 'BikeParking': 'False', 'RestaurantsTakeOut': 'True', 'WiFi': ""u'free'"", 'GoodForKids': 'True', 'HappyHour': 'False', 'NoiseLevel': ""u'quiet'"", 'WheelchairAccessible': 'False', 'Caters': 'False', 'RestaurantsDelivery': 'False', 'BusinessParking': ""{u'valet': False, u'garage': False, u'street': True, u'lot': False, u'validated': False}""}","Ice Cream & Frozen Yogurt, Food, Bubble Tea, Juice Bars & Smoothies","{'Monday': '0:0-0:0', 'Tuesday': '12:0-20:0', 'Wednesday': '12:0-20:0', 'Thursday': '12:0-20:0', 'Friday': '12:0-22:0', 'Saturday': '12:0-22:0', 'Sunday': '12:0-21:0'}"
6Uu74gvylXUYRYllKUDKNw,Fish Bowl,2882 US-19 Alt,Palm Harbor,FL,34683,28.0950843,-82.7715392,5.0,50,1,"{'BikeParking': 'True', 'Caters': 'True', 'BusinessAcceptsCreditCards': 'True', 'RestaurantsPriceRange2': '2', 'BusinessParking': ""{'garage': False, 'street': False, 'validated': False, 'lot': True, 'valet': False}"", 'WheelchairAccessible': 'True', 'WiFi': ""u'free'"", 'RestaurantsDelivery': 'True', 'NoiseLevel': ""u'average'"", 'HappyHour': 'False', 'BusinessAcceptsBitcoin': 'False', 'RestaurantsReservations': 'True', 'RestaurantsTableService': 'False', 'DogsAllowed': 'False', 'HasTV': 'False', 'RestaurantsTakeOut': 'True', 'Alcohol': ""u'beer_and_wine'""}","Food, Sushi Bars, Juice Bars & Smoothies, Restaurants, Asian Fusion, Poke, Acai Bowls, Bubble Tea","{'Monday': '9:0-21:0', 'Tuesday': '9:0-21:0', 'Wednesday': '9:0-21:0', 'Thursday': '9:0-21:0', 'Friday': '9:0-21:0', 'Saturday': '9:0-21:0', 'Sunday': '9:0-21:0'}"
HTaim7jAJnB1utPxLMtbqA,Ice Queen,"3304 W Esplanade Ave, Ste B7",Metairie,LA,70002,30.0144694,-90.1565574,4.5,31,0,"{'GoodForKids': 'True', 'BusinessParking': ""{'garage': False, 'street': False, 'validated': False, 'lot': True, 'valet': False}"", 'WiFi': ""'free'"", 'RestaurantsPriceRange2': '2', 'HappyHour': 'True', 'BusinessAcceptsBitcoin': 'False', 'BusinessAcceptsCreditCards': 'True', 'WheelchairAccessible': 'True', 'DogsAllowed': 'False', 'RestaurantsTakeOut': 'True', 'DriveThru': 'False', 'Caters': 'True'}","Food, Ice Cream & Frozen Yogurt, Bubble Tea","{'Monday': '11:0-21:0', 'Wednesday': '11:0-21:0', 'Thursday': '11:0-21:0', 'Friday': '11:0-22:0', 'Saturday': '11:0-22:0', 'Sunday': '12:0-21:0'}"
QWY6-QW-izaqyUNGKCQM5A,Banh Mi Boys Seafood,113 E Judge Perez Dr,Chalmette,LA,70043,29.9425632,-89.9624975,3.5,7,0,"{'GoodForMeal': ""{'dessert': False, 'latenight': False, 'lunch': False, 'dinner': False, 'brunch': False, 'breakfast': False}"", 'BusinessAcceptsCreditCards': 'True', 'RestaurantsDelivery': 'False', 'WiFi': ""'free'"", 'RestaurantsGoodForGroups': 'True', 'GoodForKids': 'True', 'RestaurantsAttire': ""'casual'"", 'RestaurantsReservations': 'False', 'RestaurantsTakeOut': 'True', 'RestaurantsPriceRange2': '2'}","Bubble Tea, Seafood, Juice Bars & Smoothies, Food, Restaurants","{'Monday': '10:0-20:0', 'Tuesday': '10:0-20:0', 'Wednesday': '10:0-20:0', 'Thursday': '10:0-20:0', 'Friday': '10:0-20:0', 'Saturday': '10:0-20:0', 'Sunday': '11:0-19:0'}"
mv9uuDPJDaxl0zJ5cEhpXA,Mr Wish - South Philly,1100 Washington Ave,Philadelphia,PA,19147,39.936311,-75.16201,4.0,95,1,"{'WiFi': ""'free'"", 'BusinessAcceptsCreditCards': 'True', 'DogsAllowed': 'False', 'RestaurantsGoodForGroups': 'True', 'OutdoorSeating': 'False', 'BikeParking': 'True', 'GoodForKids': 'True', 'NoiseLevel': ""u'average'"", 'BusinessParking': ""{'garage': False, 'street': True, 'validated': False, 'lot': True, 'valet': False}"", 'Caters': 'True', 'RestaurantsPriceRange2': '2', 'RestaurantsTakeOut': 'True', 'RestaurantsDelivery': 'None'}","Food, Coffee & Tea, Restaurants, Bubble Tea, Taiwanese","{'Monday': '10:0-21:0', 'Tuesday': '10:0-21:0', 'Wednesday': '10:0-21:0', 'Thursday': '10:0-21:0', 'Friday': '10:0-22:0', 'Saturday': '10:0-22:0', 'Sunday': '10:0-21:0'}"
rqmSwgI-ZDsQhyJQpDIDZA,Ice Point Cafe,"1113 Murfreesboro Rd, Ste 115",Franklin,TN,37064,35.918465,-86.838377,5.0,87,1,"{'BikeParking': 'True', 'WheelchairAccessible': 'True', 'Caters': 'True', 'RestaurantsPriceRange2': '2', 'RestaurantsDelivery': 'True', 'NoiseLevel': ""u'quiet'"", 'BusinessParking': ""{'garage': False, 'street': None, 'validated': False, 'lot': None, 'valet': False}"", 'DogsAllowed': 'False', 'RestaurantsTakeOut': 'True', 'WiFi': ""u'free'"", 'BusinessAcceptsCreditCards': 'True'}","Sushi Bars, Juice Bars & Smoothies, Restaurants, Acai Bowls, Asian Fusion, Bubble Tea, Poke, Food, Korean, Japanese","{'Monday': '10:0-20:0', 'Tuesday': '10:0-20:0', 'Wednesday': '10:0-20:0', 'Thursday': '10:0-20:0', 'Friday': '10:0-20:0', 'Saturday': '10:0-20:0'}"
vRm7mIVRfvzvBKhDe5DsOA,BAMBU,10347 82 Ave NW,Edmonton,AB,T6E 1Z9,53.5177282,-113.4965137,4.5,5,1,,"Coffee & Tea, Vietnamese, Restaurants, Juice Bars & Smoothies, Food, Bubble Tea","{'Monday': '12:0-21:0', 'Tuesday': '12:0-21:0', 'Wednesday': '12:0-21:0', 'Thursday': '12:0-21:0', 'Friday': '12:0-22:0', 'Saturday': '12:0-22:0', 'Sunday': '12:0-21:0'}"
D1Z06FgUfwdV9dhMW1o8dw,Kung Fu Tea,"600 Washington Ave, Unit 16",Philadelphia,PA,19147,39.9344835,-75.1549941,3.5,17,1,"{'WiFi': ""u'free'"", 'RestaurantsPriceRange2': '1', 'WheelchairAccessible': 'False', 'OutdoorSeating': 'False', 'BusinessParking': ""{u'valet': False, u'garage': None, u'street': True, u'lot': None, u'validated': False}"", 'RestaurantsTakeOut': 'True', 'BusinessAcceptsCreditCards': 'True', 'BikeParking': 'False', 'Caters': 'True', 'RestaurantsDelivery': 'True'}","Juice Bars & Smoothies, Food, Bubble Tea, Coffee & Tea","{'Monday': '9:0-20:0', 'Tuesday': '9:0-20:0', 'Wednesday': '9:0-20:0', 'Thursday': '9:0-20:0', 'Friday': '9:0-20:0', 'Saturday': '9:0-20:0', 'Sunday': '9:0-20:0'}"
kcmkZ39ttPUqaLx8vhEScA,Hi Tea Bar,31 S State St,Newtown,PA,18940,40.2283273,-74.9367003291,4.5,15,1,"{'NoiseLevel': ""u'average'"", 'WiFi': ""u'free'"", 'RestaurantsPriceRange2': '2', 'BusinessParking': ""{u'valet': False, u'garage': False, u'street': True, u'lot': False, u'validated': False}""}","Food, Coffee & Tea, Juice Bars & Smoothies, Bubble Tea","{'Monday': '0:0-0:0', 'Tuesday': '12:0-20:0', 'Wednesday': '12:0-18:0', 'Thursday': '12:0-20:0', 'Friday': '12:0-20:0', 'Saturday': '12:0-20:0', 'Sunday': '12:0-20:0'}"
zNbRWVCKNe6gBShmnuAQNw,Ice Milk Company,971 Embarcadero Del Mar,Goleta,CA,93117,34.411293,-119.857273,3.5,112,0,"{'RestaurantsDelivery': 'False', 'RestaurantsReservations': 'False', 'BusinessAcceptsCreditCards': 'True', 'RestaurantsTakeOut': 'True', 'Caters': 'False', 'WiFi': ""u'free'"", 'BikeParking': 'True', 'RestaurantsPriceRange2': '1', 'BusinessParking': ""{'garage': False, 'street': False, 'validated': False, 'lot': True, 'valet': False}"", 'OutdoorSeating': 'True', 'GoodForMeal': ""{'dessert': False, 'latenight': False, 'lunch': False, 'dinner': False, 'brunch': False, 'breakfast': False}"", 'RestaurantsGoodForGroups': 'True', 'BusinessAcceptsBitcoin': 'False', 'GoodForKids': 'True', 'WheelchairAccessible': 'True'}","Coffee & Tea, Juice Bars & Smoothies, Food, Bubble Tea","{'Monday': '0:0-0:0', 'Tuesday': '16:0-0:0', 'Wednesday': '16:0-0:0', 'Thursday': '16:0-2:0', 'Friday': '16:0-2:0', 'Saturday': '14:0-2:0', 'Sunday': '14:0-0:0'}"
qoI3Ujll7W_WtJj2_0HWTQ,Yogurt Romance,2300 E Lincoln Hwy,Langhorne,PA,19047,40.1836378,-74.8810481,4.5,9,1,"{'BusinessAcceptsCreditCards': 'True', 'WiFi': ""'no'"", 'BikeParking': 'True', 'Caters': 'False', 'RestaurantsPriceRange2': '1', 'RestaurantsTakeOut': 'True', 'WheelchairAccessible': 'True', 'BusinessParking': ""{'garage': True, 'street': False, 'validated': True, 'lot': False, 'valet': False}""}","Ice Cream & Frozen Yogurt, Bubble Tea, Food","{'Monday': '10:0-21:0', 'Tuesday': '10:0-21:0', 'Wednesday': '10:0-21:0', 'Thursday': '10:0-21:0', 'Friday': '10:0-21:0', 'Saturday': '10:0-21:0', 'Sunday': '11:0-18:0'}"
p8sIj80pLuzyDZW_gLAIlA,Cafe Cabana,628 E Main St,Lansdale,PA,19446,40.2326093555,-75.2715149439,4.5,53,1,"{'OutdoorSeating': 'True', 'DogsAllowed': 'False', 'RestaurantsReservations': 'False', 'BusinessParking': ""{'garage': False, 'street': False, 'validated': True, 'lot': True, 'valet': False}"", 'Ambience': ""{'touristy': False, 'hipster': False, 'romantic': False, 'divey': False, 'intimate': False, 'trendy': True, 'upscale': False, 'classy': False, 'casual': True}"", 'RestaurantsGoodForGroups': 'True', 'RestaurantsPriceRange2': '1', 'WheelchairAccessible': 'True', 'GoodForMeal': ""{'dessert': True, 'latenight': False, 'lunch': True, 'dinner': False, 'brunch': False, 'breakfast': False}"", 'RestaurantsTakeOut': 'True', 'BusinessAcceptsCreditCards': 'True', 'BYOB': 'True', 'Caters': 'False', 'Corkage': 'False', 'WiFi': ""u'free'"", 'HappyHour': 'False', 'GoodForKids': 'True', 'RestaurantsDelivery': 'True', 'RestaurantsTableService': 'False', 'Alcohol': ""u'none'"", 'HasTV': 'True', 'BikeParking': 'True', 'RestaurantsAttire': ""'casual'""}","Food, Ice Cream & Frozen Yogurt, American (Traditional), Restaurants, American (New), Shaved Snow, Coffee & Tea, Desserts, Bubble Tea, Creperies, Mexican, Cafes, Breakfast & Brunch, Chicken Wings, New Mexican Cuisine","{'Monday': '0:0-0:0', 'Tuesday': '11:0-20:0', 'Wednesday': '11:0-20:0', 'Thursday': '11:0-20:0', 'Friday': '11:0-20:0', 'Saturday': '11:0-20:0', 'Sunday': '11:0-18:0'}"
HuECL2Vymf6WXvnE1_bvRA,Caliber Coffee,2513 Lebanon Pike,Nashville,TN,37214,36.1692419,-86.6784821,4.5,176,1,"{'DogsAllowed': 'False', 'GoodForKids': 'True', 'Caters': 'False', 'BikeParking': 'False', 'WheelchairAccessible': 'True', 'RestaurantsDelivery': 'True', 'WiFi': ""u'free'"", 'RestaurantsTakeOut': 'True', 'DriveThru': 'True', 'BusinessAcceptsCreditCards': 'True', 'BusinessParking': ""{'garage': False, 'street': False, 'validated': False, 'lot': True, 'valet': False}"", 'NoiseLevel': ""u'average'"", 'OutdoorSeating': 'True', 'RestaurantsPriceRange2': '1'}","Food, Salad, Restaurants, Coffee Roasteries, Coffee & Tea, Breakfast & Brunch, Bubble Tea","{'Monday': '6:0-20:0', 'Tuesday': '6:0-20:0', 'Wednesday': '6:0-20:0', 'Thursday': '6:0-20:0', 'Friday': '6:0-20:0', 'Saturday': '7:0-20:0'}"
1YPXzsbi7G-EX5FiAzg4MA,Bubblecup Tea Zone,14246 Manchester Rd,Manchester,MO,63011,38.5922501655,-90.5042270349,4.0,14,1,,"Tea Rooms, Food, Bubble Tea, Juice Bars & Smoothies","{'Monday': '11:0-19:0', 'Tuesday': '11:0-19:0', 'Wednesday': '11:0-19:0', 'Thursday': '11:0-19:0', 'Friday': '11:0-19:0', 'Saturday': '11:0-19:0', 'Sunday': '11:0-19:0'}"
v52gKlWG8onChf109C3Q5Q,Mr Wish,116 Barclay Farms Shopping Ctr,Cherry Hill,NJ,08034,39.910043,-74.9957809,4.5,36,1,"{'RestaurantsPriceRange2': '2', 'BusinessParking': ""{'garage': False, 'street': None, 'validated': False, 'lot': True, 'valet': False}"", 'RestaurantsTakeOut': 'True', 'Caters': 'True', 'BusinessAcceptsCreditCards': 'True', 'WheelchairAccessible': 'True', 'BikeParking': 'True', 'RestaurantsDelivery': 'True'}","Food, Bubble Tea","{'Monday': '11:0-19:0', 'Tuesday': '11:0-19:0', 'Wednesday': '11:0-19:0', 'Thursday': '11:0-19:0', 'Friday': '11:0-19:0', 'Saturday': '11:0-19:0', 'Sunday': '11:0-19:0'}"
JAyIehVFrP2Mkf2qj1bsgw,Smoothie Bubble Tea,2653 Barataria Blvd,Marrero,LA,70072,29.853691,-90.106728,4.0,8,1,"{'RestaurantsTakeOut': 'True', 'BikeParking': 'False', 'BusinessAcceptsCreditCards': 'True', 'RestaurantsPriceRange2': '1', 'BusinessParking': 'None'}","Sandwiches, Juice Bars & Smoothies, Restaurants, Ice Cream & Frozen Yogurt, Bubble Tea, Food","{'Tuesday': '10:0-19:0', 'Wednesday': '10:0-19:0', 'Thursday': '10:0-19:0', 'Friday': '10:0-19:0', 'Saturday': '10:0-19:0', 'Sunday': '11:0-19:0'}"
IHtbAL6m1T234D-3Q-lC7g,Gao's Noodle House,"3080 Vista Blvd, Ste 108",Spanish Springs,NV,89436,39.5595568,-119.7047621,4.0,55,1,"{'RestaurantsTakeOut': 'True', 'Caters': 'False', 'WiFi': ""u'free'"", 'HasTV': 'True', 'Ambience': ""{'touristy': None, 'hipster': False, 'romantic': False, 'divey': False, 'intimate': False, 'trendy': False, 'upscale': False, 'classy': False, 'casual': True}"", 'BusinessParking': ""{'garage': False, 'street': False, 'validated': False, 'lot': True, 'valet': False}"", 'RestaurantsPriceRange2': '2', 'Alcohol': ""u'beer_and_wine'"", 'BusinessAcceptsCreditCards': 'True', 'WheelchairAccessible': 'True', 'OutdoorSeating': 'None', 'Corkage': 'True', 'BYOB': 'False', 'RestaurantsTableService': 'True', 'RestaurantsDelivery': 'None'}","Bubble Tea, Noodles, Vietnamese, Chinese, Restaurants, Food","{'Monday': '0:0-0:0', 'Wednesday': '11:0-21:0', 'Thursday': '11:0-21:0', 'Friday': '11:0-21:0', 'Saturday': '11:0-21:0', 'Sunday': '11:0-21:0'}"
1JTT6PBYcoVwiUdhsSLDEg,Teas N' Mi,1907 E Passyunk Ave,Philadelphia,PA,19148,39.9263495641,-75.1673861593,4.0,45,1,"{'HasTV': 'True', 'RestaurantsReservations': 'False', 'RestaurantsGoodForGroups': 'False', 'RestaurantsTakeOut': 'True', 'BusinessAcceptsCreditCards': 'True', 'GoodForKids': 'False', 'RestaurantsPriceRange2': '1', 'Ambience': ""{'touristy': False, 'hipster': False, 'romantic': False, 'divey': False, 'intimate': False, 'trendy': False, 'upscale': False, 'classy': False, 'casual': False}"", 'RestaurantsDelivery': 'True', 'OutdoorSeating': 'False', 'GoodForMeal': ""{'dessert': False, 'latenight': False, 'lunch': False, 'dinner': False, 'brunch': False, 'breakfast': False}"", 'BusinessParking': ""{u'valet': False, u'garage': None, u'street': True, u'lot': False, u'validated': None}""}","Vietnamese, Restaurants, Bubble Tea, Indian, Food, Sandwiches","{'Wednesday': '10:0-17:0', 'Thursday': '10:0-17:0', 'Friday': '11:0-15:0', 'Saturday': '11:0-15:0', 'Sunday': '11:0-15:0'}"
MFmgVCNw4NCFe4Q14oiCjw,Canton Express,1214 N Black Horse Pike,Gloucester Township,NJ,08029,39.8432117,-75.0702176,3.5,10,0,"{'BikeParking': 'True', 'Corkage': 'False', 'OutdoorSeating': 'False', 'WheelchairAccessible': 'True', 'RestaurantsTableService': 'False', 'Alcohol': ""u'none'"", 'RestaurantsDelivery': 'True', 'HasTV': 'True', 'WiFi': ""u'no'"", 'BYOB': 'True', 'HappyHour': 'False', 'Caters': 'True', 'BusinessAcceptsCreditCards': 'True', 'RestaurantsTakeOut': 'True'}","Chinese, Bubble Tea, Food, Noodles, Restaurants, Chicken Wings, Fast Food","{'Monday': '0:0-0:0', 'Tuesday': '11:0-20:30', 'Wednesday': '11:0-21:0', 'Thursday': '11:0-21:0', 'Friday': '11:0-22:0', 'Saturday': '11:0-22:0', 'Sunday': '11:0-21:0'}"
9WOuyt0MWs_Lvr7NZBK2oQ,Kung Fu Tea,6600 Delmar Blvd,University City,MO,63130,38.6566173,-90.3070499,3.5,55,1,"{'OutdoorSeating': 'True', 'DogsAllowed': 'False', 'WiFi': ""u'free'"", 'BusinessParking': ""{u'valet': False, u'garage': None, u'street': True, u'lot': None, u'validated': False}"", 'RestaurantsTakeOut': 'True', 'RestaurantsPriceRange2': '2', 'BusinessAcceptsCreditCards': 'True'}","Food, Coffee & Tea, Juice Bars & Smoothies, Bubble Tea","{'Monday': '11:0-21:30', 'Tuesday': '11:0-21:30', 'Wednesday': '11:0-21:30', 'Thursday': '11:0-21:30', 'Friday': '11:0-21:30', 'Saturday': '11:0-21:30', 'Sunday': '11:0-21:30'}"
YvaeYCBYVTJ1wmFP2VioyQ,Loon Fongs Nam Viet - Machi Coffee and Tea,8150 49th St N,Pinellas Park,FL,33781,27.846052,-82.700416781,3.5,8,1,,"Bubble Tea, Coffee & Tea, Juice Bars & Smoothies, Food","{'Monday': '10:0-22:0', 'Tuesday': '10:0-22:0', 'Wednesday': '10:0-22:0', 'Thursday': '10:0-22:0', 'Friday': '10:0-22:0', 'Saturday': '10:0-22:0', 'Sunday': '10:0-22:0'}"
YytGMpwVXz45T0ihSG2Scg,Suki Hana,"400 W Route 38, Ste 1655",Moorestown,NJ,08057,39.943152176,-74.9627457819,4.0,15,1,"{'RestaurantsAttire': ""'casual'"", 'BusinessAcceptsCreditCards': 'True', 'RestaurantsReservations': 'False', 'GoodForKids': 'True', 'RestaurantsGoodForGroups': 'True', 'RestaurantsTableService': 'False', 'OutdoorSeating': 'False', 'HasTV': 'False', 'RestaurantsPriceRange2': '1', 'WheelchairAccessible': 'True', 'Ambience': ""{'touristy': False, 'hipster': False, 'romantic': False, 'divey': False, 'intimate': False, 'trendy': False, 'upscale': False, 'classy': False, 'casual': False}"", 'RestaurantsTakeOut': 'True', 'Caters': 'True', 'BYOB': 'True', 'RestaurantsDelivery': 'True', 'Alcohol': ""u'none'"", 'WiFi': ""u'no'"", 'BikeParking': 'True'}","Food, Bubble Tea, Sushi Bars, Japanese, Restaurants, Asian Fusion","{'Monday': '11:0-21:0', 'Tuesday': '11:0-21:0', 'Wednesday': '11:0-21:0', 'Thursday': '11:0-21:0', 'Friday': '11:0-21:0', 'Saturday': '11:0-21:0', 'Sunday': '11:0-18:0'}"
qKvQzhukpomdY3ITSSJ5eg,"1, 2, Tea",655 Booth St,Reno,NV,89509,39.5155994981,-119.8275018831,4.0,200,1,"{'DogsAllowed': 'False', 'BusinessParking': ""{'garage': False, 'street': False, 'validated': False, 'lot': True, 'valet': False}"", 'BusinessAcceptsCreditCards': 'True', 'RestaurantsPriceRange2': '1', 'WheelchairAccessible': 'True', 'GoodForKids': 'True', 'RestaurantsTakeOut': 'None', 'Caters': 'True', 'RestaurantsDelivery': 'True', 'NoiseLevel': ""u'average'"", 'BusinessAcceptsBitcoin': 'False', 'ByAppointmentOnly': 'False', 'BikeParking': 'False'}","Bubble Tea, Food","{'Monday': '0:0-0:0', 'Tuesday': '12:0-21:0', 'Wednesday': '12:0-21:0', 'Thursday': '12:0-21:0', 'Friday': '12:0-21:0', 'Saturday': '12:0-21:0', 'Sunday': '12:0-21:0'}"
kuVsa7ewdSkzK96pJMkUtQ,WIN Bubble Tea - Bellevue,"7648 Hwy 70 S, Unit 25",Bellevue,TN,37221,36.0801415059,-86.9531262433,4.5,7,1,"{'RestaurantsDelivery': 'True', 'BusinessParking': ""{u'valet': False, u'garage': False, u'street': False, u'lot': True, u'validated': False}"", 'RestaurantsTakeOut': 'True'}","Food, Bubble Tea","{'Monday': '0:0-0:0', 'Tuesday': '11:0-19:30', 'Wednesday': '11:0-19:30', 'Thursday': '11:0-19:30', 'Friday': '11:0-20:0', 'Saturday': '11:0-20:0', 'Sunday': '11:0-19:30'}"
yiE_Iym7A9wa6tyJHkWzhw,Craft Fry Wing,2224 E Fletcher Ave,Tampa,FL,33612,28.0696227,-82.4330778,4.5,43,1,"{'OutdoorSeating': 'None', 'GoodForMeal': ""{'dessert': False, 'latenight': False, 'lunch': False, 'dinner': False, 'brunch': False, 'breakfast': False}"", 'Caters': 'True', 'ByAppointmentOnly': 'False', 'WiFi': ""'no'"", 'WheelchairAccessible': 'True', 'RestaurantsTableService': 'False', 'RestaurantsTakeOut': 'True', 'RestaurantsReservations': 'False', 'RestaurantsPriceRange2': '2', 'GoodForKids': 'True', 'BikeParking': 'True', 'NoiseLevel': ""u'average'"", 'BusinessParking': ""{'garage': False, 'street': False, 'validated': False, 'lot': True, 'valet': False}"", 'BusinessAcceptsCreditCards': 'True', 'RestaurantsGoodForGroups': 'True', 'RestaurantsAttire': ""'casual'"", 'Alcohol': ""u'none'"", 'Ambience': ""{'touristy': False, 'hipster': False, 'romantic': False, 'divey': False, 'intimate': False, 'trendy': False, 'upscale': False, 'classy': False, 'casual': False}"", 'BusinessAcceptsBitcoin': 'False', 'HasTV': 'True', 'RestaurantsDelivery': 'True', 'DogsAllowed': 'False'}","Cheesesteaks, Bubble Tea, Food, Burgers, Chicken Wings, Coffee & Tea, Restaurants","{'Tuesday': '11:0-22:0', 'Wednesday': '11:0-22:0', 'Thursday': '11:0-22:0', 'Friday': '11:0-23:0', 'Saturday': '12:0-23:0', 'Sunday': '12:0-22:0'}"
lLDB5H7_Uqpc9hUd_A3Xaw,Biggest Little Boba Shop,"100 N Arlington Ave, 105A",Reno,NV,89501,39.5252818,-119.8166111,3.5,37,1,"{'WiFi': ""u'free'"", 'DogsAllowed': 'True', 'BusinessAcceptsCreditCards': 'True', 'RestaurantsPriceRange2': '2', 'RestaurantsDelivery': 'True', 'RestaurantsTakeOut': 'True'}","Juice Bars & Smoothies, Bubble Tea, Coffee & Tea, Food","{'Monday': '0:0-0:0', 'Tuesday': '12:0-20:0', 'Wednesday': '12:0-20:0', 'Thursday': '12:0-20:0', 'Friday': '12:0-18:0', 'Saturday': '12:0-20:0', 'Sunday': '12:0-20:0'}"
gnGIQWAwL28OhKlSxbVfyw,Pho 99 Vietnamese Cuisine,"1028 Manhattan Blvd, Ste E",Harvey,LA,70058,29.8996888,-90.0641855,2.5,8,0,"{'BusinessAcceptsCreditCards': 'True', 'WheelchairAccessible': 'True', 'NoiseLevel': ""u'average'"", 'GoodForKids': 'True', 'Alcohol': ""u'beer_and_wine'"", 'RestaurantsTakeOut': 'True', 'RestaurantsPriceRange2': '1', 'DogsAllowed': 'False', 'RestaurantsReservations': 'False', 'Caters': 'False', 'RestaurantsAttire': ""u'casual'"", 'HasTV': 'True', 'BikeParking': 'False', 'OutdoorSeating': 'False', 'BusinessAcceptsBitcoin': 'False', 'WiFi': ""u'no'"", 'RestaurantsTableService': 'True', 'GoodForMeal': ""{'dessert': False, 'latenight': False, 'lunch': False, 'dinner': False, 'brunch': False, 'breakfast': False}"", 'RestaurantsGoodForGroups': 'True', 'BusinessParking': ""{'garage': False, 'street': False, 'validated': False, 'lot': True, 'valet': False}"", 'Ambience': ""{'touristy': False, 'hipster': False, 'romantic': False, 'divey': False, 'intimate': False, 'trendy': False, 'upscale': False, 'classy': False, 'casual': False}"", 'RestaurantsDelivery': 'True'}","Breakfast & Brunch, Sandwiches, Bubble Tea, Cafes, Restaurants, Vietnamese, Food","{'Monday': '8:0-21:0', 'Wednesday': '8:0-21:0', 'Thursday': '8:0-21:0', 'Friday': '8:0-21:0', 'Saturday': '8:0-21:0', 'Sunday': '8:0-21:0'}"
1w40T5J6br425rMvpS1zgQ,La Cocina del Cafe,1500 S Broad St,Philadelphia,PA,19146,39.9316737,-75.1684579,5.0,24,1,"{'BikeParking': 'True', 'BusinessParking': ""{'garage': None, 'street': None, 'validated': None, 'lot': False, 'valet': False}"", 'RestaurantsDelivery': 'True', 'Alcohol': ""u'none'"", 'RestaurantsTableService': 'True', 'WiFi': ""u'free'"", 'RestaurantsTakeOut': 'True', 'WheelchairAccessible': 'False', 'BusinessAcceptsCreditCards': 'True', 'HasTV': 'True', 'Ambience': ""{u'divey': None, u'hipster': None, u'casual': None, u'touristy': None, u'trendy': None, u'intimate': None, u'romantic': None, u'classy': None, u'upscale': False}"", 'Caters': 'False'}","Coffee & Tea, Food, Bubble Tea, Restaurants, Cafes, Mexican, Latin American, Breakfast & Brunch","{'Tuesday': '10:0-22:0', 'Wednesday': '10:0-22:0', 'Thursday': '10:0-22:0', 'Friday': '10:0-22:0', 'Saturday': '11:0-22:0', 'Sunday': '11:0-21:0'}"
P3u-RmooNdeWOP6utecNLw,MiMi Seafood and Bánh Mì,932 Westbank Expy,Gretna,LA,70053,29.9063413,-90.0607331,4.5,33,0,"{'RestaurantsGoodForGroups': 'True', 'BusinessAcceptsBitcoin': 'False', 'RestaurantsReservations': 'True', 'WiFi': ""'free'"", 'RestaurantsPriceRange2': '1', 'GoodForKids': 'True', 'Alcohol': ""u'none'"", 'Ambience': ""{'touristy': False, 'hipster': False, 'romantic': False, 'divey': False, 'intimate': False, 'trendy': False, 'upscale': False, 'classy': False, 'casual': True}"", 'RestaurantsTableService': 'False', 'BikeParking': 'True', 'RestaurantsTakeOut': 'True', 'Caters': 'True', 'RestaurantsAttire': ""'casual'"", 'GoodForMeal': ""{'dessert': True, 'latenight': False, 'lunch': True, 'dinner': False, 'brunch': False, 'breakfast': False}"", 'WheelchairAccessible': 'True', 'DogsAllowed': 'False', 'BusinessParking': ""{'garage': False, 'street': False, 'validated': False, 'lot': True, 'valet': False}"", 'OutdoorSeating': 'False', 'HasTV': 'True', 'RestaurantsDelivery': 'True', 'BusinessAcceptsCreditCards': 'True'}","Food, American (New), Restaurants, Seafood, Coffee & Tea, Vegetarian, Vietnamese, Bubble Tea",
cXCky2gHKQo566ThcoVtJg,Kung Fu Tea,6 W State St,Doylestown,PA,18901,40.3097655,-75.1306828,4.5,13,1,"{'RestaurantsTakeOut': 'True', 'BusinessParking': ""{'garage': False, 'street': True, 'validated': False, 'lot': True, 'valet': False}"", 'RestaurantsDelivery': 'True'}","Food, Coffee & Tea, Juice Bars & Smoothies, Bubble Tea","{'Monday': '11:0-20:0', 'Tuesday': '11:0-20:0', 'Wednesday': '11:0-21:0', 'Thursday': '11:0-21:0', 'Friday': '11:0-21:0', 'Saturday': '11:0-21:0', 'Sunday': '11:0-20:0'}"
NswyW1E_C9hsKdW5oOF_Tg,Royal Tea Truck,40th St & Locust St,Philadelphia,PA,19104,39.9529301182,-75.2028094667,4.0,40,0,"{'BusinessParking': ""{'garage': False, 'street': True, 'validated': False, 'lot': False, 'valet': False}"", 'Caters': 'True', 'BikeParking': 'True', 'RestaurantsDelivery': 'False', 'Alcohol': ""'none'"", 'RestaurantsPriceRange2': '1', 'BusinessAcceptsCreditCards': 'True', 'WheelchairAccessible': 'True', 'BusinessAcceptsBitcoin': 'False', 'GoodForMeal': ""{'dessert': False, 'latenight': False, 'lunch': False, 'dinner': False, 'brunch': False, 'breakfast': False}"", 'RestaurantsTakeOut': 'True'}","Food Trucks, Specialty Food, Bubble Tea, Ethnic Food, Taiwanese, Restaurants, Food","{'Monday': '10:30-19:0', 'Tuesday': '10:30-19:0', 'Wednesday': '10:30-19:0', 'Thursday': '10:30-19:0', 'Friday': '10:30-19:0'}"
y_xJzKTkZN96V5hvXahX9A,Coco Fresh Tea & Juice,"2920 Calgary Trail NW, Unit 110",Edmonton,AB,T6J 2G8,53.4594678,-113.4936157,4.0,20,1,"{'RestaurantsTakeOut': 'True', 'GoodForKids': 'True', 'RestaurantsPriceRange2': '2', 'BusinessParking': ""{'garage': False, 'street': False, 'validated': False, 'lot': False, 'valet': False}"", 'BikeParking': 'False', 'RestaurantsDelivery': 'True', 'DogsAllowed': 'False', 'Caters': 'True', 'WiFi': ""'free'"", 'OutdoorSeating': 'False'}","Coffee & Tea, Food, Bubble Tea","{'Monday': '12:0-22:0', 'Tuesday': '12:0-22:0', 'Wednesday': '12:0-22:0', 'Thursday': '12:0-22:0', 'Friday': '12:0-23:0', 'Saturday': '12:0-23:0', 'Sunday': '12:0-22:0'}"
oxISlLklo1F5nMiyqho6PA,Midtown Boba,3718 Midtown Dr,Tampa,FL,33607,27.953241,-82.5039913,4.5,26,1,"{'RestaurantsDelivery': 'True', 'RestaurantsTakeOut': 'True', 'BusinessParking': ""{u'valet': False, u'garage': True, u'street': True, u'lot': None, u'validated': None}""}","Coffee & Tea, Food, Bubble Tea",
e1l1IlKpL7FJlM4ivnoO2g,Bubble Tea Station Cafe,999 S Virginia St,Reno,NV,89502,39.5147817604,-119.8079108443,4.0,159,1,"{'WheelchairAccessible': 'True', 'GoodForMeal': ""{'dessert': False, 'latenight': False, 'lunch': False, 'dinner': False, 'brunch': False, 'breakfast': False}"", 'BikeParking': 'True', 'RestaurantsAttire': ""'casual'"", 'OutdoorSeating': 'True', 'DogsAllowed': 'True', 'DriveThru': 'True', 'RestaurantsDelivery': 'True', 'RestaurantsGoodForGroups': 'True', 'RestaurantsPriceRange2': '1', 'BusinessAcceptsCreditCards': 'True', 'GoodForKids': 'True', 'Ambience': ""{'touristy': False, 'hipster': False, 'romantic': False, 'divey': False, 'intimate': False, 'trendy': False, 'upscale': False, 'classy': False, 'casual': False}"", 'WiFi': ""u'free'"", 'BusinessParking': ""{'garage': False, 'street': True, 'validated': False, 'lot': True, 'valet': False}"", 'RestaurantsReservations': 'False', 'Caters': 'True', 'ByAppointmentOnly': 'False', 'RestaurantsTakeOut': 'None'}","Burgers, Food, Hot Dogs, Restaurants, Bubble Tea, Coffee & Tea","{'Monday': '0:0-0:0', 'Tuesday': '12:0-20:0', 'Wednesday': '12:0-20:0', 'Thursday': '12:0-21:0', 'Friday': '12:0-21:0', 'Saturday': '12:0-21:0', 'Sunday': '12:0-21:0'}"
b6kCTSH1kHtfcHxUTm2odA,BAMBU,"600 Washington Ave, Ste 9",Philadelphia,PA,19147,39.9346629,-75.1542102,4.0,170,1,"{'BikeParking': 'True', 'OutdoorSeating': 'False', 'BusinessAcceptsCreditCards': 'False', 'RestaurantsPriceRange2': '1', 'DogsAllowed': 'False', 'RestaurantsDelivery': 'False', 'GoodForMeal': ""{'dessert': False, 'latenight': False, 'lunch': False, 'dinner': False, 'brunch': False, 'breakfast': False}"", 'Caters': 'False', 'ByAppointmentOnly': 'False', 'NoiseLevel': ""u'average'"", 'WheelchairAccessible': 'True', 'RestaurantsTakeOut': 'True', 'BusinessParking': ""{'garage': False, 'street': False, 'validated': False, 'lot': True, 'valet': False}"", 'Alcohol': ""'none'"", 'HasTV': 'True', 'GoodForKids': 'True'}","Desserts, Bubble Tea, Juice Bars & Smoothies, Food, Coffee & Tea, Restaurants, Vietnamese","{'Monday': '9:0-19:0', 'Tuesday': '9:0-21:0', 'Wednesday': '9:0-21:0', 'Thursday': '9:0-19:0', 'Friday': '9:0-21:0', 'Saturday': '9:0-21:0', 'Sunday': '9:0-19:0'}"
ij4m-6fYAq16IlmHEQFAIw,Swirl Cafe,4610 Cedar Ave,Philadelphia,PA,19143,39.9488850074,-75.2159567953,5.0,6,0,"{'Caters': 'False', 'HasTV': 'True', 'RestaurantsTakeOut': 'False', 'OutdoorSeating': 'True', 'RestaurantsDelivery': 'False', 'Alcohol': ""u'none'"", 'RestaurantsTableService': 'False', 'BusinessAcceptsCreditCards': 'False', 'Ambience': ""{'touristy': False, 'hipster': False, 'romantic': False, 'divey': False, 'intimate': False, 'trendy': False, 'upscale': False, 'classy': False, 'casual': False}"", 'BusinessParking': 'None', 'WheelchairAccessible': 'True', 'GoodForMeal': ""{'dessert': False, 'latenight': False, 'lunch': False, 'dinner': False, 'brunch': False, 'breakfast': False}"", 'WiFi': ""u'no'"", 'DogsAllowed': 'True', 'BikeParking': 'False', 'RestaurantsReservations': 'False', 'BusinessAcceptsBitcoin': 'False'}","Restaurants, Ice Cream & Frozen Yogurt, Food, Cafes, Bubble Tea","{'Monday': '0:0-0:0', 'Tuesday': '11:0-21:0', 'Wednesday': '11:0-21:0', 'Thursday': '11:0-21:0', 'Friday': '11:0-21:0', 'Saturday': '11:0-21:0', 'Sunday': '11:0-21:0'}"
-qBwKdTHaYClas69Y5biWQ,Mr deer the camp,1023 Cherry St,Philadelphia,PA,19107,39.95476,-75.156933,4.0,78,1,"{'RestaurantsDelivery': 'True', 'RestaurantsTakeOut': 'True', 'RestaurantsPriceRange2': '2', 'DogsAllowed': 'False', 'BusinessParking': ""{u'valet': False, u'garage': None, u'street': True, u'lot': False, u'validated': None}"", 'BusinessAcceptsCreditCards': 'True', 'NoiseLevel': ""u'average'""}","Bubble Tea, Food","{'Monday': '11:0-21:0', 'Tuesday': '11:0-18:0', 'Wednesday': '11:0-21:0', 'Thursday': '11:0-21:0', 'Friday': '11:0-21:0', 'Saturday': '11:0-21:0', 'Sunday': '11:0-23:0'}"
HAUzjmv7YWHulWLsgdgmIw,Ten Asian Food Hall,1715 Chestnut St,Philadelphia,PA,19103,39.9516409,-75.1693482,3.5,74,1,"{'RestaurantsPriceRange2': '2', 'OutdoorSeating': 'False', 'HappyHour': 'False', 'RestaurantsDelivery': 'True', 'BusinessParking': ""{'garage': None, 'street': None, 'validated': False, 'lot': False, 'valet': False}"", 'RestaurantsReservations': 'False', 'HasTV': 'True', 'BusinessAcceptsCreditCards': 'True', 'RestaurantsGoodForGroups': 'True', 'Ambience': ""{'touristy': False, 'hipster': False, 'romantic': False, 'divey': False, 'intimate': False, 'trendy': False, 'upscale': False, 'classy': True, 'casual': False}"", 'Alcohol': ""u'none'"", 'WiFi': ""u'free'"", 'DogsAllowed': 'False', 'RestaurantsTableService': 'False', 'RestaurantsTakeOut': 'True', 'GoodForMeal': ""{'dessert': True, 'latenight': None, 'lunch': None, 'dinner': None, 'brunch': None, 'breakfast': None}""}","Asian Fusion, Japanese, Restaurants, Ramen, Bubble Tea, Poke, Food","{'Monday': '10:30-21:30', 'Tuesday': '10:30-21:30', 'Wednesday': '10:30-21:30', 'Thursday': '10:30-21:30', 'Friday': '10:30-21:30', 'Saturday': '10:30-21:30', 'Sunday': '10:30-21:30'}"
14Mth2EHCYDRDfJ0ngsWfg,Latea Bubble Tea Lounge,"530 Massachusetts Ave, Ste 180",Indianapolis,IN,46204,39.774866,-86.149923,4.5,156,1,"{'BusinessAcceptsCreditCards': 'True', 'BusinessAcceptsBitcoin': 'False', 'NoiseLevel': ""u'average'"", 'RestaurantsDelivery': 'True', 'Caters': 'True', 'WiFi': ""u'free'"", 'BusinessParking': ""{'garage': True, 'street': True, 'validated': False, 'lot': False, 'valet': False}"", 'RestaurantsTakeOut': 'True', 'BikeParking': 'True', 'WheelchairAccessible': 'True', 'RestaurantsPriceRange2': '2', 'DogsAllowed': 'False'}","Bakeries, Food, Tea Rooms, Bubble Tea","{'Monday': '12:0-21:0', 'Tuesday': '12:0-21:0', 'Wednesday': '12:0-21:0', 'Thursday': '12:0-21:0', 'Friday': '12:0-17:0', 'Saturday': '12:0-21:0', 'Sunday': '12:0-21:0'}"
Yp6sJSnO7VadURPMILezqQ,The Whale Tea,1226 Broadway Ave,Boise,ID,83706,43.59750278,-116.1931075166,4.5,7,1,"{'RestaurantsPriceRange2': '2', 'NoiseLevel': ""u'average'"", 'BusinessParking': ""{u'valet': False, u'garage': False, u'street': True, u'lot': None, u'validated': None}""}","Food, Juice Bars & Smoothies, Bubble Tea, Tea Rooms","{'Monday': '11:0-20:0', 'Tuesday': '11:0-20:0', 'Wednesday': '11:0-20:0', 'Thursday': '11:0-20:0', 'Friday': '11:0-20:0', 'Saturday': '11:0-20:0', 'Sunday': '11:0-20:0'}"
K83AQ_2U1Fuf_TIF-fRRXg,Kung Fu Tea,13 N 32nd St,Philadelphia,PA,19104,39.955934,-75.187982,4.0,28,1,"{'OutdoorSeating': 'False', 'DogsAllowed': 'False', 'BusinessAcceptsCreditCards': 'True', 'BusinessParking': ""{'garage': True, 'street': True, 'validated': False, 'lot': False, 'valet': False}"", 'RestaurantsTakeOut': 'True', 'WheelchairAccessible': 'True', 'DriveThru': 'False', 'RestaurantsDelivery': 'True', 'WiFi': ""u'free'"", 'BikeParking': 'False'}","Juice Bars & Smoothies, Coffee & Tea, Food, Bubble Tea","{'Monday': '11:0-23:0', 'Tuesday': '11:0-23:0', 'Wednesday': '11:0-23:0', 'Thursday': '11:0-23:0', 'Friday': '11:0-23:0', 'Saturday': '11:0-23:0', 'Sunday': '11:0-23:0'}"
GDcNvFZPEAzOFk4x4EbGEw,Ding Tea Nola,1440 Lapalco Blvd,Harvey,LA,70058,29.8768592,-90.0452457,4.0,31,1,"{'WiFi': ""u'free'"", 'BusinessParking': ""{u'valet': False, u'garage': False, u'street': False, u'lot': True, u'validated': False}"", 'RestaurantsPriceRange2': '2'}","Themed Cafes, Cafes, Restaurants, Bubble Tea, Coffee & Tea, Food","{'Monday': '11:0-21:0', 'Tuesday': '11:0-21:0', 'Wednesday': '11:0-21:0', 'Thursday': '11:0-21:0', 'Friday': '11:0-21:0', 'Saturday': '11:0-21:0', 'Sunday': '11:0-21:0'}"
jJ4zZY2cZj6VRY5pUL6lIg,Baker Boss Cafe,5694 Nolensville Pike,Nashville,TN,37211,36.0469533703,-86.7104372755,4.5,60,1,"{'NoiseLevel': ""u'quiet'"", 'Alcohol': ""u'none'"", 'BusinessParking': ""{'garage': False, 'street': False, 'validated': False, 'lot': False, 'valet': False}"", 'BusinessAcceptsCreditCards': 'True', 'OutdoorSeating': 'None', 'RestaurantsTableService': 'False', 'BYOB': 'False', 'RestaurantsDelivery': 'None', 'BikeParking': 'False', 'Caters': 'False', 'WiFi': ""u'free'"", 'Corkage': 'False', 'RestaurantsTakeOut': 'True', 'WheelchairAccessible': 'True'}","Restaurants, Vietnamese, Cafes, Food, Delis, Bubble Tea, Bakeries, Noodles, Sandwiches","{'Monday': '11:0-21:0', 'Tuesday': '11:0-21:0', 'Friday': '11:0-21:0', 'Saturday': '11:0-21:0', 'Sunday': '11:0-21:0'}"
l_j_c459iCHesKPhNE0qWQ,Tbaar Boise,13613 W McMillan Rd Boise Id 83713,Boise,ID,83713,43.647891,-116.3524128,4.5,41,1,"{'WiFi': ""u'free'"", 'BikeParking': 'True', 'Caters': 'True', 'BusinessParking': ""{'garage': True, 'street': False, 'validated': False, 'lot': False, 'valet': False}"", 'WheelchairAccessible': 'True', 'RestaurantsTakeOut': 'True', 'BusinessAcceptsCreditCards': 'True', 'DogsAllowed': 'True', 'RestaurantsPriceRange2': '2'}","Bubble Tea, Juice Bars & Smoothies, Food, Coffee & Tea","{'Monday': '10:0-20:30', 'Tuesday': '10:0-20:30', 'Wednesday': '10:0-20:30', 'Thursday': '10:0-20:30', 'Friday': '10:0-20:30', 'Saturday': '10:0-20:30', 'Sunday': '10:0-20:30'}"
ocg7vFsYZv2uN7c45JTyJQ,Pholicious,230 Montgomery Mall,North Wales,PA,19454,40.2343968,-75.2443079,4.5,31,1,"{'BusinessParking': ""{'garage': False, 'street': False, 'validated': False, 'lot': False, 'valet': False}"", 'BikeParking': 'True', 'RestaurantsPriceRange2': '1', 'BusinessAcceptsCreditCards': 'True', 'RestaurantsAttire': ""'casual'"", 'RestaurantsReservations': 'True', 'RestaurantsGoodForGroups': 'True', 'Ambience': ""{'touristy': False, 'hipster': False, 'romantic': False, 'divey': False, 'intimate': False, 'trendy': False, 'upscale': False, 'classy': False, 'casual': False}"", 'RestaurantsDelivery': 'False', 'RestaurantsTakeOut': 'True', 'GoodForMeal': ""{'dessert': False, 'latenight': False, 'lunch': False, 'dinner': False, 'brunch': False, 'breakfast': False}"", 'GoodForKids': 'True', 'HasTV': 'True'}","Restaurants, Food, Bubble Tea, Fast Food, Vietnamese",
vGWxHSjUQrS3fLJdax2V6Q,Frosty's Caffe,2800 Manhattan Blvd,Harvey,LA,70058,29.8707932,-90.0486619,4.5,97,1,"{'RestaurantsTakeOut': 'True', 'RestaurantsReservations': 'False', 'RestaurantsAttire': ""'casual'"", 'RestaurantsDelivery': 'False', 'GoodForKids': 'True', 'RestaurantsPriceRange2': '1', 'BusinessParking': ""{'garage': False, 'street': False, 'validated': False, 'lot': True, 'valet': False}"", 'BusinessAcceptsCreditCards': 'True', 'HasTV': 'True', 'BikeParking': 'False', 'RestaurantsGoodForGroups': 'True', 'NoiseLevel': ""'average'"", 'RestaurantsTableService': 'False', 'Alcohol': ""'none'"", 'OutdoorSeating': 'True', 'GoodForMeal': ""{'dessert': False, 'latenight': False, 'lunch': True, 'dinner': False, 'brunch': True, 'breakfast': False}"", 'Caters': 'False', 'WiFi': ""u'free'"", 'Ambience': ""{'touristy': False, 'hipster': False, 'romantic': False, 'divey': False, 'intimate': False, 'trendy': False, 'upscale': False, 'classy': False, 'casual': True}"", 'DogsAllowed': 'False'}","Bubble Tea, Juice Bars & Smoothies, Food, Restaurants, Coffee & Tea, Vietnamese","{'Monday': '10:0-20:0', 'Tuesday': '10:0-20:0', 'Wednesday': '10:0-20:0', 'Thursday': '10:0-20:0', 'Friday': '10:0-20:0', 'Saturday': '10:0-20:0'}"
SzEV-Sz9_kRNQSxwXTPYrg,Happy Teriyaki,"6580 S Federal Way, Ste 160",Boise,ID,83716,43.5419581862,-116.1533846548,4.0,23,1,"{'GoodForKids': 'True', 'RestaurantsTableService': 'False', 'RestaurantsTakeOut': 'True', 'OutdoorSeating': 'True', 'RestaurantsAttire': ""'casual'"", 'RestaurantsPriceRange2': '1', 'RestaurantsReservations': 'False', 'BusinessParking': ""{'garage': False, 'street': False, 'validated': False, 'lot': True, 'valet': False}"", 'BusinessAcceptsCreditCards': 'True', 'HasTV': 'True', 'RestaurantsGoodForGroups': 'True', 'Ambience': ""{'touristy': None, 'hipster': None, 'romantic': None, 'divey': None, 'intimate': False, 'trendy': None, 'upscale': None, 'classy': False, 'casual': True}"", 'GoodForMeal': ""{'dessert': None, 'latenight': None, 'lunch': True, 'dinner': None, 'brunch': None, 'breakfast': None}"", 'RestaurantsDelivery': 'True'}","Restaurants, Japanese, Food, Bubble Tea, Asian Fusion","{'Monday': '11:0-20:0', 'Tuesday': '11:0-20:0', 'Wednesday': '11:0-20:0', 'Thursday': '11:0-20:0', 'Friday': '11:0-20:0', 'Saturday': '11:0-20:0'}"
YC5VPyejP_5ZpvERE283DQ,Bubble Love,900 Rosa L Parks Blvd,Nashville,TN,37208,36.1706189,-86.7888584,3.0,48,1,"{'BusinessAcceptsBitcoin': 'False', 'Caters': 'True', 'BusinessAcceptsCreditCards': 'True', 'BikeParking': 'True', 'DogsAllowed': 'True', 'BusinessParking': ""{'garage': False, 'street': False, 'validated': False, 'lot': False, 'valet': False}"", 'RestaurantsTakeOut': 'True', 'RestaurantsDelivery': 'True', 'WheelchairAccessible': 'True'}","Bubble Tea, Farmers Market, Food","{'Monday': '0:0-0:0', 'Wednesday': '10:0-18:0', 'Thursday': '10:0-18:0', 'Friday': '10:0-20:0', 'Saturday': '10:0-20:0', 'Sunday': '10:0-18:0'}"
4k1CBVYSQvE2OuikeZ0KEg,Polar Bear Ice Cream Roll,15006 N Dale Mabry Hwy,Tampa,FL,33618,28.08626307,-82.5057625026,4.5,17,0,"{'WiFi': ""'no'"", 'RestaurantsTakeOut': 'True', 'RestaurantsPriceRange2': '1', 'BikeParking': 'True', 'BusinessParking': ""{'garage': False, 'street': False, 'validated': False, 'lot': False, 'valet': False}"", 'BusinessAcceptsCreditCards': 'True'}","Bubble Tea, Food, Ice Cream & Frozen Yogurt","{'Monday': '12:0-21:30', 'Tuesday': '12:0-21:30', 'Wednesday': '12:0-21:30', 'Thursday': '12:0-21:30', 'Friday': '12:0-21:30', 'Saturday': '12:0-21:30', 'Sunday': '12:0-21:30'}"
DL1JRfRo3Wtc76PY8-hWeg,Urban Fox - Coffee & Boba,"2970 N Eagle Rd, Ste 100",Meridian,ID,83646,43.6320543574,-116.3537820172,4.5,115,1,"{'BikeParking': 'False', 'BusinessParking': ""{'garage': False, 'street': True, 'validated': False, 'lot': True, 'valet': False}"", 'BusinessAcceptsCreditCards': 'True', 'DriveThru': 'False', 'GoodForKids': 'True', 'RestaurantsPriceRange2': '1', 'Caters': 'True', 'ByAppointmentOnly': 'False', 'WheelchairAccessible': 'False', 'WiFi': ""u'free'"", 'NoiseLevel': ""u'average'"", 'RestaurantsDelivery': 'False', 'HappyHour': 'True', 'RestaurantsTakeOut': 'True', 'OutdoorSeating': 'True'}","Coffee & Tea, Bubble Tea, Desserts, Food","{'Monday': '0:0-0:0', 'Tuesday': '9:0-20:0', 'Wednesday': '9:0-20:0', 'Thursday': '9:0-20:0', 'Friday': '9:0-17:0', 'Saturday': '9:0-20:0'}"
vTPyT8fRAp837rdEX8GQjw,Koko Tea,18 N Meridian St,Indianapolis,IN,46204,39.7677129,-86.1582554,3.5,14,1,"{'BusinessParking': ""{u'valet': False, u'garage': False, u'street': True, u'lot': False, u'validated': False}""}","Food, Bubble Tea","{'Monday': '11:0-22:0', 'Tuesday': '11:0-22:0', 'Wednesday': '11:0-22:0', 'Thursday': '11:0-22:0', 'Friday': '11:0-23:30', 'Saturday': '11:0-23:30', 'Sunday': '11:0-22:0'}"
t37j5pzNWqAbaraItvsK-g,So ThirsTea,"830 Nissan Dr, Ste 140",Smyrna,TN,37167,35.9693153281,-86.4949437706,4.5,7,1,"{'WheelchairAccessible': 'True', 'BusinessAcceptsCreditCards': 'True', 'RestaurantsTakeOut': 'True', 'RestaurantsDelivery': 'None'}","Food, Bubble Tea","{'Monday': '11:0-20:0', 'Tuesday': '11:0-20:0', 'Wednesday': '11:0-20:0', 'Thursday': '11:0-20:0', 'Friday': '11:0-20:0', 'Saturday': '11:0-16:0', 'Sunday': '12:0-18:0'}"
JU4Ea-xwPCGOUG93TUrVmA,1 2 Tea,199 Damonte Ranch Pkwy,VC Highlands,NV,89521,39.4211118,-119.755588,4.5,40,1,"{'BusinessParking': ""{u'valet': False, u'garage': False, u'street': None, u'lot': True, u'validated': False}"", 'RestaurantsTakeOut': 'True', 'RestaurantsDelivery': 'True'}","Juice Bars & Smoothies, Food, Coffee & Tea, Desserts, Tea Rooms, Bubble Tea","{'Monday': '0:0-0:0', 'Tuesday': '11:0-21:0', 'Wednesday': '11:0-21:0', 'Thursday': '11:0-21:0', 'Friday': '11:0-21:0', 'Saturday': '11:0-21:0', 'Sunday': '11:0-21:0'}"
_ex5K7tBQb5L4TcBJJoohg,Gabby’s,2700 Easton Rd,Willow Grove,PA,19090,40.1696375,-75.1271508,4.0,36,0,"{'RestaurantsTakeOut': 'True', 'RestaurantsTableService': 'False', 'RestaurantsAttire': ""'casual'"", 'Ambience': ""{'touristy': False, 'hipster': False, 'romantic': False, 'divey': False, 'intimate': False, 'trendy': False, 'upscale': False, 'classy': False, 'casual': False}"", 'OutdoorSeating': 'False', 'BusinessAcceptsCreditCards': 'True', 'RestaurantsGoodForGroups': 'False', 'WheelchairAccessible': 'True', 'HasTV': 'False', 'HappyHour': 'True', 'Caters': 'True', 'NoiseLevel': ""'average'"", 'RestaurantsDelivery': 'True', 'BikeParking': 'False', 'RestaurantsReservations': 'False', 'GoodForKids': 'True', 'BusinessParking': ""{'garage': False, 'street': False, 'validated': False, 'lot': True, 'valet': False}"", 'GoodForMeal': ""{'dessert': False, 'latenight': False, 'lunch': True, 'dinner': False, 'brunch': False, 'breakfast': False}"", 'Alcohol': ""u'none'"", 'RestaurantsPriceRange2': '1', 'WiFi': ""u'free'""}","Food, Restaurants, Vietnamese, Sandwiches, Asian Fusion, Bubble Tea, Fast Food","{'Monday': '0:0-0:0', 'Tuesday': '11:0-20:30', 'Wednesday': '11:0-20:30', 'Thursday': '11:0-14:30', 'Friday': '11:0-20:30', 'Saturday': '11:0-20:30'}"
6SYG6M05gIwaj3doas6X9Q,Tealeaf Cafe,"6775 Sierra Center Pkwy, Ste 200",Reno,NV,89511,39.4652229024,-119.7812043316,4.0,125,1,"{'GoodForMeal': ""{'dessert': False, 'latenight': False, 'lunch': False, 'dinner': False, 'brunch': False, 'breakfast': False}"", 'BusinessAcceptsCreditCards': 'True', 'RestaurantsReservations': 'True', 'Ambience': ""{'touristy': False, 'hipster': False, 'romantic': False, 'divey': False, 'intimate': False, 'trendy': True, 'upscale': False, 'classy': False, 'casual': True}"", 'DogsAllowed': 'False', 'Alcohol': ""u'none'"", 'RestaurantsTakeOut': 'True', 'HasTV': 'False', 'RestaurantsAttire': ""u'casual'"", 'RestaurantsPriceRange2': '1', 'GoodForKids': 'True', 'WheelchairAccessible': 'True', 'HappyHour': 'False', 'RestaurantsDelivery': 'True', 'RestaurantsGoodForGroups': 'True', 'BusinessParking': ""{'garage': False, 'street': None, 'validated': False, 'lot': True, 'valet': False}"", 'NoiseLevel': ""u'average'"", 'Caters': 'False', 'RestaurantsTableService': 'False', 'WiFi': ""u'free'"", 'OutdoorSeating': 'None'}","Cafes, Bubble Tea, Food, Restaurants","{'Monday': '10:0-18:0', 'Tuesday': '10:0-18:0', 'Wednesday': '10:0-18:0', 'Thursday': '10:0-18:0', 'Friday': '10:0-18:0', 'Saturday': '10:0-18:0', 'Sunday': '11:0-17:0'}"
bqJSblRnV1Qf689lxIFBiw,Ding Tea Tampa,2202 W Waters Ave,Tampa,FL,33604,28.0249493879,-82.4816715717,4.5,65,1,"{'OutdoorSeating': 'False', 'BusinessAcceptsCreditCards': 'True', 'NoiseLevel': ""u'average'"", 'WheelchairAccessible': 'False', 'RestaurantsTakeOut': 'True', 'WiFi': ""u'free'"", 'RestaurantsPriceRange2': '2', 'RestaurantsDelivery': 'True', 'BusinessParking': ""{'garage': False, 'street': False, 'validated': False, 'lot': True, 'valet': False}""}","Vietnamese, Juice Bars & Smoothies, Food, Bubble Tea, Coffee & Tea, Restaurants","{'Monday': '10:0-21:0', 'Tuesday': '10:0-21:0', 'Wednesday': '10:0-21:0', 'Thursday': '10:0-21:0', 'Friday': '10:0-21:0', 'Saturday': '10:0-21:0', 'Sunday': '10:0-21:0'}"
jCCFD-0Gi2-bFZokbTt5wg,Sippy's Bubble Tea,1904 Darby Rd,Havertown,PA,19083,39.9842749578,-75.3074844882,4.5,8,1,"{'DogsAllowed': 'True', 'Caters': 'True', 'RestaurantsTakeOut': 'True', 'BikeParking': 'True', 'WiFi': ""u'no'"", 'BusinessAcceptsBitcoin': 'False', 'OutdoorSeating': 'False', 'WheelchairAccessible': 'False', 'BusinessAcceptsCreditCards': 'False', 'BusinessParking': ""{'garage': False, 'street': True, 'validated': False, 'lot': False, 'valet': False}""}","Coffee & Tea, Bubble Tea, Food","{'Monday': '13:0-18:0', 'Tuesday': '13:0-18:0', 'Wednesday': '13:0-18:0', 'Thursday': '13:0-18:0', 'Friday': '13:0-18:0', 'Saturday': '13:0-18:0'}"
3fpAmsSuEFNF29UUPpgwlw,Spudnuts & Bagels,3629 State St,Santa Barbara,CA,93105,34.4401969,-119.7414014,4.5,292,1,"{'BusinessAcceptsCreditCards': 'True', 'BusinessParking': ""{'garage': False, 'street': False, 'validated': False, 'lot': True, 'valet': False}"", 'RestaurantsPriceRange2': '1', 'Caters': 'False', 'BikeParking': 'True', 'RestaurantsDelivery': 'True', 'RestaurantsTakeOut': 'None'}","Restaurants, Bagels, Coffee & Tea, Food, Bubble Tea, Donuts","{'Monday': '5:0-17:0', 'Tuesday': '5:0-17:0', 'Wednesday': '5:0-17:0', 'Thursday': '5:0-17:0', 'Friday': '5:0-17:0', 'Saturday': '5:0-17:0', 'Sunday': '5:0-13:0'}"
m7DA8pzug_TcB3EBs1w_vg,Tbaar Philadelphia,"2842 Saint Vincent St, Ste A4",Philadelphia,PA,19149,40.041618,-75.055023,4.0,43,1,"{'WheelchairAccessible': 'True', 'BusinessParking': ""{'garage': False, 'street': False, 'validated': False, 'lot': True, 'valet': False}"", 'WiFi': ""u'free'"", 'NoiseLevel': ""u'average'"", 'RestaurantsTakeOut': 'True', 'BikeParking': 'True', 'RestaurantsPriceRange2': '1', 'OutdoorSeating': 'False', 'RestaurantsDelivery': 'True', 'DogsAllowed': 'False', 'BusinessAcceptsCreditCards': 'True', 'Caters': 'False', 'ByAppointmentOnly': 'False'}","Bubble Tea, Food, Coffee & Tea, Juice Bars & Smoothies","{'Monday': '11:0-19:0', 'Tuesday': '11:0-19:0', 'Wednesday': '11:0-19:0', 'Thursday': '11:0-19:0', 'Friday': '11:0-19:0', 'Saturday': '11:0-19:0', 'Sunday': '11:0-19:0'}"
pJD9h8b6VesW5zpWB7sowQ,Youmi Crepes and Bubble Tea,823 Broad Ripple Ave,Indianapolis,IN,46220,39.8697542418,-86.144270629,3.5,106,1,"{'BikeParking': 'True', 'RestaurantsPriceRange2': '1', 'WiFi': ""u'no'"", 'GoodForMeal': ""{'dessert': True, 'latenight': False, 'lunch': True, 'dinner': False, 'brunch': False, 'breakfast': False}"", 'RestaurantsReservations': 'False', 'RestaurantsGoodForGroups': 'True', 'RestaurantsAttire': ""u'casual'"", 'Ambience': ""{'romantic': False, 'intimate': False, 'classy': False, 'hipster': False, 'divey': False, 'touristy': False, 'trendy': False, 'upscale': False, 'casual': True}"", 'WheelchairAccessible': 'True', 'DogsAllowed': 'False', 'Alcohol': ""u'none'"", 'Caters': 'False', 'BusinessParking': ""{'garage': False, 'street': True, 'validated': False, 'lot': False, 'valet': False}"", 'BusinessAcceptsBitcoin': 'False', 'BusinessAcceptsCreditCards': 'True', 'Corkage': 'False', 'RestaurantsTableService': 'False', 'OutdoorSeating': 'True', 'GoodForKids': 'True', 'RestaurantsDelivery': 'True', 'RestaurantsTakeOut': 'True', 'HappyHour': 'False', 'NoiseLevel': ""u'quiet'"", 'BYOB': 'False', 'HasTV': 'False'}","Creperies, Food, Restaurants, Bubble Tea, Desserts, Acai Bowls","{'Monday': '0:0-0:0', 'Thursday': '12:0-18:0', 'Friday': '12:0-19:0', 'Saturday': '12:0-20:0', 'Sunday': '12:0-19:0'}"
clLlY20esU2Rkkt_Xmr25w,Wyliepalooza Ice Cream SoBro,1049 East 54th St,Indianapolis,IN,46220,39.8509039,-86.140365,4.5,31,1,"{'DogsAllowed': 'True', 'WiFi': ""u'no'"", 'GoodForKids': 'True', 'RestaurantsDelivery': 'True', 'RestaurantsPriceRange2': '1', 'BusinessAcceptsCreditCards': 'True', 'BusinessParking': ""{'garage': False, 'street': False, 'validated': False, 'lot': True, 'valet': False}"", 'RestaurantsTakeOut': 'True'}","Bubble Tea, Desserts, Food, Ice Cream & Frozen Yogurt","{'Wednesday': '14:0-20:0', 'Thursday': '14:0-20:0', 'Friday': '13:0-20:0', 'Saturday': '13:0-20:0', 'Sunday': '13:0-18:30'}"
uizQiDP3fYaDvCxuwMaSew,Carina Tea & Waffles,3701 Chestnut St,Philadelphia,PA,19104,39.9553704676,-75.1969019117,3.5,74,0,"{'BusinessAcceptsCreditCards': 'True', 'BusinessParking': ""{'garage': False, 'street': True, 'validated': False, 'lot': False, 'valet': False}"", 'WiFi': ""u'free'"", 'OutdoorSeating': 'True', 'RestaurantsPriceRange2': '1', 'BikeParking': 'True', 'WheelchairAccessible': 'True'}","Desserts, Bubble Tea, Tea Rooms, Food, Coffee & Tea","{'Monday': '9:30-22:0', 'Tuesday': '9:30-22:0', 'Wednesday': '9:30-22:0', 'Thursday': '9:30-22:0', 'Friday': '9:30-22:0', 'Saturday': '11:0-23:0', 'Sunday': '11:0-21:0'}"
NezRPJDIIZMhN3RieC_d1w,35 Below,"2653 Bruce B Downs Blvd, Ste 116",Wesley Chapel,FL,33544,28.1950326393,-82.3542131732,4.5,12,1,{'RestaurantsPriceRange2': '2'},"Bubble Tea, Desserts, Ice Cream & Frozen Yogurt, Juice Bars & Smoothies, Beverage Store, Food",
PQ0QbT5I6V8JvOm0NRFlFw,Thuy Cafe,"5944 34th St N, Ste 22",Saint Petersburg,FL,33714,27.8257395637,-82.6799897374,4.0,141,1,"{'GoodForKids': 'True', 'RestaurantsAttire': ""u'casual'"", 'RestaurantsGoodForGroups': 'True', 'BusinessParking': ""{'garage': False, 'street': False, 'validated': False, 'lot': True, 'valet': False}"", 'RestaurantsPriceRange2': '1', 'RestaurantsTakeOut': 'True', 'RestaurantsDelivery': 'False', 'Alcohol': ""u'none'"", 'BusinessAcceptsCreditCards': 'True', 'OutdoorSeating': 'True', 'Caters': 'True', 'RestaurantsReservations': 'True', 'WiFi': ""u'free'"", 'Ambience': ""{'romantic': False, 'intimate': False, 'touristy': False, 'hipster': False, 'divey': False, 'classy': False, 'trendy': False, 'upscale': False, 'casual': True}"", 'GoodForMeal': ""{'dessert': False, 'latenight': False, 'lunch': True, 'dinner': False, 'brunch': False, 'breakfast': False}"", 'BikeParking': 'True', 'HasTV': 'True', 'NoiseLevel': ""u'average'""}","Bubble Tea, Vietnamese, Restaurants, Food, Sandwiches","{'Monday': '8:0-20:0', 'Tuesday': '8:0-20:0', 'Wednesday': '8:0-20:0', 'Thursday': '8:0-20:0', 'Friday': '8:0-20:0', 'Saturday': '8:0-20:0', 'Sunday': '8:0-20:0'}"
lXNsI2Js-tpCVNBw17PWCg,ThienNa Deli,6527 Park Blvd N,Pinellas Park,FL,33781,27.839465,-82.726731,4.0,24,0,"{'BusinessAcceptsCreditCards': 'True', 'RestaurantsTakeOut': 'True', 'RestaurantsAttire': ""'casual'"", 'BikeParking': 'True', 'GoodForKids': 'True', 'RestaurantsReservations': 'True', 'GoodForMeal': ""{'dessert': False, 'latenight': False, 'lunch': False, 'dinner': False, 'brunch': False, 'breakfast': False}"", 'NoiseLevel': ""u'quiet'"", 'RestaurantsPriceRange2': '1', 'Alcohol': ""u'none'"", 'WheelchairAccessible': 'True', 'RestaurantsDelivery': 'False', 'WiFi': ""u'free'"", 'RestaurantsGoodForGroups': 'True', 'OutdoorSeating': 'False', 'Ambience': ""{'romantic': False, 'intimate': False, 'classy': False, 'hipster': False, 'divey': False, 'touristy': False, 'trendy': False, 'upscale': False, 'casual': False}"", 'HasTV': 'False'}","Food, Seafood, Restaurants, Vietnamese, Bubble Tea, Juice Bars & Smoothies","{'Monday': '9:0-21:30', 'Tuesday': '9:0-21:30', 'Wednesday': '9:0-21:30', 'Friday': '9:0-21:30', 'Saturday': '9:0-22:0', 'Sunday': '9:0-22:0'}"
HEzgQ2bMFaYEeXs-48QjSw,Boba Tiki,21 S Jackson St,Media,PA,19063,39.9181768,-75.3892071,4.5,42,0,"{'RestaurantsTakeOut': 'True', 'BikeParking': 'False', 'BusinessParking': ""{'garage': False, 'street': True, 'validated': False, 'lot': False, 'valet': False}"", 'BusinessAcceptsCreditCards': 'True', 'Caters': 'True', 'WiFi': ""u'free'"", 'DogsAllowed': 'True', 'RestaurantsPriceRange2': '2', 'RestaurantsDelivery': 'None'}","Food, Bubble Tea, Ice Cream & Frozen Yogurt, Shaved Ice, Desserts","{'Monday': '0:0-0:0', 'Wednesday': '13:0-20:0', 'Thursday': '13:0-20:0', 'Friday': '13:0-20:0', 'Saturday': '13:0-20:0', 'Sunday': '13:0-20:0'}"
12uWSsgW5wkWzkxPycLtzw,Saigon Cafe,5118 Gall Blvd,Zephyrhills,FL,33542,28.2319554,-82.1803466,4.5,121,1,"{'RestaurantsReservations': 'False', 'WiFi': ""u'free'"", 'NoiseLevel': ""'average'"", 'RestaurantsAttire': ""'casual'"", 'DogsAllowed': 'False', 'RestaurantsPriceRange2': '1', 'RestaurantsGoodForGroups': 'True', 'GoodForMeal': ""{'dessert': False, 'latenight': False, 'lunch': True, 'dinner': True, 'brunch': False, 'breakfast': False}"", 'RestaurantsTakeOut': 'True', 'WheelchairAccessible': 'True', 'BikeParking': 'False', 'BusinessAcceptsCreditCards': 'True', 'Ambience': ""{'touristy': False, 'hipster': False, 'romantic': False, 'divey': False, 'intimate': False, 'trendy': False, 'upscale': False, 'classy': False, 'casual': True}"", 'RestaurantsDelivery': 'True', 'OutdoorSeating': 'False', 'GoodForKids': 'True', 'HasTV': 'True', 'Caters': 'True', 'BusinessParking': ""{'garage': False, 'street': False, 'validated': False, 'lot': True, 'valet': False}"", 'RestaurantsTableService': 'True', 'Alcohol': ""u'beer_and_wine'""}","Restaurants, Vietnamese, Food, Cafes, Bubble Tea","{'Monday': '0:0-0:0', 'Tuesday': '11:0-20:0', 'Wednesday': '11:0-20:0', 'Thursday': '11:0-20:0', 'Friday': '11:0-20:0', 'Saturday': '11:0-20:0', 'Sunday': '11:0-20:0'}"
IqY4dWzY-VaHGVznt-IDxA,Boba Lounge,"3701 State Rd 580 W, Ste C",Oldsmar,FL,34677,28.034101,-82.683487,4.5,15,1,"{'WiFi': ""u'free'"", 'BikeParking': 'True', 'Caters': 'False', 'BusinessAcceptsCreditCards': 'True', 'BusinessParking': ""{'garage': False, 'street': True, 'validated': False, 'lot': True, 'valet': False}"", 'DogsAllowed': 'True', 'RestaurantsDelivery': 'True', 'OutdoorSeating': 'False', 'BusinessAcceptsBitcoin': 'False', 'RestaurantsTakeOut': 'True', 'WheelchairAccessible': 'True'}","Juice Bars & Smoothies, Bubble Tea, Coffee & Tea, Food, Ice Cream & Frozen Yogurt","{'Monday': '0:0-0:0', 'Tuesday': '11:0-19:0', 'Wednesday': '11:0-19:0', 'Thursday': '11:0-19:0', 'Friday': '11:0-19:0', 'Saturday': '11:0-19:0', 'Sunday': '11:0-18:0'}"
M6ap9LXMEZmHf6NhlNpDQA,Thang Long Pho Restaurant,2534-36 Kensington Ave,Philadelphia,PA,19125,39.988408,-75.128555,4.5,157,1,"{'BusinessAcceptsCreditCards': 'True', 'BikeParking': 'True', 'NoiseLevel': ""u'average'"", 'BusinessParking': ""{'garage': False, 'street': True, 'validated': False, 'lot': False, 'valet': False}"", 'Ambience': ""{'romantic': False, 'intimate': False, 'touristy': False, 'upscale': False, 'divey': False, 'classy': False, 'trendy': False, 'hipster': False, 'casual': True}"", 'RestaurantsAttire': ""u'casual'"", 'WiFi': ""u'no'"", 'Alcohol': ""u'beer_and_wine'"", 'RestaurantsGoodForGroups': 'True', 'RestaurantsTakeOut': 'True', 'Caters': 'False', 'OutdoorSeating': 'False', 'GoodForKids': 'True', 'RestaurantsReservations': 'False', 'RestaurantsPriceRange2': '1', 'HasTV': 'True', 'WheelchairAccessible': 'True', 'GoodForMeal': ""{'dessert': False, 'latenight': False, 'lunch': True, 'dinner': True, 'brunch': False, 'breakfast': False}"", 'RestaurantsTableService': 'True', 'BYOB': 'False', 'DogsAllowed': 'False', 'BusinessAcceptsBitcoin': 'False', 'RestaurantsDelivery': 'True', 'HappyHour': 'False', 'Corkage': 'False'}","Asian Fusion, Noodles, Vietnamese, Vegan, Restaurants, Bubble Tea, Food, Soup","{'Monday': '9:0-20:30', 'Tuesday': '9:0-20:30', 'Wednesday': '9:0-20:30', 'Thursday': '9:0-20:30', 'Friday': '9:0-20:30', 'Saturday': '9:0-20:30', 'Sunday': '9:0-18:0'}"
RGtMrLcbsss7lbZsdVYrqQ,Ding Tea Tucson,2739 E Speedway Blvd,Tucson,AZ,85716,32.236409,-110.931314,5.0,27,1,"{'WiFi': ""u'free'"", 'OutdoorSeating': 'False', 'BusinessAcceptsCreditCards': 'True', 'BikeParking': 'True', 'RestaurantsPriceRange2': '2', 'WheelchairAccessible': 'True', 'RestaurantsDelivery': 'True', 'RestaurantsTakeOut': 'True', 'BusinessParking': ""{u'valet': False, u'garage': None, u'street': True, u'lot': True, u'validated': None}"", 'NoiseLevel': ""u'average'""}","Desserts, Coffee & Tea, Food, Bubble Tea","{'Monday': '0:0-0:0', 'Tuesday': '11:0-21:0', 'Wednesday': '11:0-21:0', 'Thursday': '11:0-21:0', 'Friday': '11:0-22:0', 'Saturday': '11:0-22:0', 'Sunday': '11:0-21:0'}"
oT_lhJd7LJpTrt8vAnN5fg,Hayashi Sushi,814 S 47th St,Philadelphia,PA,19143,39.948249,-75.2169454,4.5,53,1,"{'OutdoorSeating': 'False', 'WiFi': ""u'free'"", 'RestaurantsTakeOut': 'True', 'RestaurantsPriceRange2': '2', 'Caters': 'False', 'RestaurantsReservations': 'False', 'Alcohol': ""u'none'"", 'HasTV': 'False', 'WheelchairAccessible': 'False', 'RestaurantsTableService': 'False', 'BikeParking': 'True', 'BusinessAcceptsCreditCards': 'True', 'DogsAllowed': 'False', 'HappyHour': 'False', 'BusinessParking': ""{u'valet': False, u'garage': True, u'street': True, u'lot': False, u'validated': False}"", 'RestaurantsDelivery': 'True'}","Food, Japanese, Bubble Tea, Poke, Sushi Bars, Ramen, Restaurants","{'Monday': '0:0-0:0', 'Tuesday': '12:0-21:30', 'Wednesday': '12:0-21:30', 'Thursday': '12:0-21:30', 'Friday': '17:0-21:30', 'Saturday': '12:0-21:30', 'Sunday': '12:0-21:30'}"
dQfKzzK4wYzO6vR49YzF_A,Thai Sushi House,8603 E 116th St,Fishers,IN,46038,39.9566009,-86.0172993,4.0,185,1,"{'OutdoorSeating': 'False', 'NoiseLevel': ""u'quiet'"", 'RestaurantsTableService': 'True', 'HasTV': 'True', 'BikeParking': 'True', 'RestaurantsPriceRange2': '2', 'Alcohol': ""'beer_and_wine'"", 'Ambience': ""{'touristy': False, 'hipster': False, 'romantic': None, 'divey': False, 'intimate': True, 'trendy': True, 'upscale': None, 'classy': None, 'casual': True}"", 'RestaurantsTakeOut': 'True', 'Corkage': 'True', 'BusinessAcceptsCreditCards': 'True', 'BusinessParking': ""{'garage': False, 'street': False, 'validated': False, 'lot': True, 'valet': False}"", 'RestaurantsReservations': 'True', 'RestaurantsDelivery': 'True', 'RestaurantsGoodForGroups': 'True', 'Caters': 'True', 'WiFi': ""'free'"", 'GoodForKids': 'True', 'DogsAllowed': 'False', 'RestaurantsAttire': ""u'casual'"", 'WheelchairAccessible': 'True', 'GoodForMeal': ""{'dessert': None, 'latenight': None, 'lunch': True, 'dinner': True, 'brunch': None, 'breakfast': False}""}","Sushi Bars, Teppanyaki, Food, Restaurants, Japanese, Bubble Tea, Thai","{'Monday': '16:30-21:0', 'Tuesday': '16:30-21:0', 'Wednesday': '16:30-21:0', 'Thursday': '16:30-21:0', 'Friday': '16:30-22:0', 'Saturday': '11:0-22:0', 'Sunday': '12:0-21:0'}"
3I3m2eT-UURdmr2PgYXtJA,Tea Bar Cafe,10640 98 St NW,Edmonton,AB,T5H 2N7,53.5509399,-113.4906268,3.5,12,1,"{'OutdoorSeating': 'False', 'RestaurantsPriceRange2': '1', 'RestaurantsTakeOut': 'True', 'BusinessParking': ""{'garage': False, 'street': True, 'validated': False, 'lot': False, 'valet': False}"", 'BikeParking': 'False', 'RestaurantsDelivery': 'True', 'WiFi': ""u'free'""}","Coffee & Tea, Ethnic Food, Imported Food, Tea Rooms, Specialty Food, Food, Cantonese, Restaurants, Chinese, Bubble Tea",
NLBMVC4fk-Y8dQbrnSQHCw,Tea Chat,216 N 10th St,Philadelphia,PA,19107,39.9559225,-75.155964,4.0,18,0,"{'BusinessAcceptsCreditCards': 'True', 'BikeParking': 'True', 'RestaurantsPriceRange2': '1', 'BusinessParking': ""{'garage': True, 'street': False, 'validated': False, 'lot': False, 'valet': False}""}","Bubble Tea, Juice Bars & Smoothies, Food","{'Monday': '10:30-23:0', 'Tuesday': '10:30-23:0', 'Wednesday': '10:30-23:0', 'Thursday': '10:30-23:0', 'Friday': '10:30-0:0', 'Saturday': '10:30-1:0', 'Sunday': '10:30-23:0'}"
PcamveJ7jyN7MtoBbhf6Og,Shangri La,100 Springdale Rd,Cherry Hill,NJ,08003,39.8613916969,-74.976119294,4.0,98,1,"{'BusinessAcceptsBitcoin': 'False', 'OutdoorSeating': 'False', 'Caters': 'True', 'RestaurantsPriceRange2': '2', 'HasTV': 'True', 'DogsAllowed': 'False', 'RestaurantsAttire': ""u'casual'"", 'RestaurantsTableService': 'True', 'RestaurantsDelivery': 'True', 'BikeParking': 'False', 'WiFi': ""u'no'"", 'RestaurantsTakeOut': 'True', 'NoiseLevel': ""u'average'"", 'GoodForMeal': ""{'dessert': False, 'latenight': False, 'lunch': True, 'dinner': True, 'brunch': False, 'breakfast': False}"", 'Ambience': ""{'touristy': False, 'hipster': False, 'romantic': False, 'divey': False, 'intimate': False, 'trendy': False, 'upscale': False, 'classy': False, 'casual': True}"", 'WheelchairAccessible': 'True', 'BusinessParking': ""{'garage': False, 'street': False, 'validated': False, 'lot': True, 'valet': False}"", 'RestaurantsReservations': 'True', 'RestaurantsGoodForGroups': 'True', 'GoodForKids': 'True', 'HappyHour': 'False', 'BusinessAcceptsCreditCards': 'True', 'Alcohol': ""u'none'""}","Food, Sushi Bars, Vegetarian, Chinese, Restaurants, Japanese, Taiwanese, Vegan, Bubble Tea","{'Monday': '0:0-0:0', 'Wednesday': '11:30-20:0', 'Thursday': '11:30-20:0', 'Friday': '11:30-20:0', 'Saturday': '11:30-20:0', 'Sunday': '12:0-20:0'}"
CHcpcv65XtaGuq4gogzpXQ,HITEA,"1001 Market St, Ste 1022",Philadelphia,PA,19107,39.952006,-75.157237,4.5,15,0,"{'BusinessParking': ""{'garage': False, 'street': True, 'validated': False, 'lot': False, 'valet': False}"", 'WiFi': ""u'no'"", 'RestaurantsPriceRange2': '1', 'BusinessAcceptsCreditCards': 'True', 'OutdoorSeating': 'False'}","Food, Coffee & Tea, Bubble Tea",
-tQ0lqgfY8i5avBVyUMYWw,Chatime,1025 Arch St,Philadelphia,PA,19107,39.9540239,-75.157393,4.0,57,0,"{'WiFi': ""'free'"", 'BusinessAcceptsCreditCards': 'True', 'Caters': 'False', 'WheelchairAccessible': 'True', 'BikeParking': 'True', 'RestaurantsPriceRange2': '1', 'BusinessParking': ""{'garage': False, 'street': True, 'validated': False, 'lot': False, 'valet': False}"", 'RestaurantsTakeOut': 'True', 'DogsAllowed': 'False', 'OutdoorSeating': 'False'}","Bubble Tea, Food, Coffee & Tea, Juice Bars & Smoothies","{'Monday': '16:0-2:30', 'Tuesday': '16:0-2:30', 'Wednesday': '16:0-2:30', 'Thursday': '16:0-2:30', 'Friday': '16:0-3:0', 'Saturday': '16:0-3:0', 'Sunday': '16:0-2:30'}"
vUDuc-y6kKnauHAkqXwEYQ,T Cup,1982 Street Rd,Bensalem,PA,19020,40.0971507,-74.9464732,4.5,15,1,"{'RestaurantsTakeOut': 'True', 'BusinessParking': ""{u'valet': False, u'garage': False, u'street': False, u'lot': True, u'validated': False}"", 'RestaurantsDelivery': 'True'}","Bubble Tea, Food","{'Monday': '11:0-21:0', 'Tuesday': '11:0-21:0', 'Wednesday': '11:0-21:0', 'Thursday': '11:0-21:0', 'Friday': '11:0-22:0', 'Saturday': '11:0-22:0', 'Sunday': '12:0-21:0'}"
ul7RY7S80zD3EpvoYMNyAA,TBD @ 301,3840 US Hwy 301 S,Riverview,FL,33578,27.913879,-82.34709,4.0,85,1,"{'NoiseLevel': ""u'quiet'"", 'Caters': 'True', 'RestaurantsAttire': ""u'casual'"", 'HappyHour': 'False', 'Alcohol': ""u'none'"", 'WheelchairAccessible': 'True', 'RestaurantsReservations': 'False', 'WiFi': ""u'free'"", 'DriveThru': 'False', 'BusinessAcceptsBitcoin': 'False', 'ByAppointmentOnly': 'False', 'RestaurantsTableService': 'False', 'GoodForKids': 'True', 'BikeParking': 'True', 'BusinessAcceptsCreditCards': 'True', 'RestaurantsPriceRange2': '1', 'BusinessParking': ""{u'valet': False, u'garage': False, u'street': None, u'lot': None, u'validated': False}"", 'DogsAllowed': 'True', 'RestaurantsTakeOut': 'True', 'RestaurantsGoodForGroups': 'True', 'BYOB': 'True', 'Ambience': ""{'touristy': False, 'hipster': False, 'romantic': False, 'divey': False, 'intimate': False, 'trendy': False, 'upscale': False, 'classy': False, 'casual': False}"", 'OutdoorSeating': 'None', 'Corkage': 'False', 'RestaurantsDelivery': 'True', 'GoodForMeal': ""{'dessert': False, 'latenight': False, 'lunch': False, 'dinner': False, 'brunch': False, 'breakfast': False}"", 'HasTV': 'False'}","Restaurants, Bubble Tea, Coffee & Tea, Fast Food, Desserts, Filipino, Tea Rooms, Cafes, Food","{'Monday': '0:0-0:0', 'Tuesday': '8:30-17:0', 'Wednesday': '11:0-19:0', 'Thursday': '11:0-19:0', 'Friday': '11:0-19:0', 'Saturday': '11:0-19:0'}"
YxgEEvmWQMDKqkDlof_TRA,PORK CHOP BBQ - Ewing,1560 North Olden Ave,Trenton,NJ,08638,40.2438117,-74.754646,4.0,12,1,"{'Caters': 'True', 'BusinessAcceptsCreditCards': 'True', 'HasTV': 'True', 'RestaurantsTakeOut': 'True', 'BusinessParking': ""{'garage': True, 'street': False, 'validated': False, 'lot': False, 'valet': False}"", 'WheelchairAccessible': 'True', 'RestaurantsTableService': 'True', 'RestaurantsDelivery': 'True'}","Barbeque, Food, Portuguese, Restaurants, Bubble Tea, Filipino, Sandwiches","{'Monday': '11:0-21:0', 'Tuesday': '11:0-21:0', 'Wednesday': '11:0-21:0', 'Thursday': '11:0-21:0', 'Friday': '11:0-21:0', 'Saturday': '11:0-21:0', 'Sunday': '11:0-21:0'}"
8gjgyMVAm6CUzNNvgFg5Rw,7 Degrees Ice Cream Rolls & Boba Tea,"4386 N Oracle Rd, Ste 160",Tucson,AZ,85705,32.2859834,-110.9747402,3.5,101,1,"{'Caters': 'False', 'BusinessAcceptsCreditCards': 'True', 'RestaurantsTakeOut': 'True', 'RestaurantsPriceRange2': '2', 'DogsAllowed': 'False', 'BikeParking': 'True', 'NoiseLevel': ""u'average'"", 'WiFi': ""u'free'"", 'BusinessParking': ""{u'valet': False, u'garage': False, u'street': False, u'lot': None, u'validated': False}"", 'RestaurantsDelivery': 'True'}","Tea Rooms, Food, Bubble Tea, Ice Cream & Frozen Yogurt","{'Monday': '11:0-20:0', 'Tuesday': '11:0-20:0', 'Wednesday': '11:0-20:0', 'Thursday': '11:0-20:0', 'Friday': '11:0-21:0', 'Saturday': '11:0-21:0', 'Sunday': '12:0-20:0'}"
KOiPyuvG3SPBS6_8euXGNA,Poke LuLu,2382 Grand Cypress Dr,Lutz,FL,33559,28.1921081949,-82.3916457607,4.5,6,1,"{'RestaurantsDelivery': 'True', 'BusinessAcceptsCreditCards': 'True', 'WiFi': ""u'free'"", 'WheelchairAccessible': 'True', 'Alcohol': ""u'none'"", 'RestaurantsTableService': 'False', 'RestaurantsTakeOut': 'True', 'HasTV': 'False'}","Bubble Tea, Hawaiian, Restaurants, Poke, Pop-Up Restaurants, Food","{'Monday': '11:0-19:0', 'Tuesday': '11:0-19:0', 'Wednesday': '11:0-19:0', 'Thursday': '11:0-19:0', 'Friday': '10:0-18:0', 'Saturday': '10:0-18:0', 'Sunday': '12:0-18:0'}"
cEx97JX_bRJS5Gw67Y3Vnw,Möge Tee - Philadelphia,1025 Arch St,Philadelphia,PA,19107,39.9540272,-75.1573997,4.0,65,1,"{'NoiseLevel': ""u'average'"", 'WiFi': ""u'free'"", 'RestaurantsPriceRange2': '2', 'BikeParking': 'True', 'Caters': 'True', 'BusinessAcceptsCreditCards': 'True', 'BusinessParking': ""{'garage': False, 'street': True, 'validated': False, 'lot': False, 'valet': False}"", 'RestaurantsTakeOut': 'True', 'RestaurantsDelivery': 'True'}","Juice Bars & Smoothies, Tea Rooms, Coffee & Tea, Bubble Tea, Food","{'Monday': '10:30-23:0', 'Tuesday': '10:30-23:0', 'Wednesday': '10:30-23:0', 'Thursday': '10:30-23:0', 'Friday': '10:30-23:0', 'Saturday': '10:30-23:0', 'Sunday': '10:30-23:0'}"
kAYmzczPH9P_K4zwrq-Sng,Happy Teriyaki,2310 E Overland Rd,Meridian,ID,83642,43.5908928,-116.3647831,4.0,93,1,"{'NoiseLevel': ""'average'"", 'Caters': 'True', 'RestaurantsReservations': 'False', 'RestaurantsPriceRange2': '1', 'RestaurantsAttire': ""u'casual'"", 'Ambience': ""{'romantic': False, 'intimate': False, 'classy': False, 'hipster': False, 'divey': False, 'touristy': False, 'trendy': False, 'upscale': False, 'casual': True}"", 'OutdoorSeating': 'False', 'RestaurantsTakeOut': 'True', 'BikeParking': 'True', 'WiFi': ""u'free'"", 'BusinessAcceptsCreditCards': 'True', 'GoodForKids': 'True', 'HasTV': 'True', 'GoodForMeal': ""{'dessert': False, 'latenight': False, 'lunch': True, 'dinner': True, 'brunch': False, 'breakfast': False}"", 'BusinessParking': ""{'garage': False, 'street': False, 'validated': False, 'lot': True, 'valet': False}"", 'RestaurantsGoodForGroups': 'True', 'Alcohol': ""u'none'"", 'RestaurantsDelivery': 'True'}","Bubble Tea, Restaurants, Japanese, Asian Fusion, Food","{'Monday': '0:0-0:0', 'Tuesday': '10:30-21:0', 'Wednesday': '10:30-21:0', 'Thursday': '10:30-21:0', 'Friday': '10:30-21:0', 'Saturday': '10:30-21:0'}"
EQrRwkK6yv44_CEHuoZIQQ,Kc's Pastries Northeast,6840 Bustleton Ave,Philadelphia,PA,19149,40.041585,-75.064831,4.0,24,1,"{'BusinessAcceptsCreditCards': 'False', 'RestaurantsDelivery': 'False', 'OutdoorSeating': 'False', 'BusinessParking': ""{'garage': False, 'street': True, 'validated': False, 'lot': False, 'valet': False}"", 'WiFi': ""u'free'"", 'RestaurantsPriceRange2': '1', 'BikeParking': 'True', 'RestaurantsTakeOut': 'True'}","Food, Bubble Tea, Coffee & Tea, Bakeries",
7Ojkt0_941r2_F3HdZOj0A,The Boba House,2764 University Sq Dr,Tampa,FL,33612,28.0573326,-82.4298366,3.5,148,1,"{'RestaurantsDelivery': 'True', 'GoodForKids': 'True', 'RestaurantsReservations': 'False', 'RestaurantsAttire': ""u'casual'"", 'RestaurantsGoodForGroups': 'True', 'BusinessAcceptsCreditCards': 'True', 'Alcohol': ""u'none'"", 'OutdoorSeating': 'True', 'WiFi': ""u'free'"", 'RestaurantsTakeOut': 'True', 'BusinessParking': ""{'garage': False, 'street': False, 'validated': False, 'lot': True, 'valet': False}"", 'GoodForMeal': ""{'dessert': False, 'latenight': False, 'lunch': False, 'dinner': False, 'brunch': False, 'breakfast': False}"", 'NoiseLevel': ""u'quiet'"", 'Ambience': ""{'romantic': False, 'intimate': False, 'classy': False, 'hipster': False, 'divey': False, 'touristy': False, 'trendy': False, 'upscale': False, 'casual': False}"", 'HasTV': 'True', 'RestaurantsTableService': 'False', 'Caters': 'False', 'BikeParking': 'False', 'RestaurantsPriceRange2': '2'}","Food, Middle Eastern, Coffee & Tea, Bubble Tea, Taiwanese, Restaurants","{'Monday': '11:0-0:0', 'Tuesday': '11:0-0:0', 'Wednesday': '11:0-0:0', 'Thursday': '11:0-0:0', 'Friday': '11:0-0:0', 'Saturday': '12:0-0:0', 'Sunday': '13:0-21:0'}"
OgCyBZICDLrOSWxgnSnMVg,Follow Tea,"3334 Severn Ave, Ste 8",Metairie,LA,70002,30.0097938,-90.1596126,4.5,26,1,"{'WiFi': ""u'free'"", 'BusinessAcceptsCreditCards': 'True'}","Bubble Tea, Coffee & Tea, Food, Tea Rooms","{'Monday': '12:0-21:0', 'Tuesday': '12:0-21:0', 'Wednesday': '12:0-21:0', 'Thursday': '12:0-21:0', 'Friday': '12:0-21:0', 'Saturday': '12:0-21:0', 'Sunday': '12:0-21:0'}"
pcbXrSi22TkYvUTqkPK_IA,T'ever Cafe,"124 E Market St, Unit C-D",West Chester,PA,19382,39.9605175,-75.6020683,4.5,30,0,"{'WiFi': ""u'free'"", 'RestaurantsGoodForGroups': 'True', 'Ambience': ""{'romantic': False, 'intimate': False, 'classy': False, 'hipster': False, 'divey': False, 'touristy': False, 'trendy': False, 'upscale': False, 'casual': True}"", 'NoiseLevel': ""u'quiet'"", 'BusinessParking': ""{'garage': False, 'street': True, 'validated': False, 'lot': False, 'valet': False}"", 'HasTV': 'True', 'RestaurantsDelivery': 'False', 'BikeParking': 'True', 'RestaurantsTakeOut': 'True', 'OutdoorSeating': 'False', 'DogsAllowed': 'False', 'GoodForMeal': ""{'dessert': True, 'latenight': False, 'lunch': True, 'dinner': True, 'brunch': False, 'breakfast': True}"", 'RestaurantsTableService': 'True', 'RestaurantsReservations': 'True', 'RestaurantsAttire': ""'casual'"", 'GoodForKids': 'True', 'BusinessAcceptsCreditCards': 'True', 'Alcohol': ""'none'"", 'RestaurantsPriceRange2': '1'}","Food, Vietnamese, Bubble Tea, Coffee & Tea, Restaurants, Cafes","{'Monday': '11:30-21:0', 'Tuesday': '11:30-21:0', 'Wednesday': '11:30-21:0', 'Thursday': '11:30-21:0', 'Friday': '11:30-21:0', 'Saturday': '11:30-21:0'}"
rsEy48n_jB0I-Mofec1NJA,Highway Karaoke and Fresh Tea,"7127 Hollister Ave, Ste 23, University Plaza Shopping Ctr",Goleta,CA,93117,34.428088,-119.876588,4.0,105,0,"{'Caters': 'False', 'WheelchairAccessible': 'True', 'Music': '{}', 'Ambience': ""{'touristy': False, 'hipster': False, 'romantic': False, 'divey': False, 'intimate': False, 'trendy': True, 'upscale': False, 'classy': False, 'casual': True}"", 'BusinessAcceptsCreditCards': 'True', 'HappyHour': 'True', 'Smoking': ""u'no'"", 'GoodForDancing': 'False', 'WiFi': ""u'free'"", 'RestaurantsPriceRange2': '2', 'RestaurantsTakeOut': 'True', 'CoatCheck': 'False', 'NoiseLevel': ""'quiet'"", 'Alcohol': ""'none'"", 'BestNights': ""{'monday': False, 'tuesday': False, 'friday': True, 'wednesday': False, 'thursday': False, 'sunday': False, 'saturday': False}"", 'BikeParking': 'True', 'RestaurantsGoodForGroups': 'True', 'BusinessParking': ""{'garage': False, 'street': False, 'validated': False, 'lot': True, 'valet': False}"", 'OutdoorSeating': 'False', 'HasTV': 'True'}","Juice Bars & Smoothies, Bubble Tea, Nightlife, Karaoke, Food","{'Monday': '11:30-23:30', 'Tuesday': '11:30-23:30', 'Wednesday': '11:30-23:30', 'Thursday': '11:30-23:30', 'Friday': '11:30-1:30', 'Saturday': '11:30-1:30', 'Sunday': '11:30-23:30'}"
hSQmsUepdqx1nuVbcUZyjA,Yabarr Tea,8031 Madison Ave,Indianapolis,IN,46227,39.6497912,-86.1189335203,5.0,6,1,"{'BusinessParking': ""{u'valet': False, u'garage': False, u'street': False, u'lot': None, u'validated': False}"", 'NoiseLevel': ""u'average'"", 'RestaurantsTakeOut': 'True'}","Bubble Tea, Ice Cream & Frozen Yogurt, Food, Juice Bars & Smoothies","{'Monday': '11:0-19:0', 'Tuesday': '11:0-19:0', 'Wednesday': '11:0-19:0', 'Thursday': '11:0-19:0', 'Friday': '11:0-19:0', 'Saturday': '11:0-19:0', 'Sunday': '11:0-19:0'}"
AHLQulzMieUxdvpSQwYL4A,Bamboozle Channelside,109 N 12th St,Tampa,FL,33602,27.9486025833,-82.4465710398,4.0,198,1,"{'Alcohol': ""u'beer_and_wine'"", 'RestaurantsAttire': ""'casual'"", 'Ambience': ""{'romantic': False, 'intimate': False, 'classy': False, 'hipster': False, 'divey': False, 'touristy': False, 'trendy': False, 'upscale': False, 'casual': True}"", 'RestaurantsGoodForGroups': 'True', 'HasTV': 'False', 'WiFi': ""u'free'"", 'BusinessAcceptsCreditCards': 'True', 'GoodForKids': 'True', 'GoodForMeal': ""{'dessert': False, 'latenight': False, 'lunch': True, 'dinner': True, 'brunch': False, 'breakfast': False}"", 'BikeParking': 'True', 'HappyHour': 'True', 'RestaurantsReservations': 'False', 'DogsAllowed': 'True', 'RestaurantsPriceRange2': '2', 'RestaurantsTakeOut': 'True', 'NoiseLevel': ""u'quiet'"", 'RestaurantsTableService': 'False', 'WheelchairAccessible': 'True', 'OutdoorSeating': 'True', 'Caters': 'True', 'BusinessParking': ""{'garage': False, 'street': True, 'validated': False, 'lot': False, 'valet': False}"", 'RestaurantsDelivery': 'True'}","Vegan, Food, Vietnamese, Coffee & Tea, Restaurants, Asian Fusion, Bubble Tea","{'Monday': '0:0-0:0', 'Tuesday': '11:0-21:0', 'Wednesday': '11:0-21:0', 'Thursday': '11:0-21:0', 'Friday': '11:0-21:0', 'Saturday': '11:30-21:0', 'Sunday': '11:30-16:0'}"
sBT0a2VCq04gApS8clRk_Q,Kung Fu Tea,"2683 E Main St, Ste 107",Plainfield,IN,46168,39.716305,-86.3537459,4.5,27,1,"{'RestaurantsTakeOut': 'None', 'RestaurantsDelivery': 'None'}","Bubble Tea, Juice Bars & Smoothies, Coffee & Tea, Food","{'Monday': '0:0-0:0', 'Tuesday': '11:0-20:0', 'Wednesday': '11:0-20:0', 'Thursday': '11:0-20:0', 'Friday': '11:0-18:0', 'Saturday': '11:0-20:0', 'Sunday': '12:0-18:0'}"
_kaXQwnlsnfpUsKr3otCBg,Nam Son Bakery,1600 Carpenter St,Philadelphia,PA,19146,39.9392139,-75.1702777,4.5,104,0,"{'Caters': 'True', 'GoodForKids': 'True', 'NoiseLevel': ""u'average'"", 'WiFi': ""'no'"", 'OutdoorSeating': 'False', 'Ambience': ""{'romantic': False, 'intimate': False, 'classy': False, 'hipster': False, 'divey': False, 'touristy': False, 'trendy': False, 'upscale': False, 'casual': False}"", 'RestaurantsGoodForGroups': 'False', 'RestaurantsDelivery': 'False', 'RestaurantsPriceRange2': '1', 'BusinessAcceptsCreditCards': 'True', 'RestaurantsReservations': 'False', 'HasTV': 'True', 'Alcohol': ""u'none'"", 'BikeParking': 'True', 'BusinessParking': ""{'garage': False, 'street': False, 'validated': False, 'lot': True, 'valet': False}"", 'RestaurantsAttire': ""u'casual'"", 'RestaurantsTakeOut': 'True'}","Food, Bakeries, Vietnamese, Restaurants, Bubble Tea","{'Monday': '8:0-20:0', 'Tuesday': '8:0-20:0', 'Wednesday': '8:0-20:0', 'Thursday': '8:0-20:0', 'Friday': '8:0-20:0', 'Saturday': '8:0-20:0', 'Sunday': '8:0-20:0'}"
vEqSjvaOk6qsG5fNus2VQw,Boba & Berry,5216 S MacDill Ave,Tampa,FL,33611,27.8887755,-82.4937420012,4.5,17,1,"{'BusinessParking': ""{u'valet': False, u'garage': False, u'street': True, u'lot': False, u'validated': False}"", 'RestaurantsTakeOut': 'None', 'RestaurantsDelivery': 'None'}","Candy Stores, Specialty Food, Bubble Tea, Food, Acai Bowls","{'Tuesday': '10:0-19:0', 'Wednesday': '10:0-19:0', 'Thursday': '10:0-19:0', 'Friday': '10:0-20:0', 'Saturday': '10:0-20:0', 'Sunday': '12:0-16:0'}"
A2Rb3mknxdF6MvzEXz_xVA,Boba Boba,3405 Williams Blvd,Kenner,LA,70065,30.018861,-90.240225,3.5,33,1,"{'BusinessAcceptsCreditCards': 'True', 'RestaurantsDelivery': 'True', 'Caters': 'False', 'WheelchairAccessible': 'True', 'BikeParking': 'False', 'RestaurantsTakeOut': 'True'}","Food, Bubble Tea","{'Monday': '11:0-19:0', 'Tuesday': '11:0-19:0', 'Wednesday': '11:0-19:0', 'Thursday': '11:0-19:0', 'Friday': '11:0-21:0', 'Saturday': '11:0-21:0', 'Sunday': '11:0-18:0'}"
nwq5cM5tYtQ7AnCnjVUhmg,Saigon Noodle Bar,8221 Germantown Ave,Philadelphia,PA,19118,40.0741022929,-75.202862237,4.0,35,1,"{'GoodForMeal': ""{'dessert': False, 'latenight': False, 'lunch': False, 'dinner': False, 'brunch': False, 'breakfast': False}"", 'HasTV': 'True', 'BusinessParking': ""{'garage': False, 'street': False, 'validated': False, 'lot': False, 'valet': False}"", 'RestaurantsPriceRange2': '1', 'RestaurantsDelivery': 'True', 'RestaurantsTakeOut': 'True', 'Ambience': ""{'touristy': False, 'hipster': False, 'romantic': False, 'divey': False, 'intimate': False, 'trendy': False, 'upscale': False, 'classy': False, 'casual': False}""}","Restaurants, Noodles, Vietnamese, Bubble Tea, Food","{'Wednesday': '11:0-20:0', 'Thursday': '11:0-20:0', 'Friday': '11:0-20:0', 'Saturday': '10:0-20:0', 'Sunday': '11:0-20:0'}"
J9TnylMqNS62wjKVtnc1ug,Teaspoon Cafe,"1927 E Speedway Blvd, Ste 109",Tucson,AZ,85719,32.23652,-110.9428865,3.5,32,0,"{'OutdoorSeating': 'True', 'NoiseLevel': ""u'quiet'"", 'BusinessParking': 'None', 'RestaurantsPriceRange2': '1', 'BusinessAcceptsCreditCards': 'True', 'RestaurantsDelivery': 'False', 'GoodForKids': 'True'}","Bubble Tea, Bakeries, Coffee & Tea, Food","{'Monday': '7:30-22:0', 'Tuesday': '7:30-22:0', 'Wednesday': '7:30-22:0', 'Thursday': '7:30-22:0', 'Friday': '7:30-23:0', 'Saturday': '7:30-23:0', 'Sunday': '9:0-17:0'}"
NQGCirVWCre3BQ24fodXOA,Kung Fu Tea,"3348 W Esplanade Ave S, Ste C",Metairie,LA,70002,30.0137109,-90.1573606,4.5,146,1,"{'RestaurantsPriceRange2': '1', 'WheelchairAccessible': 'True', 'GoodForKids': 'True', 'Caters': 'False', 'DogsAllowed': 'False', 'BusinessParking': ""{'garage': False, 'street': False, 'validated': False, 'lot': True, 'valet': False}"", 'NoiseLevel': ""u'average'"", 'RestaurantsTakeOut': 'True', 'OutdoorSeating': 'False', 'BusinessAcceptsCreditCards': 'True', 'BikeParking': 'False', 'WiFi': ""'free'""}","Bubble Tea, Juice Bars & Smoothies, Food, Tea Rooms, Coffee & Tea, Ice Cream & Frozen Yogurt","{'Monday': '0:0-0:0', 'Tuesday': '10:0-19:0', 'Wednesday': '10:0-19:0', 'Thursday': '10:0-19:0', 'Friday': '10:0-19:0', 'Saturday': '10:0-19:0', 'Sunday': '11:0-19:0'}"
_3hT6D26_1uGR_W1RcmUaA,WIN Bubble Tea - White Bridge,99 White Bridge Pike,Nashville,TN,37205,36.1316071,-86.8581153,4.0,26,1,"{'OutdoorSeating': 'False', 'Corkage': 'False', 'RestaurantsDelivery': 'True', 'RestaurantsTakeOut': 'True', 'BusinessAcceptsCreditCards': 'True', 'WiFi': ""u'free'"", 'HasTV': 'True', 'BusinessParking': ""{u'valet': False, u'garage': False, u'street': False, u'lot': True, u'validated': False}"", 'RestaurantsTableService': 'False', 'WheelchairAccessible': 'True', 'BYOB': 'False', 'BikeParking': 'False', 'DogsAllowed': 'False', 'Alcohol': ""u'none'"", 'Caters': 'True'}","Restaurants, Bubble Tea, Coffee & Tea, Cafes, Food","{'Monday': '0:0-0:0', 'Tuesday': '11:0-19:30', 'Wednesday': '11:0-19:30', 'Thursday': '11:0-19:30', 'Friday': '11:0-20:0', 'Saturday': '11:0-20:0', 'Sunday': '11:0-19:30'}"
ToW6MFXu2C6N04FualtFxQ,Yaa’s Fruitea Cafe,1200 South St,Philadelphia,PA,19147,39.9431787643,-75.1619394982,5.0,10,1,"{'WiFi': ""u'free'""}","Donuts, Bubble Tea, Food, Coffee & Tea","{'Tuesday': '11:0-19:0', 'Wednesday': '11:0-19:0', 'Thursday': '11:0-19:0', 'Friday': '11:0-19:0', 'Saturday': '12:0-19:0', 'Sunday': '12:0-18:0'}"
gB4nDVQY9b5w9F838p_2Yg,Kung Fu Tea,"2907 Swede Rd, Ste 6",East Norriton,PA,19401,40.146432992,-75.319222102,3.5,13,1,"{'RestaurantsDelivery': 'True', 'RestaurantsTakeOut': 'True', 'BusinessAcceptsCreditCards': 'True'}","Taiwanese, Food, Bubble Tea, Juice Bars & Smoothies, Restaurants, Coffee & Tea","{'Monday': '11:0-20:30', 'Tuesday': '11:0-20:30', 'Wednesday': '11:0-20:30', 'Thursday': '11:0-20:30', 'Friday': '11:0-20:30', 'Saturday': '11:0-20:30', 'Sunday': '11:0-20:30'}"
jrUso5L85sDzeBj7KqLhJg,Poké Island Plus,8636 Hunters Village Rd,Tampa,FL,33647,28.1399525129,-82.357518838,4.5,7,1,"{'WiFi': ""u'free'"", 'OutdoorSeating': 'True', 'RestaurantsDelivery': 'True', 'RestaurantsTakeOut': 'True', 'WheelchairAccessible': 'True', 'BusinessParking': ""{u'valet': False, u'garage': False, u'street': False, u'lot': True, u'validated': False}"", 'HasTV': 'True', 'BikeParking': 'True', 'BusinessAcceptsCreditCards': 'True'}","Vietnamese, Poke, Food, Bubble Tea, Sushi Bars, Restaurants","{'Monday': '0:0-0:0', 'Tuesday': '11:0-21:0', 'Wednesday': '11:0-21:0', 'Thursday': '11:0-21:0', 'Friday': '11:0-15:0', 'Saturday': '11:0-21:0', 'Sunday': '11:0-21:0'}"
A5sXEcVHYnmNDs0bwb7u-w,Oketo Japanese Express,12199 Indian Rock Rd,Largo,FL,33774,27.8837395,-82.832071,3.5,64,1,"{'RestaurantsAttire': ""'casual'"", 'RestaurantsReservations': 'True', 'BikeParking': 'True', 'WheelchairAccessible': 'False', 'RestaurantsDelivery': 'False', 'WiFi': ""u'free'"", 'HasTV': 'True', 'Alcohol': ""'none'"", 'GoodForMeal': ""{'dessert': False, 'latenight': False, 'lunch': True, 'dinner': True, 'brunch': False, 'breakfast': False}"", 'BusinessParking': ""{'garage': False, 'street': False, 'validated': False, 'lot': True, 'valet': False}"", 'RestaurantsPriceRange2': '2', 'NoiseLevel': ""u'quiet'"", 'OutdoorSeating': 'False', 'RestaurantsTableService': 'True', 'RestaurantsGoodForGroups': 'False', 'RestaurantsTakeOut': 'True', 'Ambience': ""{'touristy': False, 'hipster': False, 'romantic': False, 'divey': False, 'intimate': False, 'trendy': False, 'upscale': False, 'classy': True, 'casual': True}"", 'BusinessAcceptsCreditCards': 'True', 'Caters': 'True', 'BusinessAcceptsBitcoin': 'False', 'GoodForKids': 'True'}","Japanese, Bubble Tea, Sushi Bars, Restaurants, Food, Asian Fusion","{'Monday': '12:0-20:0', 'Tuesday': '12:0-20:0', 'Wednesday': '12:0-20:0', 'Thursday': '12:0-20:0', 'Friday': '12:0-20:0', 'Saturday': '12:0-20:0'}"
EvwnRnlgQxjhlhhdK3iS_A,Dream House Cafe,"1331 Barataria Blvd, Ste C",Marrero,LA,70072,29.8872629074,-90.0989102852,5.0,17,1,"{'RestaurantsTakeOut': 'True', 'WiFi': ""u'free'"", 'RestaurantsDelivery': 'False', 'BusinessParking': ""{u'valet': False, u'garage': False, u'street': False, u'lot': True, u'validated': False}"", 'BusinessAcceptsCreditCards': 'True'}","Specialty Food, Bubble Tea, Desserts, Food, Coffee & Tea, Macarons","{'Wednesday': '11:0-20:30', 'Thursday': '11:0-20:30', 'Friday': '11:0-20:30', 'Saturday': '11:0-20:30', 'Sunday': '12:0-19:30'}"
TIwMhO9Rm5gsEJ3ofFKLJQ,Pandan Teahouse,3208 Clearview Pwky,Metairie,LA,70006,30.0043192,-90.1858959,4.0,43,0,"{'RestaurantsGoodForGroups': 'False', 'Ambience': ""{'touristy': False, 'hipster': False, 'romantic': False, 'divey': False, 'intimate': False, 'trendy': False, 'upscale': False, 'classy': False, 'casual': True}"", 'GoodForKids': 'True', 'HasTV': 'True', 'Alcohol': ""'none'"", 'BusinessAcceptsCreditCards': 'True', 'RestaurantsAttire': ""'casual'"", 'RestaurantsDelivery': 'True', 'WiFi': ""'free'"", 'RestaurantsReservations': 'False', 'OutdoorSeating': 'True', 'RestaurantsTakeOut': 'True', 'RestaurantsPriceRange2': '1', 'BusinessParking': ""{'garage': False, 'street': False, 'validated': False, 'lot': True, 'valet': False}"", 'GoodForMeal': ""{'dessert': True, 'latenight': False, 'lunch': True, 'dinner': False, 'brunch': False, 'breakfast': False}""}","Restaurants, Bubble Tea, Sandwiches, Ice Cream & Frozen Yogurt, Food, Breakfast & Brunch, Waffles","{'Tuesday': '11:0-20:0', 'Wednesday': '11:0-20:0', 'Thursday': '11:0-20:0', 'Friday': '11:0-20:0', 'Saturday': '11:0-20:0', 'Sunday': '11:0-20:0'}"
Xc8E9n8ZJg_xZeDTHBoJPw,Ding Tea Philadelphia,821 Adams Ave,Philadelphia,PA,19124,40.0314842907,-75.1039324231,4.0,36,1,"{'RestaurantsTakeOut': 'True', 'WheelchairAccessible': 'True', 'Caters': 'False', 'WiFi': ""u'free'"", 'OutdoorSeating': 'False', 'BusinessAcceptsCreditCards': 'True', 'RestaurantsDelivery': 'True'}","Food, Bubble Tea, Coffee & Tea, Ice Cream & Frozen Yogurt, Internet Cafes","{'Monday': '11:0-21:0', 'Tuesday': '11:0-21:0', 'Wednesday': '11:0-21:0', 'Thursday': '11:0-21:0', 'Friday': '11:0-21:0', 'Saturday': '10:0-21:0', 'Sunday': '10:0-21:0'}"
O-ceM1MY4N3bJZif4REVtA,Basil Leaf,6395 Gulf Blvd,St. Pete Beach,FL,33706,27.7352325,-82.7464403,3.5,236,1,"{'HasTV': 'True', 'RestaurantsPriceRange2': '2', 'BusinessAcceptsCreditCards': 'True', 'BikeParking': 'True', 'WiFi': ""'no'"", 'RestaurantsGoodForGroups': 'True', 'RestaurantsReservations': 'True', 'RestaurantsDelivery': 'True', 'RestaurantsTakeOut': 'True', 'GoodForKids': 'True', 'NoiseLevel': ""u'average'"", 'RestaurantsTableService': 'True', 'RestaurantsAttire': ""u'casual'"", 'Caters': 'True', 'OutdoorSeating': 'False', 'Alcohol': ""'beer_and_wine'"", 'WheelchairAccessible': 'True', 'BusinessParking': ""{'garage': False, 'street': None, 'validated': False, 'lot': True, 'valet': False}"", 'Ambience': ""{u'divey': False, u'hipster': False, u'casual': True, u'touristy': False, u'trendy': False, u'intimate': None, u'romantic': False, u'classy': False, u'upscale': False}"", 'Corkage': 'True', 'GoodForMeal': ""{u'breakfast': False, u'brunch': False, u'lunch': True, u'dinner': True, u'latenight': None, u'dessert': None}""}","Sushi Bars, Restaurants, Thai, Food, Bubble Tea","{'Monday': '0:0-0:0', 'Tuesday': '12:0-22:0', 'Wednesday': '12:0-22:0', 'Thursday': '12:0-22:0', 'Friday': '16:0-22:0', 'Saturday': '12:0-22:0', 'Sunday': '12:0-22:0'}"
QGtufoc9UhLVY6g8AeoY5Q,Mr Wish,189 Franklin Mills Blvd,Philadelphia,PA,19154,40.0885892,-74.9659343,4.5,12,1,"{'BusinessParking': ""{'garage': False, 'street': False, 'validated': False, 'lot': False, 'valet': False}"", 'WheelchairAccessible': 'True', 'BusinessAcceptsCreditCards': 'True', 'BikeParking': 'True', 'RestaurantsTakeOut': 'True', 'RestaurantsDelivery': 'True'}","Juice Bars & Smoothies, Food, Bubble Tea","{'Monday': '0:0-0:0', 'Tuesday': '11:0-20:0', 'Wednesday': '11:0-20:0', 'Thursday': '11:0-20:0', 'Friday': '11:0-21:0', 'Saturday': '11:0-21:0', 'Sunday': '11:0-20:0'}"
wnaSIsTY4IDAP-kQ440fcw,Nice Shaved Ice Cafe,6507 W Waters Ave,Tampa,FL,33634,28.026351354,-82.5527389,4.0,22,1,"{'OutdoorSeating': 'True', 'RestaurantsDelivery': 'True', 'Caters': 'False', 'RestaurantsReservations': 'False', 'BusinessParking': ""{'garage': False, 'street': False, 'validated': False, 'lot': True, 'valet': False}"", 'BusinessAcceptsCreditCards': 'True', 'Alcohol': ""u'none'"", 'DogsAllowed': 'True', 'WheelchairAccessible': 'True', 'HasTV': 'False', 'RestaurantsTakeOut': 'True', 'RestaurantsTableService': 'False'}","Juice Bars & Smoothies, Desserts, Bubble Tea, Food, Shaved Ice, Restaurants, Waffles","{'Monday': '0:0-0:0', 'Tuesday': '11:0-22:0', 'Wednesday': '11:0-22:0', 'Thursday': '11:0-22:0', 'Friday': '16:0-20:0', 'Saturday': '16:0-22:0', 'Sunday': '11:0-22:0'}"
CGpwDytO5spD4y11BZy2LQ,Gong Cha,10236 103 Street NW,Edmonton,AB,T5J 0Y8,53.5439154,-113.4976226,3.5,18,1,"{'OutdoorSeating': 'False', 'BikeParking': 'False', 'RestaurantsTakeOut': 'True', 'RestaurantsPriceRange2': '2', 'BusinessParking': ""{'garage': False, 'street': False, 'validated': False, 'lot': False, 'valet': False}"", 'WiFi': ""'free'"", 'RestaurantsDelivery': 'True'}","Taiwanese, Bubble Tea, Restaurants, Coffee & Tea, Food, Juice Bars & Smoothies","{'Monday': '11:0-23:0', 'Tuesday': '11:0-23:0', 'Wednesday': '11:0-23:0', 'Thursday': '11:0-23:0', 'Friday': '11:0-23:0', 'Saturday': '11:0-23:0', 'Sunday': '11:0-23:0'}"
KQgCflC8eqJU5kvJkByXzw,Yamitsuki Ramen,1028 Arch St,Philadelphia,PA,19107,39.9535423,-75.1574552,3.5,478,1,"{'WheelchairAccessible': 'True', 'RestaurantsPriceRange2': '2', 'Smoking': ""u'no'"", 'RestaurantsGoodForGroups': 'True', 'RestaurantsDelivery': 'True', 'RestaurantsTableService': 'True', 'CoatCheck': 'False', 'Caters': 'True', 'GoodForMeal': ""{'dessert': None, 'latenight': None, 'lunch': True, 'dinner': True, 'brunch': None, 'breakfast': False}"", 'BusinessAcceptsCreditCards': 'True', 'RestaurantsReservations': 'True', 'BusinessAcceptsBitcoin': 'False', 'GoodForDancing': 'False', 'WiFi': ""u'free'"", 'ByAppointmentOnly': 'False', 'HappyHour': 'True', 'Alcohol': ""u'full_bar'"", 'HasTV': 'True', 'BikeParking': 'True', 'BusinessParking': ""{'garage': False, 'street': True, 'validated': False, 'lot': False, 'valet': False}"", 'RestaurantsAttire': ""'casual'"", 'GoodForKids': 'True', 'NoiseLevel': ""u'average'"", 'Ambience': ""{'touristy': False, 'hipster': None, 'romantic': False, 'divey': False, 'intimate': False, 'trendy': True, 'upscale': False, 'classy': True, 'casual': True}"", 'Music': ""{u'dj': False, u'live': False, u'jukebox': False, u'video': False, u'background_music': False, u'karaoke': None, u'no_music': False}"", 'OutdoorSeating': 'True', 'BestNights': ""{'monday': False, 'tuesday': True, 'friday': True, 'wednesday': False, 'thursday': False, 'sunday': False, 'saturday': True}"", 'RestaurantsTakeOut': 'True', 'DogsAllowed': 'False'}","Japanese, Bubble Tea, Shaved Ice, Food, Izakaya, Sushi Bars, Ramen, Restaurants, Bars, Cocktail Bars, Beer, Wine & Spirits, Nightlife","{'Monday': '0:0-0:0', 'Tuesday': '11:30-22:0', 'Wednesday': '11:30-22:0', 'Thursday': '11:30-22:0', 'Friday': '11:30-23:45', 'Sunday': '11:30-23:0'}"
ftBGLu2SNf70z6KeOJ_FFQ,Tasti - Tea,567A Melville Ave,St. Louis,MO,63130,38.6556286,-90.3054573,4.0,37,0,"{'HasTV': 'True', 'BusinessParking': ""{'garage': False, 'street': False, 'validated': False, 'lot': False, 'valet': False}"", 'GoodForMeal': ""{'dessert': False, 'latenight': False, 'lunch': False, 'dinner': False, 'brunch': False, 'breakfast': False}"", 'BusinessAcceptsCreditCards': 'True', 'WiFi': ""u'free'"", 'Ambience': ""{'touristy': False, 'hipster': False, 'romantic': False, 'divey': False, 'intimate': False, 'trendy': False, 'upscale': False, 'classy': False, 'casual': False}"", 'NoiseLevel': ""u'average'""}","Restaurants, Chinese, Bubble Tea, Food, Noodles","{'Monday': '11:0-21:30', 'Tuesday': '11:0-21:30', 'Wednesday': '11:0-21:0', 'Thursday': '11:0-21:30', 'Friday': '11:0-21:30', 'Saturday': '11:0-21:30', 'Sunday': '11:0-21:30'}"
Qhigd6zj7sXQ7oFN551Tmg,Ding Tea Fowler,"1518 E Fowler Ave, Ste B",Tampa,FL,33612,28.0551275662,-82.4416847318,4.5,18,0,"{'WheelchairAccessible': 'False', 'RestaurantsTakeOut': 'True', 'BusinessParking': ""{'garage': False, 'street': False, 'validated': False, 'lot': False, 'valet': False}"", 'Caters': 'True', 'BikeParking': 'False', 'BusinessAcceptsCreditCards': 'True', 'RestaurantsPriceRange2': '1'}","Bubble Tea, Food","{'Monday': '11:0-21:0', 'Tuesday': '11:0-19:0', 'Wednesday': '11:0-21:0', 'Thursday': '11:0-21:0', 'Friday': '11:0-21:0', 'Saturday': '11:0-21:0', 'Sunday': '11:0-21:0'}"
-TgNuaotu3vobBRt5KyiVw,Steamboys - Nolensville,"3 Burkitt Commons, Ste 300",Nolensville,TN,37135,35.9889891801,-86.6804402727,4.0,28,1,"{'BikeParking': 'True', 'RestaurantsTableService': 'False', 'RestaurantsTakeOut': 'True', 'OutdoorSeating': 'False', 'BusinessAcceptsCreditCards': 'True', 'Caters': 'False', 'HasTV': 'True', 'BYOB': 'False', 'Alcohol': ""u'beer_and_wine'"", 'RestaurantsDelivery': 'True', 'WiFi': ""u'free'"", 'WheelchairAccessible': 'True'}","Chinese, Dim Sum, Restaurants, Bubble Tea, Food","{'Monday': '11:0-20:30', 'Tuesday': '11:0-20:30', 'Wednesday': '11:0-19:0', 'Thursday': '11:0-20:30', 'Friday': '11:0-21:0', 'Saturday': '11:0-21:0', 'Sunday': '11:0-20:30'}"
V41hJnfJSAad4L_YdVQBGQ,Zen Q,10807 Jasper Ave,Edmonton,AB,T5J 5G9,53.5407801859,-113.5071181878,4.0,12,1,"{'RestaurantsTakeOut': 'True', 'RestaurantsDelivery': 'False', 'BikeParking': 'True', 'Ambience': ""{'touristy': False, 'hipster': False, 'romantic': False, 'intimate': False, 'trendy': False, 'upscale': False, 'classy': False, 'casual': False}"", 'RestaurantsPriceRange2': '1', 'BusinessParking': ""{'garage': False, 'street': True, 'validated': False, 'lot': False, 'valet': False}"", 'RestaurantsAttire': ""'casual'"", 'RestaurantsReservations': 'True', 'GoodForKids': 'True', 'RestaurantsGoodForGroups': 'True', 'GoodForMeal': ""{'dessert': False, 'latenight': False, 'lunch': False, 'dinner': False, 'brunch': False, 'breakfast': False}"", 'WiFi': ""u'free'"", 'RestaurantsTableService': 'True'}","Desserts, Restaurants, Taiwanese, Bubble Tea, Food","{'Monday': '0:0-0:0', 'Tuesday': '11:0-22:0', 'Wednesday': '11:0-22:0', 'Thursday': '11:0-22:0', 'Friday': '11:0-23:0', 'Saturday': '12:0-23:0', 'Sunday': '12:0-23:0'}"
J2MWrGso6tBzALV_UMI5RQ,Quickly Boba Cafe USF,5731 E Fowler Ave,Tampa Bay,FL,33617,28.0532386,-82.3920248,4.5,118,1,"{'Caters': 'True', 'WheelchairAccessible': 'True', 'DogsAllowed': 'False', 'RestaurantsPriceRange2': '1', 'GoodForKids': 'True', 'OutdoorSeating': 'False', 'WiFi': ""'free'"", 'RestaurantsTakeOut': 'True', 'BusinessAcceptsBitcoin': 'False', 'BikeParking': 'True', 'NoiseLevel': ""u'average'"", 'DriveThru': 'False', 'BusinessAcceptsCreditCards': 'True', 'ByAppointmentOnly': 'False', 'BusinessParking': ""{'garage': False, 'street': True, 'validated': False, 'lot': False, 'valet': False}""}","Desserts, Coffee & Tea, Tea Rooms, Food, Bubble Tea, Specialty Food, Juice Bars & Smoothies","{'Monday': '12:0-20:0', 'Tuesday': '12:0-21:0', 'Wednesday': '11:0-22:0', 'Thursday': '11:0-22:0', 'Friday': '11:0-23:0', 'Saturday': '11:0-23:0', 'Sunday': '12:0-21:0'}"
SV04xdj87VOEa4GJ2dZm_g,You Cha Cafe,1601 N Kings Hwy,Cherry Hill,NJ,08034,39.9162198,-75.0070336,4.5,44,1,"{'RestaurantsDelivery': 'True', 'WheelchairAccessible': 'True', 'BusinessAcceptsCreditCards': 'True', 'Ambience': ""{'touristy': None, 'hipster': None, 'romantic': None, 'divey': None, 'intimate': None, 'trendy': True, 'upscale': None, 'classy': None, 'casual': None}"", 'Alcohol': ""u'none'"", 'BikeParking': 'False', 'HappyHour': 'False', 'OutdoorSeating': 'False', 'WiFi': ""u'free'"", 'BusinessAcceptsBitcoin': 'False', 'BYOB': 'False', 'BusinessParking': ""{'garage': False, 'street': False, 'validated': False, 'lot': True, 'valet': False}"", 'Corkage': 'False', 'RestaurantsReservations': 'False', 'HasTV': 'False', 'Caters': 'True', 'RestaurantsTableService': 'False', 'RestaurantsTakeOut': 'True', 'DogsAllowed': 'False'}","Bubble Tea, Food, Restaurants, Cafes","{'Monday': '0:0-0:0', 'Tuesday': '11:30-18:0', 'Wednesday': '11:30-19:0', 'Thursday': '11:30-19:30', 'Friday': '11:30-19:30', 'Saturday': '11:30-19:30', 'Sunday': '11:30-19:30'}"
EmTlcS9DVL69iDPciczR2w,Bubble Time,609 S 3rd St,Philadelphia,PA,19147,39.941086,-75.1474328,4.0,45,0,"{'NoiseLevel': ""u'average'"", 'RestaurantsPriceRange2': '1', 'Ambience': ""{'touristy': False, 'hipster': False, 'romantic': False, 'divey': False, 'intimate': False, 'trendy': False, 'upscale': False, 'classy': False, 'casual': True}"", 'GoodForDancing': 'False', 'HappyHour': 'False', 'BestNights': ""{'monday': False, 'tuesday': False, 'friday': True, 'wednesday': False, 'thursday': False, 'sunday': False, 'saturday': True}"", 'WiFi': ""u'free'"", 'WheelchairAccessible': 'True', 'GoodForMeal': ""{'dessert': False, 'latenight': False, 'lunch': False, 'dinner': False, 'brunch': False, 'breakfast': False}"", 'RestaurantsDelivery': 'True', 'OutdoorSeating': 'True', 'RestaurantsTableService': 'True', 'RestaurantsTakeOut': 'True', 'BusinessAcceptsCreditCards': 'True', 'Caters': 'True', 'Music': ""{'dj': False, 'background_music': True, 'no_music': False, 'jukebox': False, 'live': False, 'video': False, 'karaoke': False}"", 'HasTV': 'False', 'BikeParking': 'True', 'GoodForKids': 'False', 'RestaurantsAttire': ""'casual'"", 'RestaurantsReservations': 'True', 'Smoking': ""u'yes'"", 'CoatCheck': 'False', 'Alcohol': ""u'none'"", 'BusinessParking': ""{'garage': False, 'street': True, 'validated': False, 'lot': False, 'valet': False}"", 'RestaurantsGoodForGroups': 'True'}","Waffles, Restaurants, Hookah Bars, Food, Breakfast & Brunch, Bars, Nightlife, Bubble Tea, Coffee & Tea","{'Monday': '16:0-22:0', 'Tuesday': '16:0-23:0', 'Wednesday': '16:0-23:0', 'Thursday': '16:0-23:0', 'Friday': '16:0-3:0', 'Saturday': '10:0-3:0', 'Sunday': '10:0-23:0'}"
xt-GigN6sRFQXKCIyIOCYA,Cafe de Blaire,442 N 4th St,St. Louis,MO,63102,38.6294661,-90.1868802,5.0,33,1,"{'WheelchairAccessible': 'True', 'RestaurantsDelivery': 'False', 'BikeParking': 'True', 'WiFi': ""u'free'"", 'BusinessAcceptsCreditCards': 'True', 'RestaurantsTakeOut': 'True', 'Caters': 'False', 'OutdoorSeating': 'True'}","Food, Bubble Tea, Ice Cream & Frozen Yogurt, Coffee & Tea","{'Monday': '7:0-18:0', 'Tuesday': '7:0-19:0', 'Wednesday': '7:0-19:0', 'Thursday': '7:0-19:0', 'Friday': '7:0-19:0', 'Saturday': '8:0-19:0', 'Sunday': '8:0-16:0'}"
q-m9__XyqMhuX5cValqS2w,Lulu Cafe,4508 Walnut St,Philadelphia,PA,19139,39.9550208,-75.2121474,4.5,150,1,"{'GoodForKids': 'True', 'Ambience': ""{'touristy': False, 'hipster': False, 'romantic': False, 'divey': False, 'intimate': False, 'trendy': True, 'upscale': False, 'classy': False, 'casual': True}"", 'Caters': 'True', 'RestaurantsGoodForGroups': 'False', 'BikeParking': 'False', 'RestaurantsAttire': ""u'casual'"", 'RestaurantsReservations': 'False', 'RestaurantsTakeOut': 'True', 'RestaurantsTableService': 'False', 'DogsAllowed': 'True', 'HasTV': 'False', 'OutdoorSeating': 'True', 'WiFi': ""u'free'"", 'BusinessAcceptsCreditCards': 'True', 'HappyHour': 'False', 'RestaurantsDelivery': 'True', 'GoodForMeal': ""{'dessert': True, 'latenight': False, 'lunch': False, 'dinner': False, 'brunch': False, 'breakfast': False}"", 'Corkage': 'False', 'WheelchairAccessible': 'True', 'RestaurantsPriceRange2': '1', 'Alcohol': ""u'none'"", 'NoiseLevel': ""'average'"", 'BusinessParking': ""{'garage': False, 'street': True, 'validated': False, 'lot': False, 'valet': False}"", 'DriveThru': 'False'}","Bubble Tea, Coffee & Tea, Shaved Ice, Taiwanese, Restaurants, Food","{'Monday': '0:0-0:0', 'Wednesday': '12:0-18:0', 'Thursday': '12:0-18:0', 'Friday': '12:0-18:0', 'Saturday': '12:0-20:0', 'Sunday': '12:0-18:0'}"
flAKU5PiUDE0jkZL6h4cLg,Swirled Peace,"711 W Main St, Ste 101",Lansdale,PA,19446,40.246488,-75.2915163,4.5,41,0,"{'WheelchairAccessible': 'True', 'RestaurantsTakeOut': 'True', 'WiFi': ""'free'"", 'OutdoorSeating': 'False', 'RestaurantsPriceRange2': '1', 'BusinessParking': ""{'garage': False, 'street': True, 'validated': False, 'lot': False, 'valet': False}"", 'BusinessAcceptsCreditCards': 'True', 'Caters': 'False', 'BikeParking': 'True'}","Coffee & Tea, Bubble Tea, Ice Cream & Frozen Yogurt, Food","{'Monday': '11:0-21:0', 'Tuesday': '11:0-21:0', 'Wednesday': '11:0-21:0', 'Thursday': '11:0-21:0', 'Friday': '11:0-22:0', 'Saturday': '11:0-22:0'}"
8wRT3Bt0LUtXeh1-dqTs0Q,Funtime Ramen & Tea Bar,1703 Portland Ave,Nashville,TN,37212,36.1326883,-86.7963546,4.0,59,1,"{'RestaurantsDelivery': 'True', 'BusinessParking': ""{u'valet': False, u'garage': False, u'street': True, u'lot': False, u'validated': False}"", 'RestaurantsTakeOut': 'True', 'RestaurantsPriceRange2': '2'}","Restaurants, Juice Bars & Smoothies, Tapas/Small Plates, Bubble Tea, Japanese, Ramen, Food","{'Monday': '0:0-0:0', 'Tuesday': '11:0-21:0', 'Wednesday': '11:0-21:0', 'Thursday': '11:0-21:0', 'Friday': '11:0-22:0', 'Saturday': '11:0-22:0', 'Sunday': '11:0-21:0'}"
cEHkn3gPbxqNvNLvGdeeOQ,Mr Wish,160 N Gulph Rd,King of Prussia,PA,19406,40.0893176,-75.3907289,4.0,7,1,,"Bubble Tea, Juice Bars & Smoothies, Food",
TSn0V9-R0ltmBNf5hduNeA,Sapporo Ramen &  Bubble Tea,12818-82 Street,Edmonton,AB,T5E 2T2,53.5866525,-113.4679305,4.0,9,1,"{'BusinessParking': ""{'garage': False, 'street': False, 'validated': False, 'lot': False, 'valet': False}"", 'GoodForMeal': ""{'dessert': False, 'latenight': False, 'lunch': False, 'dinner': False, 'brunch': False, 'breakfast': False}"", 'HasTV': 'True', 'RestaurantsDelivery': 'True', 'Ambience': ""{'touristy': False, 'hipster': False, 'romantic': False, 'intimate': False, 'trendy': False, 'upscale': False, 'classy': False, 'casual': False}""}","Bubble Tea, Japanese, Ramen, Restaurants, Food","{'Tuesday': '11:30-20:0', 'Wednesday': '11:30-20:0', 'Thursday': '11:30-20:0', 'Friday': '11:30-20:0', 'Saturday': '11:30-20:0', 'Sunday': '11:30-20:0'}"
Et_kxd5AaVjxRhEBDdSOWg,Annie Tea House,1924 W Brandon Blvd,Brandon,FL,33511,27.938213,-82.316302,5.0,60,1,"{'NoiseLevel': ""u'quiet'"", 'RestaurantsPriceRange2': '2', 'BusinessParking': ""{u'valet': False, u'garage': False, u'street': None, u'lot': None, u'validated': False}"", 'DogsAllowed': 'False'}","Bubble Tea, Food, Acai Bowls, Coffee & Tea, Juice Bars & Smoothies","{'Tuesday': '11:0-21:0', 'Wednesday': '11:0-21:0', 'Thursday': '11:0-21:0', 'Friday': '11:0-21:0', 'Saturday': '11:0-21:0', 'Sunday': '11:0-20:0'}"
eRr8nxvJju8Q0ghh9C9L2g,S&P Boba Tea,"7050 Terminal Sq, Ste 217",Upper Darby,PA,19082,39.9612428,-75.2628949,4.5,26,1,"{'BusinessParking': ""{'garage': None, 'street': True, 'validated': None, 'lot': None, 'valet': False}"", 'BikeParking': 'True', 'ByAppointmentOnly': 'False', 'WheelchairAccessible': 'True', 'Caters': 'True', 'RestaurantsTakeOut': 'True', 'RestaurantsDelivery': 'True', 'BusinessAcceptsCreditCards': 'True'}","Bubble Tea, Food, Desserts","{'Monday': '11:0-19:30', 'Tuesday': '11:0-19:30', 'Wednesday': '11:0-19:30', 'Thursday': '11:0-19:30', 'Friday': '11:0-19:30', 'Saturday': '10:30-19:30', 'Sunday': '10:30-19:30'}"
wGjD-JlJmqPuG5oTvxMKGg,VIVI Bubble Tea,"3000 Severn Ave, Unit A",Metairie,LA,70002,30.0057052,-90.1600689,4.5,53,1,"{'Caters': 'True', 'BusinessAcceptsCreditCards': 'True', 'RestaurantsTakeOut': 'True', 'RestaurantsPriceRange2': '2', 'BusinessParking': ""{'garage': False, 'street': False, 'validated': False, 'lot': True, 'valet': False}"", 'RestaurantsDelivery': 'True'}","Food, Bubble Tea","{'Monday': '11:0-20:0', 'Tuesday': '11:0-20:0', 'Wednesday': '11:0-20:0', 'Thursday': '11:0-20:0', 'Friday': '11:0-21:0', 'Saturday': '11:0-21:0', 'Sunday': '12:0-20:0'}"
nA8OwIMCvBXVbEJALcF4Yw,ZenfiniTea,3501 Universal Plz,Tampa Bay,FL,34652,28.21008,-82.7408251,5.0,8,1,"{'Alcohol': ""u'none'"", 'OutdoorSeating': 'True', 'WiFi': ""u'free'"", 'WheelchairAccessible': 'True', 'BusinessParking': ""{'garage': False, 'street': False, 'validated': False, 'lot': True, 'valet': False}"", 'BusinessAcceptsCreditCards': 'True', 'DogsAllowed': 'True', 'HasTV': 'True', 'Smoking': ""u'outdoor'"", 'RestaurantsReservations': 'False', 'RestaurantsTakeOut': 'True', 'RestaurantsDelivery': 'True', 'Caters': 'False', 'BikeParking': 'True'}","Herbal Shops, Food, Coffee & Tea, Health & Medical, Kombucha, Nightlife, Bubble Tea, Lounges, Bars","{'Monday': '11:0-0:0', 'Tuesday': '11:0-0:0', 'Wednesday': '11:0-0:0', 'Thursday': '11:0-0:0', 'Friday': '11:0-3:0', 'Saturday': '11:0-3:0', 'Sunday': '11:0-0:0'}"
aT6dfEcg0bucpmdrE_G1zg,Teassert Bar,227 N 10th St,Philadelphia,PA,19107,39.9562085,-75.1555185,4.0,167,0,"{'WheelchairAccessible': 'False', 'BusinessAcceptsBitcoin': 'False', 'RestaurantsTakeOut': 'True', 'BusinessAcceptsCreditCards': 'True', 'RestaurantsPriceRange2': '2', 'OutdoorSeating': 'False', 'BikeParking': 'False', 'Caters': 'False', 'WiFi': ""u'free'"", 'BusinessParking': ""{'garage': False, 'street': True, 'validated': False, 'lot': False, 'valet': False}""}","Ice Cream & Frozen Yogurt, Food, Coffee & Tea, Bubble Tea, Desserts","{'Monday': '11:0-23:0', 'Tuesday': '11:0-23:0', 'Wednesday': '11:0-23:0', 'Thursday': '11:0-23:0', 'Friday': '11:0-0:0', 'Saturday': '11:0-0:0', 'Sunday': '11:0-23:0'}"
4JSDGbEILb9GZcRsLHs1rQ,35 Below,"19651 Bruce B Downs Blvd, Ste D-1",Tampa,FL,33647,28.1520687,-82.3523094,4.0,7,1,"{'RestaurantsDelivery': 'True', 'RestaurantsTakeOut': 'True'}","Coffee & Tea, Bubble Tea, Juice Bars & Smoothies, Ice Cream & Frozen Yogurt, Food",
TvnqERlxc8lFnpERkP8JCg,Gong Cha,"2000 NJ-38, Ste 1500, Cherry Hill Mall",Cherry Hill,NJ,08002,39.942495,-75.0255696,4.0,8,1,"{'BusinessAcceptsCreditCards': 'True', 'RestaurantsDelivery': 'None', 'OutdoorSeating': 'False', 'RestaurantsTakeOut': 'True'}","Coffee & Tea, Food, Bubble Tea","{'Monday': '0:0-0:0', 'Tuesday': '9:0-22:0', 'Wednesday': '9:0-22:0', 'Thursday': '9:0-22:0', 'Friday': '9:0-18:0', 'Saturday': '9:0-22:0', 'Sunday': '10:0-21:0'}"
ZwCvURKz4l5OBp5trIR02A,Mr Wish,216 N 10th St,Philadelphia,PA,19107,39.9559225,-75.15592,4.5,274,1,"{'RestaurantsPriceRange2': '1', 'Caters': 'False', 'RestaurantsTakeOut': 'True', 'NoiseLevel': ""u'average'"", 'GoodForKids': 'True', 'DogsAllowed': 'False', 'BusinessAcceptsCreditCards': 'True', 'BikeParking': 'True', 'Alcohol': ""'none'"", 'WiFi': ""'free'"", 'BusinessParking': ""{'garage': False, 'street': True, 'validated': False, 'lot': False, 'valet': False}"", 'GoodForMeal': ""{'dessert': False, 'latenight': False, 'lunch': False, 'dinner': False, 'brunch': False, 'breakfast': False}"", 'RestaurantsDelivery': 'True'}","Bubble Tea, Food, Tea Rooms, Juice Bars & Smoothies","{'Monday': '10:0-22:0', 'Tuesday': '10:0-22:0', 'Wednesday': '10:0-22:0', 'Thursday': '10:0-22:0', 'Friday': '10:0-22:0', 'Saturday': '10:0-22:0', 'Sunday': '10:0-22:0'}"
zUA1hGE1NWGO66OTbKuZuQ,Boba & Everything,1220 Waterway Blvd,Indianapolis,IN,46202,39.7849106,-86.1843391,4.5,13,1,"{'RestaurantsPriceRange2': '2', 'RestaurantsTakeOut': 'True', 'RestaurantsDelivery': 'True'}","Restaurants, Bagels, Food, Bubble Tea, Breakfast & Brunch","{'Tuesday': '9:0-20:0', 'Wednesday': '9:0-20:0', 'Thursday': '9:0-20:0', 'Friday': '9:0-20:0', 'Saturday': '9:0-20:0'}"
8Xk9nyQkaLZyWJcZrwX2uA,Kung Fu Tea,4500 City Ave,Philadelphia,PA,19131,40.0030201,-75.2214924,5.0,10,1,"{'BusinessParking': ""{'garage': False, 'street': False, 'validated': False, 'lot': True, 'valet': False}"", 'WiFi': ""u'free'"", 'RestaurantsTakeOut': 'True', 'BusinessAcceptsCreditCards': 'True', 'RestaurantsDelivery': 'None'}","Coffee & Tea, Bubble Tea, Juice Bars & Smoothies, Food","{'Monday': '12:0-20:0', 'Tuesday': '12:0-20:0', 'Wednesday': '12:0-20:0', 'Thursday': '12:0-20:0', 'Friday': '12:0-20:0', 'Saturday': '12:0-20:0', 'Sunday': '12:0-20:0'}"
7Cpp1cVc1mtC3PVicq9dLQ,Sweetea Cafe,25704 Sierra Center Blvd,Lutz,FL,33559,28.195108,-82.391879,4.5,152,1,"{'DogsAllowed': 'False', 'RestaurantsTableService': 'False', 'Caters': 'True', 'Alcohol': ""u'none'"", 'BusinessAcceptsCreditCards': 'True', 'HappyHour': 'True', 'RestaurantsDelivery': 'False', 'RestaurantsPriceRange2': '1', 'BusinessAcceptsBitcoin': 'False', 'NoiseLevel': ""u'quiet'"", 'OutdoorSeating': 'False', 'Ambience': ""{'touristy': False, 'hipster': False, 'romantic': False, 'divey': False, 'intimate': False, 'trendy': False, 'upscale': False, 'classy': False, 'casual': False}"", 'RestaurantsTakeOut': 'True', 'BusinessParking': ""{'garage': False, 'street': False, 'validated': False, 'lot': True, 'valet': False}"", 'WiFi': ""u'no'"", 'RestaurantsReservations': 'False', 'RestaurantsGoodForGroups': 'True', 'HasTV': 'False', 'GoodForMeal': ""{'dessert': False, 'latenight': False, 'lunch': False, 'dinner': False, 'brunch': False, 'breakfast': False}"", 'BikeParking': 'False', 'BYOB': 'False', 'WheelchairAccessible': 'True'}","Vietnamese, Sandwiches, Restaurants, Food, Coffee & Tea, Bubble Tea","{'Monday': '0:0-0:0', 'Tuesday': '11:0-20:0', 'Wednesday': '11:0-20:0', 'Thursday': '11:0-20:0', 'Friday': '11:0-20:0', 'Saturday': '11:0-20:0', 'Sunday': '11:0-19:0'}"
BxLqgAycWWeq9wFbPh58pg,Mochi Ring Donut And Bubble Tea,"501 Old York Rd, Unit 3",Jenkintown,PA,19046,40.0991324587,-75.1265807,5.0,27,1,"{'RestaurantsTakeOut': 'True', 'RestaurantsDelivery': 'True', 'BusinessParking': ""{u'valet': False, u'garage': False, u'street': True, u'lot': True, u'validated': False}""}","Specialty Food, Donuts, Candy Stores, Bubble Tea, Restaurants, Food, Asian Fusion","{'Monday': '11:0-18:0', 'Wednesday': '11:0-18:0', 'Thursday': '11:0-18:0', 'Friday': '11:0-18:0', 'Saturday': '11:0-15:0', 'Sunday': '11:0-18:0'}"
vYv9PhpNZGhrU8t_pvdlCw,Mori Sushi,"231 S College Ave, Ste 200",Indianapolis,IN,46202,39.7631934,-86.1454843,4.5,149,1,"{'Ambience': ""{'touristy': False, 'hipster': False, 'romantic': False, 'divey': False, 'intimate': False, 'trendy': False, 'upscale': False, 'classy': True, 'casual': False}"", 'WheelchairAccessible': 'True', 'RestaurantsTableService': 'True', 'BikeParking': 'True', 'HasTV': 'False', 'DogsAllowed': 'True', 'RestaurantsPriceRange2': '2', 'BusinessParking': ""{'garage': False, 'street': False, 'validated': False, 'lot': True, 'valet': False}"", 'Alcohol': ""u'beer_and_wine'"", 'BusinessAcceptsCreditCards': 'True', 'HappyHour': 'True', 'WiFi': ""u'free'"", 'RestaurantsTakeOut': 'True', 'Caters': 'True', 'RestaurantsReservations': 'True', 'Corkage': 'True', 'BusinessAcceptsBitcoin': 'False', 'BYOB': 'False', 'RestaurantsDelivery': 'True', 'OutdoorSeating': 'True'}","Sushi Bars, Restaurants, Japanese, Ramen, Izakaya, Asian Fusion, Beer, Wine & Spirits, Food, Bubble Tea, Noodles","{'Monday': '16:30-21:0', 'Tuesday': '16:30-21:0', 'Wednesday': '16:30-21:0', 'Thursday': '16:30-22:0', 'Friday': '16:30-22:0', 'Saturday': '12:0-21:0'}"
KyxAss4DMrT_GMzcOLE2yg,Pho Can Tho By 1,2746 N Campbell Ave,Tucson,AZ,85719,32.2566988,-110.9435152,4.0,111,1,"{'RestaurantsPriceRange2': '2', 'BusinessAcceptsCreditCards': 'True', 'HasTV': 'True', 'WiFi': ""u'free'"", 'RestaurantsTakeOut': 'True', 'GoodForKids': 'True', 'Caters': 'True', 'RestaurantsReservations': 'False', 'DogsAllowed': 'False', 'GoodForMeal': ""{'dessert': None, 'latenight': None, 'lunch': True, 'dinner': True, 'brunch': None, 'breakfast': None}"", 'BikeParking': 'False', 'Ambience': ""{'touristy': False, 'hipster': None, 'romantic': False, 'divey': None, 'intimate': None, 'trendy': None, 'upscale': None, 'classy': None, 'casual': None}"", 'BusinessAcceptsBitcoin': 'True', 'OutdoorSeating': 'False', 'HappyHour': 'False', 'RestaurantsTableService': 'True', 'WheelchairAccessible': 'True', 'RestaurantsGoodForGroups': 'True', 'BusinessParking': ""{'garage': False, 'street': False, 'validated': False, 'lot': True, 'valet': False}"", 'RestaurantsDelivery': 'True'}","Thai, Vegetarian, Vietnamese, Restaurants, Coffee & Tea, Bubble Tea, Food, Chinese","{'Monday': '11:0-20:0', 'Tuesday': '11:0-20:0', 'Wednesday': '11:0-20:0', 'Thursday': '11:0-20:0', 'Friday': '11:0-20:0', 'Saturday': '11:0-20:0', 'Sunday': '11:0-20:0'}"
bxs7csQi0UWO2fgGLxoZXQ,Loon Fong 2,8150 49th St N,Pinellas Park,FL,33781,27.84597,-82.70051,3.5,29,0,"{'BusinessAcceptsCreditCards': 'True', 'HasTV': 'True', 'GoodForKids': 'True', 'RestaurantsAttire': ""u'casual'"", 'RestaurantsTakeOut': 'True', 'OutdoorSeating': 'False', 'Ambience': ""{'romantic': False, 'intimate': False, 'touristy': False, 'hipster': False, 'divey': False, 'classy': False, 'trendy': False, 'upscale': False, 'casual': True}"", 'RestaurantsPriceRange2': '1', 'Alcohol': ""u'beer_and_wine'"", 'NoiseLevel': ""u'average'"", 'RestaurantsDelivery': 'False', 'RestaurantsGoodForGroups': 'True', 'RestaurantsReservations': 'True', 'WiFi': ""'free'"", 'GoodForMeal': ""{'dessert': False, 'latenight': False, 'lunch': True, 'dinner': False, 'brunch': False, 'breakfast': False}"", 'BikeParking': 'True', 'Caters': 'True', 'BusinessParking': ""{'garage': False, 'street': False, 'validated': False, 'lot': True, 'valet': False}""}","American (New), Vietnamese, Restaurants, Juice Bars & Smoothies, Coffee & Tea, Chinese, Bubble Tea, Food","{'Monday': '10:0-22:0', 'Tuesday': '10:0-22:0', 'Wednesday': '10:0-22:0', 'Thursday': '10:0-22:0', 'Friday': '10:0-22:0', 'Saturday': '10:0-22:0', 'Sunday': '10:0-22:0'}"
pnrZqBbu7WngjKjfkw6cLw,Mac and Moon,801 Magazine St,New Orleans,LA,70130,29.9451704,-90.0696037,4.0,94,0,"{'DriveThru': 'False', 'BusinessParking': ""{'garage': None, 'street': None, 'validated': None, 'lot': False, 'valet': False}"", 'RestaurantsDelivery': 'True', 'BusinessAcceptsCreditCards': 'True', 'RestaurantsPriceRange2': '2', 'RestaurantsTakeOut': 'True', 'WiFi': ""'free'"", 'DogsAllowed': 'False'}","Vegan, Restaurants, Desserts, Specialty Food, Food, Bubble Tea, Ice Cream & Frozen Yogurt, Macarons","{'Monday': '10:0-22:0', 'Tuesday': '10:0-22:0', 'Wednesday': '10:0-22:0', 'Thursday': '10:0-22:0', 'Friday': '10:0-23:0', 'Saturday': '10:0-23:0', 'Sunday': '10:0-22:0'}"
ceAKZHjmI19RVp3QPkmEsA,Swinterland,"910 W 10th St, Ste B",Indianapolis,IN,46202,39.7811638,-86.1744971,4.0,12,0,"{'BusinessParking': ""{'garage': True, 'street': False, 'validated': False, 'lot': False, 'valet': False}"", 'WiFi': ""'free'"", 'BusinessAcceptsCreditCards': 'True', 'BikeParking': 'True', 'RestaurantsPriceRange2': '1', 'RestaurantsTakeOut': 'True'}","Bubble Tea, Food, Shaved Ice, Tea Rooms, Ice Cream & Frozen Yogurt","{'Monday': '12:0-19:0', 'Tuesday': '12:0-19:0', 'Wednesday': '12:0-19:0', 'Thursday': '12:0-19:0', 'Friday': '12:0-20:0', 'Saturday': '12:0-20:0', 'Sunday': '12:0-20:0'}"
wK0st2QWGin3shaIYHG0Xg,Oriental Express,982 E University Blvd,Tucson,AZ,85719,32.231539,-110.95687,4.0,54,1,"{'GoodForKids': 'True', 'OutdoorSeating': 'True', 'HasTV': 'True', 'Alcohol': ""u'none'"", 'RestaurantsTakeOut': 'True', 'RestaurantsGoodForGroups': 'True', 'Ambience': ""{'romantic': False, 'intimate': False, 'classy': False, 'hipster': False, 'divey': False, 'touristy': False, 'trendy': False, 'upscale': False, 'casual': True}"", 'RestaurantsReservations': 'False', 'RestaurantsPriceRange2': '1', 'RestaurantsAttire': ""'casual'"", 'BusinessAcceptsCreditCards': 'True', 'Caters': 'False', 'NoiseLevel': ""u'average'"", 'BusinessParking': ""{'garage': True, 'street': True, 'validated': False, 'lot': True, 'valet': False}"", 'WiFi': ""u'no'"", 'BikeParking': 'True', 'WheelchairAccessible': 'True', 'RestaurantsDelivery': 'None', 'Corkage': 'False'}","Restaurants, Chinese, Bubble Tea, Food, Fast Food, Soup","{'Monday': '11:0-20:0', 'Tuesday': '11:0-20:0', 'Wednesday': '11:0-20:0', 'Thursday': '11:0-20:0', 'Friday': '11:0-20:0'}"
Y_wNEd-AtDTo-jdPakoCZA,Bubblelicious Lab,"2110 Marlton Pike E Rt 70, Ste 18",Cherry Hill,NJ,08003,39.8964201,-74.9468035,4.5,97,1,"{'RestaurantsPriceRange2': '1', 'BusinessAcceptsCreditCards': 'True', 'NoiseLevel': ""u'quiet'"", 'RestaurantsTakeOut': 'True', 'BusinessParking': ""{'garage': False, 'street': None, 'validated': False, 'lot': None, 'valet': False}"", 'RestaurantsDelivery': 'True', 'DogsAllowed': 'False', 'GoodForKids': 'True'}","Food, Bubble Tea, Coffee & Tea, Desserts","{'Monday': '11:30-19:30', 'Tuesday': '11:30-19:30', 'Wednesday': '11:30-19:30', 'Thursday': '11:30-19:30', 'Friday': '11:30-19:30', 'Saturday': '11:30-19:30', 'Sunday': '11:30-19:30'}"
YygPa1o7gZKkv-6VYDh_3w,Tranquili Tea Temple,127 N Church St,West Chester,PA,19380,39.9607190276,-75.6070548669,4.5,11,1,{'RestaurantsTakeOut': 'True'},"Flowers & Gifts, Coffee & Tea, Bubble Tea, Jewelry, Shopping, Home & Garden, Tableware, Food, Spiritual Shop, Tea Rooms, Gift Shops","{'Monday': '0:0-0:0', 'Tuesday': '12:0-18:0', 'Wednesday': '12:0-18:0', 'Thursday': '12:0-18:0', 'Friday': '12:0-18:0', 'Saturday': '12:0-18:0', 'Sunday': '12:0-17:0'}"
IjRtrYRJXjUEtM4wg_n7Nw,Yogurt City,"111 Boardwalk Pl W, Unit 103",Madeira Beach,FL,33708,27.7852216104,-82.7821130991,3.5,21,1,"{'WiFi': ""'free'"", 'Caters': 'False', 'RestaurantsTakeOut': 'True', 'BusinessParking': ""{'garage': True, 'street': False, 'validated': False, 'lot': False, 'valet': False}"", 'BusinessAcceptsCreditCards': 'True', 'RestaurantsDelivery': 'True', 'BikeParking': 'True', 'RestaurantsPriceRange2': '1', 'WheelchairAccessible': 'True'}","Ice Cream & Frozen Yogurt, Acai Bowls, Food, Bubble Tea","{'Monday': '11:0-20:0', 'Tuesday': '11:0-20:0', 'Wednesday': '11:0-20:0', 'Thursday': '11:0-20:0', 'Friday': '11:0-20:0', 'Saturday': '11:0-21:0', 'Sunday': '11:0-20:0'}"
YXVt71ViajdXNpdCl4TleQ,Tsaocaa,"7320 Old York Rd, Ste 107",Elkins Park,PA,19027,40.0627748562,-75.1367652208,4.5,19,1,"{'BikeParking': 'True', 'BusinessAcceptsBitcoin': 'False', 'RestaurantsTakeOut': 'True', 'RestaurantsDelivery': 'True', 'DogsAllowed': 'False', 'Caters': 'True', 'BusinessParking': ""{'garage': True, 'street': False, 'validated': False, 'lot': False, 'valet': False}"", 'WheelchairAccessible': 'True', 'BusinessAcceptsCreditCards': 'True'}","Shaved Ice, Food, Desserts, Bubble Tea","{'Monday': '11:0-19:30', 'Tuesday': '11:0-19:30', 'Wednesday': '11:0-19:30', 'Thursday': '11:0-16:0', 'Friday': '11:0-19:30', 'Saturday': '11:0-15:0', 'Sunday': '11:0-19:30'}"
KC1E05ak1gqLv8CEBZvQkg,Pholicious,"28211 Paseo Dr, Ste 180",Wesley Chapel,FL,33543,28.18886,-82.347274,2.5,62,1,"{'RestaurantsDelivery': 'True', 'RestaurantsPriceRange2': '1', 'BusinessAcceptsCreditCards': 'True', 'BusinessParking': ""{'garage': None, 'street': None, 'validated': None, 'lot': False, 'valet': False}"", 'OutdoorSeating': 'False', 'Ambience': ""{'touristy': None, 'hipster': None, 'romantic': None, 'divey': None, 'intimate': False, 'trendy': None, 'upscale': False, 'classy': None, 'casual': True}"", 'RestaurantsReservations': 'False', 'HasTV': 'True', 'GoodForMeal': ""{'dessert': False, 'latenight': False, 'lunch': False, 'dinner': False, 'brunch': False, 'breakfast': False}"", 'RestaurantsGoodForGroups': 'True', 'Alcohol': ""u'none'"", 'RestaurantsTakeOut': 'True'}","Juice Bars & Smoothies, Bubble Tea, Restaurants, Vietnamese, Food","{'Monday': '10:0-21:0', 'Tuesday': '10:0-21:0', 'Wednesday': '10:0-21:0', 'Thursday': '10:0-21:0', 'Friday': '10:0-21:0', 'Saturday': '10:0-21:0', 'Sunday': '12:0-18:0'}"
pPy84w7aFZ6kD0qvMT_0Ng,Bubbleology,8021 Citrus Park Town Ctr,Tampa,FL,33625,28.0691958619,-82.5765906366,3.5,29,1,"{'OutdoorSeating': 'False', 'RestaurantsTakeOut': 'True', 'Caters': 'False', 'WiFi': ""u'no'"", 'NoiseLevel': ""u'average'"", 'RestaurantsPriceRange2': '1', 'BusinessParking': ""{'garage': None, 'street': None, 'validated': False, 'lot': None, 'valet': False}"", 'BikeParking': 'False', 'BusinessAcceptsCreditCards': 'True', 'DogsAllowed': 'True', 'RestaurantsDelivery': 'None'}","Bubble Tea, Food, Coffee & Tea","{'Monday': '10:0-21:0', 'Tuesday': '10:0-21:0', 'Wednesday': '10:0-21:0', 'Thursday': '10:0-21:0', 'Friday': '10:0-21:0', 'Saturday': '10:0-21:0', 'Sunday': '12:0-18:0'}"
O6xFfSeBd1qQEp4aJJqgVw,Freshbae,227 N 10th St,Philadelphia,PA,19107,39.9562059,-75.1556190828,4.0,18,0,"{'BusinessParking': ""{'garage': False, 'street': True, 'validated': False, 'lot': False, 'valet': False}"", 'BusinessAcceptsCreditCards': 'True', 'RestaurantsTakeOut': 'True', 'RestaurantsDelivery': 'None'}","Ice Cream & Frozen Yogurt, Desserts, Bubble Tea, Food","{'Monday': '11:0-22:0', 'Tuesday': '11:0-22:0', 'Wednesday': '11:0-22:0', 'Thursday': '11:0-22:0', 'Friday': '11:0-0:0', 'Saturday': '11:0-0:0', 'Sunday': '11:0-22:0'}"
6kGguKQkmMITO3n8H8EKOA,Poke Falls,"5383 Ehrlich Rd, Ste 106",Tampa,FL,33625,28.0841128,-82.5437144,4.0,38,1,"{'BikeParking': 'True', 'RestaurantsTakeOut': 'True', 'Caters': 'True', 'WiFi': ""u'free'"", 'WheelchairAccessible': 'False', 'BusinessParking': ""{'garage': False, 'street': False, 'validated': False, 'lot': False, 'valet': False}"", 'BusinessAcceptsCreditCards': 'True', 'GoodForMeal': ""{'dessert': False, 'latenight': False, 'lunch': False, 'dinner': False, 'brunch': False, 'breakfast': False}"", 'RestaurantsDelivery': 'True', 'OutdoorSeating': 'False', 'Ambience': ""{'touristy': False, 'hipster': False, 'romantic': False, 'divey': False, 'intimate': False, 'trendy': False, 'upscale': False, 'classy': False, 'casual': False}"", 'RestaurantsPriceRange2': '2'}","Hawaiian, Restaurants, Sushi Bars, Food, Bubble Tea, Poke","{'Monday': '0:0-0:0', 'Tuesday': '11:0-21:30', 'Wednesday': '11:0-21:30', 'Thursday': '11:0-21:30', 'Friday': '11:0-22:0', 'Saturday': '11:0-22:0', 'Sunday': '11:0-21:30'}"
DBtvUjFaT1v-p6vCxY2nTw,Moar Tea & Poke,448 Massachusetts Ave,Indianapolis,IN,46204,39.773562,-86.1514379,4.5,177,1,"{'WheelchairAccessible': 'True', 'HappyHour': 'False', 'BikeParking': 'True', 'WiFi': ""u'free'"", 'BusinessParking': ""{'garage': False, 'street': True, 'validated': False, 'lot': False, 'valet': False}"", 'RestaurantsDelivery': 'True', 'GoodForKids': 'True', 'DogsAllowed': 'False', 'Caters': 'True', 'BusinessAcceptsCreditCards': 'True', 'RestaurantsPriceRange2': '2', 'RestaurantsTakeOut': 'True', 'NoiseLevel': ""u'average'""}","Juice Bars & Smoothies, Bubble Tea, Restaurants, Poke, Food","{'Monday': '11:30-22:30', 'Tuesday': '11:30-22:30', 'Wednesday': '11:30-22:30', 'Thursday': '11:30-22:30', 'Friday': '11:30-23:30', 'Saturday': '11:30-23:30', 'Sunday': '11:30-22:30'}"
6tXfFVJJwfWOY9n7LK8dVw,Siu Asian Express,754 N McCarran Blvd,Sparks,NV,89431,39.54118,-119.731335,4.0,90,1,"{'GoodForKids': 'True', 'Ambience': ""{'touristy': False, 'hipster': False, 'romantic': False, 'divey': False, 'intimate': False, 'trendy': False, 'upscale': False, 'classy': False, 'casual': True}"", 'NoiseLevel': ""u'average'"", 'Caters': 'False', 'BikeParking': 'True', 'HasTV': 'True', 'RestaurantsDelivery': 'False', 'BusinessAcceptsCreditCards': 'True', 'RestaurantsTableService': 'True', 'BusinessParking': ""{'garage': False, 'street': False, 'validated': False, 'lot': True, 'valet': False}"", 'Alcohol': ""'full_bar'"", 'RestaurantsReservations': 'False', 'RestaurantsTakeOut': 'True', 'OutdoorSeating': 'False', 'RestaurantsPriceRange2': '1', 'WiFi': ""u'free'"", 'GoodForMeal': ""{'dessert': False, 'latenight': False, 'lunch': True, 'dinner': True, 'brunch': False, 'breakfast': False}"", 'RestaurantsGoodForGroups': 'True', 'RestaurantsAttire': ""'casual'""}","Coffee & Tea, Restaurants, Food, Chinese, Bubble Tea","{'Tuesday': '11:0-20:0', 'Wednesday': '11:0-20:0', 'Thursday': '11:0-20:0', 'Friday': '11:0-20:30', 'Saturday': '11:0-20:30', 'Sunday': '11:0-20:0'}"
aDgughL1vDootnXe5kUWGQ,Otaku Ramen,1104 Division St,Nashville,TN,37203,36.1511805,-86.7833044,3.5,740,1,"{'Music': ""{'dj': False, 'background_music': False, 'no_music': False, 'jukebox': False, 'live': False, 'video': False, 'karaoke': False}"", 'BikeParking': 'False', 'RestaurantsTakeOut': 'True', 'NoiseLevel': ""u'average'"", 'CoatCheck': 'False', 'RestaurantsGoodForGroups': 'True', 'GoodForKids': 'True', 'Alcohol': ""u'full_bar'"", 'DogsAllowed': 'False', 'GoodForMeal': ""{'dessert': False, 'latenight': False, 'lunch': True, 'dinner': True, 'brunch': False, 'breakfast': False}"", 'BusinessParking': ""{'garage': True, 'street': True, 'validated': False, 'lot': False, 'valet': False}"", 'GoodForDancing': 'False', 'RestaurantsPriceRange2': '2', 'ByAppointmentOnly': 'False', 'BusinessAcceptsBitcoin': 'False', 'WiFi': ""u'free'"", 'BYOB': 'False', 'HappyHour': 'False', 'Smoking': ""u'no'"", 'RestaurantsDelivery': 'True', 'Caters': 'True', 'RestaurantsReservations': 'False', 'Ambience': ""{'touristy': False, 'hipster': True, 'romantic': False, 'divey': False, 'intimate': False, 'trendy': False, 'upscale': False, 'classy': True, 'casual': True}"", 'HasTV': 'True', 'BestNights': ""{'monday': False, 'tuesday': False, 'friday': True, 'wednesday': True, 'thursday': True, 'sunday': False, 'saturday': False}"", 'RestaurantsAttire': ""'casual'"", 'BusinessAcceptsCreditCards': 'True', 'WheelchairAccessible': 'True', 'OutdoorSeating': 'True', 'RestaurantsTableService': 'True'}","Bars, Ramen, Food, Restaurants, Japanese, Cocktail Bars, Bubble Tea, Nightlife","{'Monday': '17:0-22:0', 'Tuesday': '17:0-22:0', 'Wednesday': '17:0-22:0', 'Thursday': '17:0-22:0', 'Friday': '17:0-22:0', 'Saturday': '17:0-20:0', 'Sunday': '17:0-20:0'}"
iNEePY05pBQjXUfdO4ykig,Fish Bowl Kitchen,17782 Aprile Dr,Land O' Lakes,FL,34638,28.1952981671,-82.5223626665,4.5,152,1,"{'RestaurantsDelivery': 'True', 'NoiseLevel': ""u'average'"", 'RestaurantsPriceRange2': '2', 'RestaurantsTakeOut': 'True', 'BusinessAcceptsCreditCards': 'True', 'WheelchairAccessible': 'True', 'BusinessParking': ""{u'valet': False, u'garage': None, u'street': None, u'lot': False, u'validated': False}"", 'Ambience': ""{'touristy': False, 'hipster': False, 'romantic': False, 'divey': False, 'intimate': False, 'trendy': False, 'upscale': False, 'classy': False, 'casual': False}"", 'GoodForKids': 'True'}","Asian Fusion, Bubble Tea, Restaurants, Poke, Acai Bowls, Food","{'Monday': '9:0-21:0', 'Tuesday': '9:0-21:0', 'Wednesday': '9:0-21:0', 'Thursday': '9:0-21:0', 'Friday': '9:0-21:0', 'Saturday': '9:0-21:0', 'Sunday': '9:0-21:0'}"
AssP84KHvx8vFAk-1brkog,Level Cup Coffee & Boba,1525 N Wilmot,Tucson,AZ,85712,32.2411903,-110.8584544,3.5,32,0,"{'WheelchairAccessible': 'True', 'BusinessParking': ""{'garage': False, 'street': False, 'validated': False, 'lot': False, 'valet': False}"", 'DogsAllowed': 'True', 'RestaurantsTakeOut': 'True', 'BikeParking': 'False', 'RestaurantsPriceRange2': '2', 'BusinessAcceptsCreditCards': 'True', 'OutdoorSeating': 'False', 'WiFi': ""u'free'""}","Food, Coffee & Tea, Bubble Tea","{'Monday': '0:0-0:0', 'Tuesday': '8:0-18:0', 'Wednesday': '8:0-18:0', 'Thursday': '8:0-18:0', 'Friday': '8:0-19:0', 'Saturday': '9:0-18:0'}"
yPrNoVfE90iZxSYzty7RNw,Kung Fu Tea,"160 N Gulph Rd, King of Prussia Mall, Space K103A",King of Prussia,PA,19406,40.088188,-75.392437,4.0,13,1,"{'WiFi': ""u'free'"", 'OutdoorSeating': 'True', 'RestaurantsDelivery': 'True', 'BusinessAcceptsCreditCards': 'True', 'WheelchairAccessible': 'True', 'BusinessParking': ""{'garage': False, 'street': False, 'validated': False, 'lot': False, 'valet': False}"", 'RestaurantsTakeOut': 'True'}","Food, Bubble Tea, Juice Bars & Smoothies, Coffee & Tea","{'Monday': '0:0-0:0', 'Tuesday': '11:0-19:0', 'Wednesday': '11:0-19:0', 'Thursday': '17:0-1:0', 'Friday': '6:0-22:0', 'Saturday': '11:0-19:0', 'Sunday': '12:0-18:0'}"
5m6gQ3BwWi8QXcZmD4yulg,Banh Mi Factory,15728 N Dale Mabry Hwy,Tampa,FL,33618,28.0960507,-82.5039453,4.5,59,1,"{'OutdoorSeating': 'True', 'RestaurantsDelivery': 'None', 'RestaurantsTakeOut': 'True', 'RestaurantsPriceRange2': '1', 'BusinessParking': ""{u'valet': False, u'garage': False, u'street': None, u'lot': None, u'validated': False}"", 'NoiseLevel': ""u'average'""}","Bubble Tea, Bakeries, Sandwiches, Vietnamese, Restaurants, Food","{'Monday': '8:0-20:0', 'Tuesday': '8:0-20:0', 'Thursday': '8:0-20:0', 'Friday': '8:0-20:0', 'Saturday': '8:0-20:0', 'Sunday': '10:0-18:0'}"
bNBi-RVlx71bugXY0GRLtQ,Chestnut St. Cafe,4403 Chestnut St,Philadelphia,PA,19104,39.956725,-75.2099251,4.5,34,0,"{'BusinessParking': ""{'garage': False, 'street': True, 'validated': False, 'lot': False, 'valet': False}"", 'RestaurantsTakeOut': 'None', 'RestaurantsDelivery': 'None', 'HasTV': 'True', 'Ambience': ""{'touristy': False, 'hipster': None, 'romantic': None, 'divey': None, 'intimate': None, 'trendy': None, 'upscale': False, 'classy': None, 'casual': True}"", 'GoodForMeal': ""{'dessert': False, 'latenight': False, 'lunch': False, 'dinner': False, 'brunch': False, 'breakfast': False}""}","Food, Bubble Tea, Restaurants, Sandwiches, Vietnamese, Cafes","{'Monday': '11:0-19:0', 'Tuesday': '11:0-19:0', 'Wednesday': '11:0-19:0', 'Thursday': '11:0-19:0', 'Friday': '11:0-19:0', 'Saturday': '11:0-16:0'}"
8u70WVawnsReBWNv7IXNSg,Ding Tea Reno,"2900 Clear Acre Ln, Ste U-1",Reno,NV,89512,39.5574807697,-119.7912168229,4.5,87,1,"{'RestaurantsTableService': 'False', 'RestaurantsTakeOut': 'True', 'WiFi': ""u'free'"", 'Caters': 'True', 'BusinessParking': ""{'garage': False, 'street': False, 'validated': False, 'lot': True, 'valet': False}"", 'BusinessAcceptsCreditCards': 'True', 'OutdoorSeating': 'False', 'RestaurantsPriceRange2': '1', 'WheelchairAccessible': 'True', 'RestaurantsDelivery': 'True', 'NoiseLevel': ""u'average'""}","Cafes, Restaurants, Coffee & Tea, Juice Bars & Smoothies, Food, Bubble Tea","{'Monday': '11:0-20:0', 'Tuesday': '11:0-20:0', 'Wednesday': '11:0-20:0', 'Thursday': '11:0-21:0', 'Friday': '11:0-18:0', 'Saturday': '11:0-18:0', 'Sunday': '11:0-21:0'}"
qwoCL9oMo827XnhvDaobmg,Chatime,10538 82 Avenue NW,Edmonton,AB,T6E 2A4,53.5182592,-113.5020407,3.0,14,0,"{'RestaurantsPriceRange2': '1', 'BikeParking': 'True', 'WiFi': ""'free'"", 'BusinessParking': ""{'garage': False, 'street': True, 'validated': False, 'lot': False, 'valet': False}"", 'RestaurantsTakeOut': 'True'}","Taiwanese, Bubble Tea, Tea Rooms, Restaurants, Food, Juice Bars & Smoothies","{'Monday': '14:0-22:0', 'Tuesday': '14:0-22:0', 'Wednesday': '14:0-22:0', 'Thursday': '14:0-22:0', 'Friday': '14:0-22:0', 'Saturday': '14:0-22:0', 'Sunday': '14:0-22:0'}"
meyNI73KmiWd09ctARiVcw,Disguiser Party Game Lounge,3617 Lancaster Ave,Philadelphia,PA,19104,39.9590456,-75.1941853,4.0,11,1,"{'RestaurantsTakeOut': 'True', 'BikeParking': 'True', 'DogsAllowed': 'True', 'BusinessParking': ""{'garage': False, 'street': True, 'validated': False, 'lot': False, 'valet': False}"", 'WiFi': ""u'free'"", 'BusinessAcceptsCreditCards': 'True', 'RestaurantsDelivery': 'None', 'WheelchairAccessible': 'True', 'BusinessAcceptsBitcoin': 'False', 'Caters': 'False'}","Food, Arts & Entertainment, Bubble Tea, Arcades, Social Clubs","{'Tuesday': '16:0-0:0', 'Wednesday': '4:0-0:0', 'Thursday': '16:0-0:0', 'Friday': '16:0-2:0', 'Saturday': '13:0-2:0', 'Sunday': '13:0-2:0'}"
F__yT5i7C2t-IfzyXYscKw,Kung Fu Tea,1202 E Fowler Ave,Tampa,FL,33612,28.0549827,-82.446693965,4.0,293,1,"{'BikeParking': 'False', 'BusinessAcceptsCreditCards': 'True', 'BusinessParking': ""{'garage': False, 'street': False, 'validated': False, 'lot': True, 'valet': False}"", 'WiFi': ""'free'"", 'Caters': 'False', 'RestaurantsTakeOut': 'True', 'ByAppointmentOnly': 'False', 'Alcohol': ""'none'"", 'RestaurantsGoodForGroups': 'True', 'OutdoorSeating': 'False', 'DriveThru': 'True', 'RestaurantsDelivery': 'False', 'Ambience': ""{'touristy': False, 'hipster': False, 'romantic': False, 'divey': False, 'intimate': False, 'trendy': False, 'upscale': False, 'classy': True, 'casual': True}"", 'NoiseLevel': ""'average'"", 'RestaurantsTableService': 'False', 'RestaurantsAttire': ""'casual'"", 'DogsAllowed': 'False', 'GoodForKids': 'True', 'RestaurantsReservations': 'False', 'WheelchairAccessible': 'True', 'GoodForMeal': ""{'dessert': True, 'latenight': False, 'lunch': False, 'dinner': True, 'brunch': False, 'breakfast': False}"", 'HasTV': 'True', 'RestaurantsPriceRange2': '2'}","Food, Coffee & Tea, Bubble Tea, Restaurants, Asian Fusion, Juice Bars & Smoothies","{'Monday': '11:0-22:0', 'Tuesday': '11:0-22:0', 'Wednesday': '11:0-22:0', 'Thursday': '11:0-22:0', 'Friday': '11:0-22:0', 'Saturday': '11:0-22:0', 'Sunday': '11:0-22:0'}"
XJEFTd2db-PGXPgFyl3Qkw,Thai Recipes Restaurant,"404 E Thompson Rd, Ste G2",Indianapolis,IN,46227,39.6935748211,-86.1499902447,4.5,286,1,"{'BusinessParking': ""{'garage': False, 'street': False, 'validated': False, 'lot': False, 'valet': False}"", 'HasTV': 'False', 'GoodForKids': 'True', 'DogsAllowed': 'False', 'RestaurantsTableService': 'True', 'RestaurantsTakeOut': 'True', 'WiFi': ""u'free'"", 'OutdoorSeating': 'False', 'BikeParking': 'False', 'RestaurantsPriceRange2': '2', 'RestaurantsDelivery': 'False', 'RestaurantsGoodForGroups': 'True', 'BusinessAcceptsCreditCards': 'True', 'Ambience': ""{'touristy': False, 'hipster': False, 'romantic': False, 'divey': False, 'intimate': None, 'trendy': None, 'upscale': False, 'classy': False, 'casual': True}"", 'NoiseLevel': ""u'quiet'"", 'RestaurantsAttire': ""'casual'"", 'RestaurantsReservations': 'False', 'Caters': 'False', 'GoodForMeal': ""{'dessert': None, 'latenight': False, 'lunch': True, 'dinner': True, 'brunch': False, 'breakfast': False}"", 'Alcohol': ""u'none'""}","Bars, Beer, Wine & Spirits, Nightlife, Restaurants, Food, Thai, Bubble Tea","{'Monday': '0:0-0:0', 'Tuesday': '11:0-20:45', 'Thursday': '11:0-20:45', 'Friday': '11:0-20:45', 'Saturday': '11:0-20:45', 'Sunday': '11:0-20:45'}"
0_GkFTdRWeKyeI5O8ROmnA,Happy Life CBD,1537 N Milwaukee St,Boise,ID,83704,43.618779,-116.2851722,4.5,8,1,"{'DogsAllowed': 'True', 'OutdoorSeating': 'False', 'RestaurantsTakeOut': 'True', 'WiFi': ""u'no'"", 'WheelchairAccessible': 'True', 'BikeParking': 'False', 'RestaurantsDelivery': 'True', 'ByAppointmentOnly': 'False', 'BusinessAcceptsCreditCards': 'True', 'BusinessParking': ""{'garage': False, 'street': False, 'validated': False, 'lot': True, 'valet': False}""}","Bubble Tea, Coffee & Tea, Shopping, Food, Cannabis Dispensaries, Vitamins & Supplements","{'Monday': '10:0-19:0', 'Tuesday': '10:0-19:0', 'Wednesday': '10:0-19:0', 'Thursday': '10:0-19:0', 'Friday': '10:0-19:0', 'Saturday': '10:0-19:0', 'Sunday': '11:0-18:0'}"
zLN6ix7txwpfwRKFi2MfCQ,BAMBU,4699 Park Blvd N,Pinellas Park,FL,33781,27.8397953,-82.6978023,4.0,15,1,"{'BusinessParking': ""{u'valet': False, u'garage': False, u'street': False, u'lot': None, u'validated': False}"", 'DogsAllowed': 'False', 'NoiseLevel': ""u'average'""}","Restaurants, Bubble Tea, Food, Vietnamese, Juice Bars & Smoothies","{'Monday': '11:0-21:0', 'Tuesday': '11:0-21:0', 'Thursday': '11:0-21:0', 'Friday': '11:0-21:0', 'Saturday': '11:0-21:0', 'Sunday': '11:0-21:0'}"
OYurSs6SJYqU1cvEivz6xw,WIT Cafe,821 Seibert Rd,Scott Air Force Base,IL,62225,38.5476246,-89.8699915,4.0,19,1,"{'BusinessAcceptsBitcoin': 'False', 'Corkage': 'False', 'HappyHour': 'False', 'Caters': 'False', 'OutdoorSeating': 'True', 'WheelchairAccessible': 'True', 'Alcohol': ""u'none'"", 'BYOB': 'False', 'RestaurantsPriceRange2': '1', 'BusinessParking': ""{'garage': False, 'street': False, 'validated': False, 'lot': True, 'valet': False}"", 'WiFi': ""u'free'"", 'NoiseLevel': ""u'quiet'"", 'RestaurantsDelivery': 'False', 'HasTV': 'False', 'BusinessAcceptsCreditCards': 'True', 'RestaurantsTakeOut': 'True', 'DogsAllowed': 'True', 'RestaurantsReservations': 'False', 'RestaurantsTableService': 'False', 'BikeParking': 'False'}","Food, Cafes, Sandwiches, Restaurants, Bubble Tea, Bakeries, Coffee & Tea","{'Monday': '0:0-0:0', 'Tuesday': '8:0-18:0', 'Wednesday': '8:0-19:0', 'Thursday': '8:0-18:0', 'Friday': '8:0-18:0', 'Saturday': '10:0-16:0'}"
Y5h63GisHbcp01uN16NrGQ,Nobuko,"1901 Manhattan Blvd, Bldg A Ste 100",Harvey,LA,70058,29.8859001832,-90.0540163427,4.0,58,1,"{'WiFi': ""u'free'"", 'RestaurantsTakeOut': 'True', 'BusinessParking': ""{'garage': False, 'street': False, 'validated': False, 'lot': True, 'valet': False}"", 'RestaurantsDelivery': 'False', 'OutdoorSeating': 'True', 'RestaurantsReservations': 'True', 'RestaurantsGoodForGroups': 'True', 'NoiseLevel': ""u'average'"", 'Ambience': ""{'touristy': False, 'hipster': False, 'romantic': False, 'divey': False, 'intimate': False, 'trendy': False, 'upscale': False, 'classy': False, 'casual': False}"", 'GoodForMeal': ""{'dessert': False, 'latenight': False, 'lunch': False, 'dinner': False, 'brunch': False, 'breakfast': False}"", 'RestaurantsTableService': 'True', 'HasTV': 'True', 'Alcohol': ""u'full_bar'"", 'DogsAllowed': 'False', 'HappyHour': 'True', 'BusinessAcceptsCreditCards': 'True', 'RestaurantsPriceRange2': '2', 'WheelchairAccessible': 'True'}","Sushi Bars, Food, Japanese, Bubble Tea, Restaurants","{'Monday': '0:0-0:0', 'Tuesday': '11:0-22:0', 'Wednesday': '11:0-22:0', 'Thursday': '11:0-22:0', 'Friday': '11:0-23:0', 'Saturday': '11:0-23:0'}"
dwkI0-b5PM2-yn-v7j2Agg,T cafe,108 Chestnut St,Philadelphia,PA,19106,39.9480853,-75.1429316,4.5,59,1,"{'Caters': 'True', 'GoodForKids': 'True', 'RestaurantsTakeOut': 'True', 'BusinessParking': ""{'garage': False, 'street': True, 'validated': False, 'lot': False, 'valet': False}"", 'DogsAllowed': 'False', 'NoiseLevel': ""u'quiet'"", 'WiFi': ""u'free'"", 'DriveThru': 'False', 'OutdoorSeating': 'False', 'BusinessAcceptsCreditCards': 'True', 'RestaurantsDelivery': 'True'}","Bakeries, Desserts, Bubble Tea, Coffee & Tea, Restaurants, Breakfast & Brunch, Food","{'Monday': '9:0-18:0', 'Tuesday': '9:0-18:0', 'Wednesday': '9:0-18:0', 'Thursday': '9:0-18:0', 'Friday': '9:0-18:0', 'Saturday': '9:0-18:0', 'Sunday': '10:0-18:0'}"
nCprivwMhexIl0yPQwsJjw,Go Stir Fry,38 E Washington St,Indianapolis,IN,46204,39.7673641,-86.1567539,5.0,21,1,"{'BusinessAcceptsCreditCards': 'True', 'WiFi': ""u'no'"", 'RestaurantsDelivery': 'True', 'RestaurantsTakeOut': 'True', 'Caters': 'True'}","Food, Japanese, Salad, Restaurants, Teppanyaki, Poke, Steakhouses, Bubble Tea, Sushi Bars","{'Monday': '0:0-0:0', 'Tuesday': '11:0-21:0', 'Wednesday': '11:0-21:0', 'Thursday': '11:0-21:0', 'Friday': '11:0-21:0', 'Sunday': '11:0-21:0'}"
e27sItQBZuFbBPz_Ucq76A,Tea Do,"3816 Chestnut St, Ste 36",Philadelphia,PA,19104,39.954682252,-75.1999465923,4.0,35,1,"{'NoiseLevel': ""u'average'"", 'RestaurantsTakeOut': 'True', 'Alcohol': ""u'none'"", 'BusinessAcceptsBitcoin': 'False', 'BikeParking': 'False', 'RestaurantsReservations': 'False', 'HasTV': 'True', 'BusinessParking': ""{'garage': False, 'street': True, 'validated': False, 'lot': False, 'valet': False}"", 'RestaurantsDelivery': 'True', 'RestaurantsPriceRange2': '2', 'WiFi': ""u'free'"", 'WheelchairAccessible': 'True', 'BusinessAcceptsCreditCards': 'True', 'OutdoorSeating': 'False', 'RestaurantsTableService': 'False', 'DogsAllowed': 'True', 'Caters': 'True'}","Coffee & Tea, Juice Bars & Smoothies, Food, Fast Food, Restaurants, Bubble Tea","{'Monday': '11:0-22:0', 'Tuesday': '11:0-22:0', 'Wednesday': '11:0-22:0', 'Thursday': '11:0-22:0', 'Friday': '11:0-22:0', 'Saturday': '11:0-22:0', 'Sunday': '11:0-22:0'}"
HZ_wXHeUoB7bopQ0vst2CA,Got Tea,"2202 W Waters Ave, Ste 4",Tampa,FL,33604,28.0249384,-82.4816986,4.5,139,0,"{'OutdoorSeating': 'False', 'WiFi': ""u'free'"", 'RestaurantsPriceRange2': '1', 'BusinessParking': ""{'garage': False, 'street': False, 'validated': False, 'lot': True, 'valet': False}"", 'BusinessAcceptsCreditCards': 'False', 'BikeParking': 'False', 'Caters': 'False', 'RestaurantsTakeOut': 'True'}","Food, Juice Bars & Smoothies, Coffee & Tea, Ice Cream & Frozen Yogurt, Bubble Tea","{'Monday': '12:0-21:0', 'Wednesday': '12:0-21:0', 'Thursday': '12:0-21:0', 'Friday': '12:0-21:30', 'Saturday': '12:0-21:30', 'Sunday': '12:0-21:0'}"
CVJsqDS_XmI0CGbLC1EclQ,Mr Wish,6846 Bustleton Ave,Philadelphia,PA,19149,40.0417146,-75.064734,4.0,75,1,"{'RestaurantsGoodForGroups': 'True', 'RestaurantsTakeOut': 'True', 'GoodForKids': 'True', 'WheelchairAccessible': 'False', 'Alcohol': ""u'none'"", 'GoodForMeal': ""{'dessert': True, 'latenight': False, 'lunch': False, 'dinner': False, 'brunch': True, 'breakfast': False}"", 'RestaurantsAttire': ""'casual'"", 'RestaurantsPriceRange2': '1', 'RestaurantsReservations': 'False', 'BusinessParking': ""{'garage': False, 'street': True, 'validated': False, 'lot': False, 'valet': False}"", 'Caters': 'False', 'BusinessAcceptsCreditCards': 'True', 'Ambience': ""{'romantic': False, 'intimate': False, 'classy': False, 'hipster': False, 'divey': True, 'touristy': False, 'trendy': False, 'upscale': False, 'casual': False}"", 'RestaurantsDelivery': 'True', 'WiFi': ""'free'"", 'RestaurantsTableService': 'False', 'NoiseLevel': ""'very_loud'"", 'HasTV': 'True', 'OutdoorSeating': 'False', 'BikeParking': 'False'}","Juice Bars & Smoothies, Cocktail Bars, Bars, Cafes, Bubble Tea, Restaurants, Nightlife, Food","{'Monday': '10:0-22:0', 'Tuesday': '10:0-22:0', 'Wednesday': '10:0-22:0', 'Thursday': '10:0-22:0', 'Friday': '10:0-22:0', 'Saturday': '10:0-22:0', 'Sunday': '10:0-22:0'}"
cm14yAnumhSNxG-bwS_POA,Sitane Market & Deli,"1068 Courier Pl, Ste 101",Smyrna,TN,37167,35.9321036,-86.5325243,4.5,14,1,"{'RestaurantsAttire': ""'casual'"", 'Alcohol': ""u'none'"", 'BusinessAcceptsCreditCards': 'True', 'OutdoorSeating': 'False', 'RestaurantsPriceRange2': '1', 'Caters': 'False', 'HasTV': 'True', 'RestaurantsReservations': 'False', 'WiFi': ""u'no'"", 'NoiseLevel': ""u'quiet'"", 'GoodForKids': 'True', 'RestaurantsTakeOut': 'True', 'GoodForMeal': ""{'dessert': False, 'latenight': False, 'lunch': True, 'dinner': False, 'brunch': False, 'breakfast': False}"", 'Ambience': ""{'romantic': False, 'intimate': False, 'classy': False, 'hipster': False, 'divey': False, 'touristy': False, 'trendy': False, 'upscale': False, 'casual': False}"", 'RestaurantsGoodForGroups': 'True', 'BusinessParking': ""{'garage': False, 'street': False, 'validated': False, 'lot': True, 'valet': False}"", 'Corkage': 'False', 'BikeParking': 'False', 'RestaurantsDelivery': 'False', 'RestaurantsTableService': 'True'}","Asian Fusion, Laotian, International Grocery, Grocery, Restaurants, Food, Thai, Bubble Tea",
OPY3LH0XkYrczLk0NcmRig,Tu's Tea & Banh Mi Northeast Philly,"5520 Whitaker Ave, Ste 10",Philadelphia,PA,19124,40.0356633,-75.1006256,4.0,52,0,"{'Ambience': ""{'touristy': False, 'hipster': False, 'romantic': False, 'divey': False, 'intimate': False, 'trendy': False, 'upscale': False, 'classy': False, 'casual': True}"", 'RestaurantsPriceRange2': '1', 'RestaurantsReservations': 'False', 'HasTV': 'True', 'RestaurantsTableService': 'False', 'WiFi': ""u'no'"", 'RestaurantsTakeOut': 'True', 'BikeParking': 'False', 'GoodForKids': 'True', 'BusinessAcceptsCreditCards': 'True', 'Alcohol': ""u'none'"", 'GoodForMeal': ""{'dessert': True, 'latenight': False, 'lunch': True, 'dinner': False, 'brunch': True, 'breakfast': True}"", 'NoiseLevel': ""u'quiet'"", 'RestaurantsGoodForGroups': 'True', 'OutdoorSeating': 'False', 'RestaurantsDelivery': 'None', 'RestaurantsAttire': ""u'casual'"", 'Caters': 'True', 'BusinessParking': ""{'garage': False, 'street': False, 'validated': False, 'lot': False, 'valet': False}""}","Vietnamese, Restaurants, Food, Asian Fusion, Sandwiches, Bubble Tea, Vegetarian","{'Monday': '8:0-18:0', 'Tuesday': '8:0-18:0', 'Thursday': '8:0-18:0', 'Friday': '8:0-18:0', 'Saturday': '8:0-19:0', 'Sunday': '8:0-19:0'}"
7BZo_arIR_qvyyVMRBxQDg,Bubble Tea Houses,1155 Saint Louis Galleria,Richmond Heights,MO,63117,38.63631,-90.348229,2.5,37,1,"{'OutdoorSeating': 'False', 'RestaurantsPriceRange2': '1', 'BikeParking': 'False', 'BusinessAcceptsCreditCards': 'True', 'RestaurantsTakeOut': 'True', 'WiFi': ""u'paid'"", 'Caters': 'False', 'BusinessParking': ""{'garage': False, 'street': False, 'validated': False, 'lot': False, 'valet': False}""}","Food, Bubble Tea, Coffee & Tea, Juice Bars & Smoothies, Ice Cream & Frozen Yogurt",
zWfzgYe2nT9mHYm_vl1Ukw,Mopho,"514 City Park Ave, Ste F",New Orleans,LA,70119,29.9835238904,-90.1052539051,4.0,767,1,"{'WiFi': ""u'free'"", 'HasTV': 'True', 'WheelchairAccessible': 'True', 'BikeParking': 'True', 'RestaurantsTakeOut': 'True', 'GoodForDancing': 'False', 'Caters': 'True', 'NoiseLevel': ""u'average'"", 'RestaurantsAttire': ""u'casual'"", 'RestaurantsReservations': 'True', 'DogsAllowed': 'False', 'RestaurantsPriceRange2': '2', 'BusinessAcceptsCreditCards': 'True', 'Music': ""{'dj': False, 'background_music': False, 'no_music': False, 'jukebox': False, 'live': False, 'video': False, 'karaoke': False}"", 'BestNights': ""{'monday': True, 'tuesday': False, 'friday': True, 'wednesday': False, 'thursday': False, 'sunday': False, 'saturday': True}"", 'CoatCheck': 'False', 'RestaurantsTableService': 'True', 'BusinessParking': ""{'garage': False, 'street': False, 'validated': False, 'lot': True, 'valet': False}"", 'HappyHour': 'True', 'Alcohol': ""u'full_bar'"", 'RestaurantsGoodForGroups': 'True', 'GoodForKids': 'True', 'Smoking': ""u'no'"", 'OutdoorSeating': 'None', 'RestaurantsDelivery': 'True', 'GoodForMeal': ""{'dessert': False, 'latenight': False, 'lunch': True, 'dinner': True, 'brunch': False, 'breakfast': False}"", 'Ambience': ""{'touristy': False, 'hipster': False, 'romantic': False, 'divey': False, 'intimate': False, 'trendy': False, 'upscale': False, 'classy': True, 'casual': True}""}","Restaurants, Cocktail Bars, Vietnamese, American (New), Wine Bars, Gastropubs, Asian Fusion, Nightlife, Bubble Tea, Bars, Food","{'Monday': '0:0-0:0', 'Tuesday': '11:0-21:0', 'Wednesday': '11:0-21:0', 'Thursday': '11:0-21:0', 'Friday': '11:0-21:0', 'Saturday': '17:0-23:0', 'Sunday': '11:0-21:0'}"
Rag7H_6BDv9SBoMZxLqD-w,Ten Asian Food Hall,"706 Haddonfield Rd, Ste 5",Cherry Hill,NJ,08002,39.9297617,-75.0314522,4.0,96,1,"{'GoodForMeal': ""{'dessert': False, 'latenight': False, 'lunch': False, 'dinner': False, 'brunch': False, 'breakfast': False}"", 'Alcohol': ""u'none'"", 'Caters': 'False', 'RestaurantsTakeOut': 'True', 'NoiseLevel': ""u'average'"", 'Ambience': ""{'touristy': False, 'hipster': False, 'romantic': False, 'divey': False, 'intimate': False, 'trendy': False, 'upscale': False, 'classy': False, 'casual': False}"", 'RestaurantsPriceRange2': '2', 'DogsAllowed': 'False', 'WiFi': ""u'free'"", 'OutdoorSeating': 'False', 'HappyHour': 'False', 'RestaurantsTableService': 'False', 'BusinessParking': ""{'garage': False, 'street': False, 'validated': False, 'lot': False, 'valet': False}"", 'RestaurantsDelivery': 'True', 'BusinessAcceptsCreditCards': 'True', 'HasTV': 'False', 'GoodForKids': 'True', 'WheelchairAccessible': 'True'}","Restaurants, Poke, Asian Fusion, Food, Bubble Tea","{'Monday': '11:0-21:0', 'Tuesday': '11:0-21:0', 'Wednesday': '11:0-21:0', 'Thursday': '11:0-21:0', 'Friday': '11:0-22:0', 'Saturday': '11:0-22:0', 'Sunday': '12:0-21:0'}"
d26yUgrDnctJ6lzWA5M8mQ,Bahn Mi Nhon Hoa,"19 Bellerose Drive Street, Suite 60",St. Albert,AB,T8N 5C9,53.6462293235,-113.6227093121,4.0,6,1,"{'RestaurantsTakeOut': 'True', 'WheelchairAccessible': 'False', 'OutdoorSeating': 'False', 'RestaurantsDelivery': 'False', 'Caters': 'True', 'HasTV': 'False', 'WiFi': ""u'no'"", 'Alcohol': ""u'none'"", 'RestaurantsTableService': 'True', 'BYOB': 'False', 'Corkage': 'False'}","Restaurants, Vietnamese, Noodles, Food, Bubble Tea, Sandwiches","{'Monday': '10:30-20:0', 'Tuesday': '10:30-20:0', 'Wednesday': '10:30-20:0', 'Thursday': '10:30-20:0', 'Friday': '10:30-20:0', 'Saturday': '10:30-20:0', 'Sunday': '10:30-20:0'}"
NwscaDjCWWtPNG0xfTjm3Q,Fresh Baked Asian Bakery & Cafe,4687 Park Blvd,Pinellas Park,FL,33781,27.8396453105,-82.6975349075,3.5,21,0,"{'WiFi': ""u'free'"", 'RestaurantsDelivery': 'False', 'Alcohol': ""u'none'"", 'GoodForKids': 'True', 'HasTV': 'False', 'NoiseLevel': ""u'quiet'"", 'RestaurantsAttire': ""u'casual'"", 'RestaurantsTakeOut': 'True', 'Caters': 'True', 'OutdoorSeating': 'False', 'RestaurantsGoodForGroups': 'True', 'RestaurantsReservations': 'False', 'BusinessAcceptsCreditCards': 'True', 'BusinessParking': ""{'garage': False, 'street': False, 'validated': False, 'lot': True, 'valet': False}"", 'Ambience': ""{'romantic': False, 'intimate': False, 'classy': False, 'hipster': False, 'divey': False, 'touristy': False, 'trendy': False, 'upscale': False, 'casual': True}"", 'RestaurantsPriceRange2': '1', 'GoodForMeal': ""{'dessert': False, 'latenight': False, 'lunch': False, 'dinner': False, 'brunch': True, 'breakfast': False}"", 'RestaurantsTableService': 'False', 'BikeParking': 'False'}","Food, Sandwiches, Restaurants, Coffee & Tea, Bakeries, Bubble Tea","{'Monday': '8:0-19:0', 'Tuesday': '8:0-19:0', 'Thursday': '8:0-19:0', 'Friday': '8:0-19:0', 'Saturday': '8:0-19:0', 'Sunday': '8:0-19:0'}"
7XSVBJVuozQZL53D3DlypQ,Wyliepalooza Ice Cream Emporium,5535 E Washington St,Indianapolis,IN,46219,39.7703697304,-86.0723885325,4.5,217,1,"{'WiFi': ""'free'"", 'RestaurantsPriceRange2': '1', 'BikeParking': 'True', 'BusinessAcceptsCreditCards': 'True', 'OutdoorSeating': 'False', 'RestaurantsReservations': 'False', 'RestaurantsGoodForGroups': 'True', 'RestaurantsTakeOut': 'True', 'HasTV': 'False', 'Caters': 'True', 'BusinessAcceptsBitcoin': 'False', 'GoodForKids': 'True', 'BusinessParking': ""{'garage': False, 'street': True, 'validated': False, 'lot': True, 'valet': False}"", 'Ambience': ""{'romantic': False, 'intimate': False, 'classy': False, 'hipster': False, 'divey': False, 'touristy': False, 'trendy': False, 'upscale': False, 'casual': False}"", 'RestaurantsAttire': ""u'casual'"", 'RestaurantsDelivery': 'True', 'DriveThru': 'False', 'NoiseLevel': ""u'average'""}","Food, Coffee & Tea, Bubble Tea, Gluten-Free, Ice Cream & Frozen Yogurt, Restaurants, Desserts","{'Monday': '0:0-0:0', 'Tuesday': '13:0-21:0', 'Wednesday': '13:0-21:0', 'Thursday': '13:0-21:0', 'Friday': '13:0-21:0', 'Saturday': '13:0-21:0', 'Sunday': '13:0-21:0'}"
uIlFxzyoJy7ud9j12aK7MA,DJ Kitchen,4040 City Ave,Philadelphia,PA,19131,40.0074349,-75.2124437,4.5,117,1,"{'BusinessAcceptsBitcoin': 'False', 'Caters': 'True', 'HappyHour': 'True', 'Alcohol': ""u'none'"", 'RestaurantsTakeOut': 'True', 'GoodForMeal': ""{'dessert': False, 'latenight': False, 'lunch': False, 'dinner': False, 'brunch': False, 'breakfast': False}"", 'WheelchairAccessible': 'True', 'DogsAllowed': 'False', 'RestaurantsReservations': 'True', 'Ambience': ""{'touristy': False, 'hipster': False, 'romantic': False, 'divey': False, 'intimate': False, 'trendy': False, 'upscale': False, 'classy': True, 'casual': False}"", 'BusinessAcceptsCreditCards': 'True', 'GoodForKids': 'False', 'NoiseLevel': ""u'average'"", 'WiFi': ""u'no'"", 'HasTV': 'True', 'BikeParking': 'True', 'BusinessParking': ""{'garage': True, 'street': False, 'validated': False, 'lot': False, 'valet': False}"", 'BYOB': 'True', 'RestaurantsTableService': 'True', 'RestaurantsPriceRange2': '2', 'RestaurantsDelivery': 'True', 'OutdoorSeating': 'True', 'RestaurantsGoodForGroups': 'True'}","Restaurants, Chinese, Noodles, Dim Sum, Bubble Tea, Food, Szechuan","{'Monday': '11:30-22:0', 'Tuesday': '11:30-22:0', 'Wednesday': '11:30-22:0', 'Thursday': '12:45-23:0', 'Friday': '11:30-22:0', 'Saturday': '11:30-22:0', 'Sunday': '12:0-22:0'}"
3yW8-dUi1wwCEf0URxUA7A,Kung Fu Tea,1006 Arch St,Philadelphia,PA,19107,39.95349,-75.156748,3.5,314,1,"{'OutdoorSeating': 'False', 'RestaurantsTakeOut': 'True', 'HasTV': 'True', 'RestaurantsReservations': 'False', 'RestaurantsTableService': 'False', 'RestaurantsGoodForGroups': 'True', 'ByAppointmentOnly': 'False', 'GoodForMeal': ""{'dessert': False, 'latenight': False, 'lunch': False, 'dinner': False, 'brunch': False, 'breakfast': False}"", 'BusinessAcceptsCreditCards': 'True', 'RestaurantsAttire': ""u'casual'"", 'Caters': 'False', 'Alcohol': ""u'none'"", 'WiFi': ""'free'"", 'BikeParking': 'True', 'GoodForKids': 'True', 'RestaurantsPriceRange2': '1', 'Ambience': ""{'romantic': False, 'intimate': False, 'classy': False, 'hipster': False, 'divey': False, 'touristy': False, 'trendy': False, 'upscale': False, 'casual': False}"", 'DogsAllowed': 'False', 'WheelchairAccessible': 'True', 'RestaurantsDelivery': 'True', 'BusinessParking': ""{'garage': False, 'street': True, 'validated': False, 'lot': False, 'valet': False}"", 'NoiseLevel': ""u'loud'""}","Restaurants, Taiwanese, Bubble Tea, Juice Bars & Smoothies, Food, Coffee & Tea","{'Monday': '10:30-0:0', 'Tuesday': '10:30-0:0', 'Wednesday': '10:30-0:0', 'Thursday': '10:30-0:0', 'Friday': '10:30-1:0', 'Saturday': '10:30-1:0', 'Sunday': '10:30-0:0'}"
DmAQI7yLLqQMNNztUbqtsQ,Cube Tea Studio,8041 Olive Blvd,St. Louis,MO,63130,38.6738461069,-90.3444888443,4.5,103,1,"{'RestaurantsPriceRange2': '2', 'GoodForKids': 'True', 'RestaurantsTakeOut': 'True', 'BusinessAcceptsCreditCards': 'True', 'BusinessParking': ""{u'valet': False, u'garage': False, u'street': None, u'lot': None, u'validated': False}"", 'Caters': 'False', 'DogsAllowed': 'False', 'NoiseLevel': ""u'average'""}","Bubble Tea, Food","{'Monday': '12:0-21:0', 'Tuesday': '12:0-21:0', 'Wednesday': '12:0-21:0', 'Thursday': '12:0-21:0', 'Friday': '12:0-21:0', 'Saturday': '12:0-21:0', 'Sunday': '12:0-21:0'}"
08ZKDwgc7_djSZkawBu-nA,Chatime,6020 E 82nd St,Indianapolis,IN,46250,39.9089971985,-86.0658348786,4.5,82,0,"{'Alcohol': ""'none'"", 'Caters': 'False', 'BusinessParking': ""{'garage': False, 'street': False, 'validated': False, 'lot': False, 'valet': False}"", 'WiFi': ""u'no'"", 'OutdoorSeating': 'False', 'BusinessAcceptsCreditCards': 'True', 'RestaurantsTakeOut': 'True', 'RestaurantsDelivery': 'False', 'RestaurantsPriceRange2': '1', 'BikeParking': 'True'}","Coffee & Tea, Bubble Tea, Food, Juice Bars & Smoothies","{'Monday': '10:0-21:0', 'Tuesday': '10:0-21:0', 'Wednesday': '10:0-21:0', 'Thursday': '10:0-21:0', 'Friday': '10:0-21:0', 'Saturday': '10:0-21:0', 'Sunday': '11:0-18:0'}"
XbobIU5XuX4K52HrTvHknw,Pho Bang,"2245 Manhattan Blvd, Ste 101",Harvey,LA,70058,29.8810366,-90.0512592,4.5,169,1,"{'BusinessAcceptsCreditCards': 'True', 'Ambience': ""{'romantic': False, 'intimate': False, 'classy': False, 'hipster': False, 'divey': False, 'touristy': False, 'trendy': False, 'upscale': False, 'casual': True}"", 'NoiseLevel': ""u'average'"", 'RestaurantsReservations': 'False', 'RestaurantsTakeOut': 'True', 'WiFi': ""'no'"", 'RestaurantsPriceRange2': '1', 'Caters': 'False', 'GoodForKids': 'True', 'RestaurantsAttire': ""u'casual'"", 'BikeParking': 'True', 'Alcohol': ""'none'"", 'OutdoorSeating': 'False', 'RestaurantsGoodForGroups': 'True', 'HasTV': 'True', 'GoodForMeal': ""{'dessert': False, 'latenight': False, 'lunch': True, 'dinner': True, 'brunch': True, 'breakfast': False}"", 'RestaurantsDelivery': 'True', 'BusinessParking': ""{'garage': False, 'street': False, 'validated': False, 'lot': True, 'valet': False}""}","Bubble Tea, Food, Restaurants, Noodles, Vietnamese","{'Monday': '8:0-21:0', 'Tuesday': '8:0-21:0', 'Wednesday': '8:0-21:0', 'Thursday': '8:0-21:0', 'Friday': '8:0-21:0', 'Saturday': '8:0-21:0', 'Sunday': '8:0-21:0'}"
tMtI6ECD6hwM-nFp2kXLKQ,Tea Do,132 N 10th St,Philadelphia,PA,19107,39.954605,-75.156209,4.0,835,1,"{'BikeParking': 'True', 'BusinessAcceptsCreditCards': 'True', 'GoodForKids': 'True', 'RestaurantsTakeOut': 'True', 'WiFi': ""u'free'"", 'RestaurantsGoodForGroups': 'True', 'Caters': 'False', 'BusinessParking': ""{'garage': False, 'street': True, 'validated': False, 'lot': False, 'valet': False}"", 'ByAppointmentOnly': 'False', 'RestaurantsDelivery': 'True', 'DogsAllowed': 'False', 'OutdoorSeating': 'False', 'RestaurantsReservations': 'False', 'NoiseLevel': ""u'loud'"", 'Alcohol': ""'none'"", 'RestaurantsPriceRange2': '2'}","Juice Bars & Smoothies, Bubble Tea, Food, Coffee & Tea","{'Monday': '11:0-22:0', 'Tuesday': '11:0-22:0', 'Wednesday': '11:0-22:0', 'Thursday': '11:0-22:0', 'Friday': '11:0-22:0', 'Saturday': '11:0-22:0', 'Sunday': '11:0-22:0'}"
MeQSPeGqXGa0HvweoRJzSw,Crab Fever,1907 W End Ave,Nashville,TN,37203,36.151795,-86.7978858,3.5,131,1,"{'BusinessParking': ""{'garage': True, 'street': True, 'validated': False, 'lot': True, 'valet': False}"", 'WheelchairAccessible': 'True', 'HasTV': 'True', 'RestaurantsGoodForGroups': 'True', 'GoodForKids': 'True', 'BusinessAcceptsCreditCards': 'True', 'OutdoorSeating': 'None', 'RestaurantsTableService': 'True', 'DogsAllowed': 'False', 'NoiseLevel': ""u'average'"", 'GoodForMeal': ""{'dessert': False, 'latenight': False, 'lunch': False, 'dinner': False, 'brunch': False, 'breakfast': False}"", 'WiFi': ""u'free'"", 'BYOB': 'False', 'BikeParking': 'True', 'HappyHour': 'True', 'Ambience': ""{u'divey': None, u'hipster': None, u'casual': None, u'touristy': None, u'trendy': None, u'intimate': None, u'romantic': False, u'classy': None, u'upscale': None}"", 'RestaurantsDelivery': 'True', 'RestaurantsTakeOut': 'True', 'RestaurantsPriceRange2': '2', 'Caters': 'True', 'Alcohol': ""u'full_bar'""}","Cajun/Creole, Restaurants, Seafood, Food, American (New), Bubble Tea","{'Monday': '11:0-21:0', 'Tuesday': '11:0-21:0', 'Wednesday': '11:0-21:0', 'Thursday': '11:0-21:0', 'Friday': '11:0-21:30', 'Saturday': '11:0-21:30', 'Sunday': '11:0-21:0'}"
xYDLrcoxmYYPTRBoOvkCFw,Tastea,112 N Main St,Edwardsville,IL,62025,38.8119161,-89.9557878,4.0,14,1,,"Food, Bubble Tea","{'Monday': '12:0-19:0', 'Wednesday': '12:0-19:0', 'Thursday': '12:0-20:0', 'Friday': '12:0-20:0', 'Saturday': '10:0-20:0', 'Sunday': '12:0-19:0'}"
w8tS6xq3k3lmySn-L3FrEw,St. Louis Bubble Tea,12865 Olive Blvd,Saint Louis,MO,63146,38.6813611,-90.4760971,3.5,107,1,"{'WiFi': ""u'free'"", 'RestaurantsTakeOut': 'True', 'BusinessParking': ""{'garage': False, 'street': False, 'validated': False, 'lot': True, 'valet': False}"", 'BusinessAcceptsCreditCards': 'True', 'BikeParking': 'False', 'OutdoorSeating': 'False', 'Ambience': ""{'touristy': False, 'hipster': False, 'romantic': False, 'divey': False, 'intimate': False, 'trendy': False, 'upscale': False, 'classy': False, 'casual': True}"", 'RestaurantsReservations': 'False', 'Caters': 'False', 'GoodForKids': 'True', 'RestaurantsGoodForGroups': 'True', 'RestaurantsDelivery': 'False', 'HasTV': 'True', 'RestaurantsAttire': ""'casual'"", 'GoodForMeal': ""{'dessert': False, 'latenight': False, 'lunch': False, 'dinner': False, 'brunch': False, 'breakfast': False}"", 'RestaurantsPriceRange2': '2'}","Coffee & Tea, Food, Restaurants, Bubble Tea, Cafes","{'Tuesday': '11:0-21:0', 'Wednesday': '11:0-21:0', 'Thursday': '11:0-21:0', 'Friday': '11:0-23:0', 'Saturday': '12:0-22:0', 'Sunday': '12:0-22:0'}"
nAZEMdurfbWLxl9dryfgeA,Wake Cup,"901 Embarcadero del Mar, Ste 101",Isla Vista,CA,93117,34.4129239,-119.8573375,3.5,116,0,"{'BusinessAcceptsCreditCards': 'True', 'RestaurantsGoodForGroups': 'True', 'RestaurantsReservations': 'False', 'Alcohol': ""'none'"", 'WheelchairAccessible': 'True', 'GoodForKids': 'True', 'WiFi': ""u'free'"", 'RestaurantsAttire': ""'casual'"", 'RestaurantsDelivery': 'None', 'BusinessParking': ""{'garage': False, 'street': True, 'validated': False, 'lot': False, 'valet': False}"", 'BikeParking': 'True', 'RestaurantsPriceRange2': '1', 'NoiseLevel': ""u'average'"", 'Ambience': ""{'touristy': False, 'hipster': False, 'romantic': False, 'divey': False, 'intimate': False, 'trendy': False, 'upscale': False, 'classy': False, 'casual': False}"", 'OutdoorSeating': 'True', 'BusinessAcceptsBitcoin': 'False', 'GoodForMeal': ""{'dessert': False, 'latenight': False, 'lunch': False, 'dinner': False, 'brunch': False, 'breakfast': False}"", 'Caters': 'True', 'HasTV': 'False', 'ByAppointmentOnly': 'False', 'DogsAllowed': 'True', 'RestaurantsTakeOut': 'True'}","Desserts, Tea Rooms, Food, Juice Bars & Smoothies, Taiwanese, Chicken Wings, Bubble Tea, Hong Kong Style Cafe, Specialty Food, Coffee & Tea, Restaurants","{'Monday': '0:0-0:0', 'Tuesday': '11:0-23:0', 'Wednesday': '11:0-23:0', 'Thursday': '11:0-23:0', 'Friday': '11:0-23:30', 'Saturday': '12:0-22:0', 'Sunday': '11:0-23:0'}"
zS7ygYwgDMh5HSDzG3oShA,Naga Tea,10950 N 56th St,Temple Terrace,FL,33617,28.0484523138,-82.3941698669,4.5,185,1,"{'WiFi': ""'free'"", 'RestaurantsPriceRange2': '1', 'BikeParking': 'True', 'BusinessAcceptsCreditCards': 'True', 'RestaurantsTakeOut': 'True', 'OutdoorSeating': 'False', 'Caters': 'True', 'WheelchairAccessible': 'False', 'RestaurantsDelivery': 'True', 'BusinessParking': ""{'garage': False, 'street': False, 'validated': False, 'lot': True, 'valet': False}"", 'DogsAllowed': 'False'}","Juice Bars & Smoothies, Bubble Tea, Coffee & Tea, Food, Tea Rooms","{'Monday': '0:0-0:0', 'Tuesday': '11:0-23:0', 'Wednesday': '11:0-23:0', 'Thursday': '11:0-18:0', 'Friday': '11:0-23:0', 'Saturday': '11:0-23:0', 'Sunday': '11:0-23:0'}"
bFEqY3r6D049AudUmBAoOw,Wyliepalooza Ice Cream Emporium,11009 Allisonville Rd,Fishers,IN,46038,39.9495123422,-86.0421534136,4.0,15,0,"{'BikeParking': 'True', 'BusinessParking': ""{'garage': False, 'street': False, 'validated': False, 'lot': True, 'valet': False}"", 'OutdoorSeating': 'True', 'WheelchairAccessible': 'True', 'RestaurantsPriceRange2': '1', 'BusinessAcceptsCreditCards': 'True', 'WiFi': ""'free'""}","Food, Juice Bars & Smoothies, Ice Cream & Frozen Yogurt, Bubble Tea, Coffee & Tea","{'Monday': '15:0-20:0', 'Tuesday': '15:0-20:0', 'Wednesday': '15:0-20:0', 'Thursday': '15:0-20:0', 'Friday': '15:0-21:0', 'Saturday': '12:0-21:0', 'Sunday': '12:0-20:0'}"
X1-a2hMTmSJyep2c1zZBXg,Wylie's,1022 E Main St,Brownsburg,IN,46112,39.8372217092,-86.3795383845,4.5,19,0,"{'BusinessParking': ""{'garage': False, 'street': False, 'validated': False, 'lot': False, 'valet': False}"", 'WheelchairAccessible': 'True', 'GoodForKids': 'True', 'WiFi': ""'no'"", 'BusinessAcceptsCreditCards': 'True', 'Caters': 'False', 'RestaurantsPriceRange2': '1', 'RestaurantsTakeOut': 'True', 'BikeParking': 'False'}","Custom Cakes, Bubble Tea, Food, Ice Cream & Frozen Yogurt","{'Monday': '0:30-21:0', 'Tuesday': '0:30-21:0', 'Wednesday': '0:30-21:0', 'Thursday': '0:30-21:0', 'Friday': '0:30-22:0', 'Saturday': '0:0-22:0', 'Sunday': '0:0-21:0'}"
rTu09DTWFpfKcsyKdTVScw,PANA Donuts Coffee & Boba Tea,3269 W 86th St,Indianapolis,IN,46268,39.9112752,-86.2164055,4.5,67,1,"{'WiFi': ""u'free'"", 'RestaurantsTakeOut': 'True', 'BusinessAcceptsCreditCards': 'True', 'HasTV': 'False', 'Alcohol': ""u'none'"", 'OutdoorSeating': 'False', 'BYOB': 'False', 'BikeParking': 'True', 'Caters': 'False', 'WheelchairAccessible': 'True', 'RestaurantsTableService': 'True', 'RestaurantsDelivery': 'True', 'BusinessParking': ""{u'valet': False, u'garage': False, u'street': False, u'lot': True, u'validated': False}"", 'RestaurantsPriceRange2': '2'}","Bubble Tea, Food, Coffee & Tea, Donuts","{'Monday': '5:0-18:0', 'Tuesday': '5:0-18:0', 'Wednesday': '5:0-18:0', 'Thursday': '5:0-18:0', 'Friday': '5:0-18:0', 'Saturday': '5:0-18:0', 'Sunday': '5:0-18:0'}"
S8TWiMbbBaCNUHbQXOCBNg,2-D Wok,"2303 S Virginia St, Ste 5",Reno,NV,89502,39.5019439072,-119.8023550964,4.5,171,0,"{'Caters': 'True', 'BusinessParking': ""{'garage': False, 'street': False, 'validated': False, 'lot': True, 'valet': False}"", 'BusinessAcceptsBitcoin': 'False', 'Ambience': ""{'romantic': False, 'intimate': False, 'classy': False, 'hipster': False, 'divey': False, 'touristy': False, 'trendy': False, 'upscale': False, 'casual': True}"", 'BikeParking': 'False', 'RestaurantsDelivery': 'False', 'WheelchairAccessible': 'True', 'WiFi': ""u'free'"", 'RestaurantsGoodForGroups': 'True', 'OutdoorSeating': 'False', 'Alcohol': ""u'beer_and_wine'"", 'BusinessAcceptsCreditCards': 'True', 'GoodForKids': 'True', 'RestaurantsPriceRange2': '2', 'RestaurantsTakeOut': 'True', 'DogsAllowed': 'False', 'HappyHour': 'False', 'RestaurantsReservations': 'True', 'RestaurantsAttire': ""'casual'"", 'GoodForMeal': ""{'dessert': False, 'latenight': False, 'lunch': True, 'dinner': True, 'brunch': False, 'breakfast': False}"", 'NoiseLevel': ""u'average'"", 'HasTV': 'True', 'RestaurantsTableService': 'True'}","Food, Taiwanese, Restaurants, Chinese, Soup, Bubble Tea","{'Monday': '0:0-0:0', 'Wednesday': '12:0-20:0', 'Thursday': '12:0-20:0', 'Friday': '12:0-20:0', 'Saturday': '12:0-20:0', 'Sunday': '12:0-15:0'}"
8gO0jq4LZU674XHM4R54_w,Kung Fu Tea - North Wales,"1222 Welsh Rd, Ste D",North Wales,PA,19454,40.2257156,-75.2544461,3.5,17,1,"{'BikeParking': 'True', 'WheelchairAccessible': 'True', 'RestaurantsTakeOut': 'True', 'RestaurantsDelivery': 'True', 'BusinessParking': ""{'garage': False, 'street': False, 'validated': False, 'lot': True, 'valet': False}"", 'Caters': 'False', 'BusinessAcceptsCreditCards': 'True'}","Food, Bubble Tea",
Itv_1CMCvUQHAebxmsEzTQ,Moge Tee - Tampa,2850 University Square Dr,Tampa,FL,33612,28.0570935526,-82.4279616602,4.0,41,1,"{'RestaurantsDelivery': 'True', 'RestaurantsPriceRange2': '2', 'BusinessParking': ""{u'valet': False, u'garage': False, u'street': False, u'lot': True, u'validated': False}"", 'RestaurantsTakeOut': 'True', 'WiFi': ""u'free'"", 'NoiseLevel': ""u'average'""}","Bubble Tea, Coffee & Tea, Food","{'Monday': '12:30-21:30', 'Tuesday': '12:30-21:30', 'Wednesday': '12:30-21:30', 'Thursday': '12:30-21:30', 'Friday': '12:30-22:0', 'Saturday': '12:30-22:0', 'Sunday': '12:30-21:30'}"
DO_op-iq4qoaOBEhJH6EdQ,Tsaocaa & BBQ Chicken,938 Race St,Philadelphia,PA,19107,39.9553444465,-75.1557137782,3.5,160,1,"{'OutdoorSeating': 'False', 'GoodForKids': 'True', 'RestaurantsAttire': ""'casual'"", 'WiFi': ""'free'"", 'Ambience': ""{'touristy': False, 'hipster': False, 'romantic': False, 'divey': False, 'intimate': False, 'trendy': False, 'upscale': False, 'classy': False, 'casual': False}"", 'BusinessAcceptsCreditCards': 'True', 'RestaurantsTakeOut': 'True', 'RestaurantsReservations': 'True', 'BusinessParking': ""{'garage': False, 'street': True, 'validated': False, 'lot': False, 'valet': False}"", 'RestaurantsPriceRange2': '2', 'HasTV': 'False', 'NoiseLevel': ""u'average'"", 'GoodForMeal': ""{'dessert': False, 'latenight': False, 'lunch': False, 'dinner': True, 'brunch': False, 'breakfast': False}"", 'RestaurantsGoodForGroups': 'True', 'RestaurantsDelivery': 'True', 'Alcohol': ""'none'"", 'DogsAllowed': 'False'}","Chicken Wings, Food, Bubble Tea, Korean, Restaurants","{'Monday': '11:0-22:0', 'Tuesday': '11:0-22:0', 'Wednesday': '11:0-22:0', 'Thursday': '11:0-22:0', 'Friday': '11:0-23:0', 'Saturday': '11:0-23:0', 'Sunday': '11:0-22:0'}"
WFDDTJDZsgX_OkbUSEXMUg,Tsaocaa,6386 E 82nd St,Indianapolis,IN,46250,39.9071295601,-86.0585072208,4.5,197,1,"{'DogsAllowed': 'False', 'GoodForKids': 'True', 'BikeParking': 'True', 'DriveThru': 'False', 'NoiseLevel': ""u'average'"", 'BusinessAcceptsCreditCards': 'True', 'ByAppointmentOnly': 'False', 'BusinessParking': ""{'garage': False, 'street': False, 'validated': False, 'lot': True, 'valet': False}"", 'Caters': 'False', 'WheelchairAccessible': 'True', 'HappyHour': 'False', 'RestaurantsTakeOut': 'True', 'WiFi': ""u'free'"", 'RestaurantsPriceRange2': '2', 'RestaurantsDelivery': 'True'}","Tea Rooms, Food, Ice Cream & Frozen Yogurt, Bubble Tea, Shaved Ice, Desserts","{'Monday': '11:0-21:0', 'Tuesday': '11:0-21:0', 'Wednesday': '11:0-21:0', 'Thursday': '11:0-21:0', 'Friday': '11:0-22:0', 'Saturday': '11:0-22:0', 'Sunday': '11:0-21:0'}"
Lkt2-GnwnnfexcYa_z9ezA,Mr Wish - Upper Darby,"7050 Terminal Square, Fl 2",Upper Darby,PA,19082,39.961276,-75.2628541222,2.5,19,1,"{'BusinessParking': ""{'garage': False, 'street': True, 'validated': False, 'lot': True, 'valet': False}"", 'WheelchairAccessible': 'True', 'Caters': 'False', 'BikeParking': 'True', 'BusinessAcceptsCreditCards': 'True', 'RestaurantsDelivery': 'True', 'WiFi': ""u'no'"", 'RestaurantsTakeOut': 'True'}","Bubble Tea, Juice Bars & Smoothies, Coffee & Tea, Food","{'Monday': '9:30-19:45', 'Tuesday': '9:30-19:45', 'Wednesday': '10:0-17:0', 'Thursday': '9:30-19:45', 'Friday': '9:30-19:45', 'Saturday': '9:30-19:45', 'Sunday': '9:30-19:45'}"
SJ3JA9EwBmQeQJXxC8T0vw,Tea Bowl Shop,643 South St,Philadelphia,PA,19147,39.942317,-75.153707,4.0,10,0,"{'WiFi': ""u'free'"", 'RestaurantsTakeOut': 'False', 'DogsAllowed': 'True', 'BusinessParking': ""{'garage': False, 'street': False, 'validated': False, 'lot': False, 'valet': False}"", 'BusinessAcceptsCreditCards': 'True', 'RestaurantsDelivery': 'True'}","Coffee & Tea, Food, Poke, Restaurants, Bubble Tea, Sushi Bars, Fast Food","{'Tuesday': '12:30-21:30', 'Wednesday': '12:30-21:30', 'Thursday': '12:30-21:30', 'Friday': '12:30-23:0', 'Saturday': '12:30-23:0', 'Sunday': '12:30-23:0'}"
6o8ddZAL2Gw_FdoFQf1ilg,Green Island Frozen Yogurt & Tea Bar,10047 E Adamo Dr,Tampa,FL,33619,27.9431613927,-82.3367756268,4.0,243,1,"{'WiFi': ""u'free'"", 'ByAppointmentOnly': 'False', 'BusinessAcceptsCreditCards': 'True', 'RestaurantsPriceRange2': '1', 'BusinessAcceptsBitcoin': 'False', 'DogsAllowed': 'False', 'WheelchairAccessible': 'True', 'NoiseLevel': ""u'average'"", 'Caters': 'True', 'GoodForKids': 'True', 'BusinessParking': 'None', 'BikeParking': 'False', 'RestaurantsDelivery': 'False', 'RestaurantsTakeOut': 'True', 'DriveThru': 'False', 'HappyHour': 'False', 'OutdoorSeating': 'True'}","Bubble Tea, Coffee & Tea, Juice Bars & Smoothies, Food, Ice Cream & Frozen Yogurt","{'Monday': '0:0-0:0', 'Tuesday': '11:0-21:0', 'Wednesday': '11:0-21:0', 'Thursday': '11:0-21:0', 'Friday': '11:0-21:0', 'Saturday': '11:0-21:0', 'Sunday': '12:0-21:0'}"
wZl-X5zhckYu2vn9lLE87w,Sushi To Go & More,"7755 E Golf Links, Ste 107",Tucson,AZ,85730,32.1925638,-110.827128,4.5,64,1,"{'Ambience': ""{'touristy': False, 'hipster': False, 'romantic': False, 'divey': False, 'intimate': False, 'trendy': False, 'upscale': False, 'classy': False, 'casual': False}"", 'GoodForMeal': ""{'dessert': False, 'latenight': False, 'lunch': False, 'dinner': False, 'brunch': False, 'breakfast': False}"", 'DriveThru': 'False', 'RestaurantsAttire': ""u'casual'"", 'BusinessAcceptsCreditCards': 'True', 'RestaurantsGoodForGroups': 'False', 'RestaurantsPriceRange2': '2', 'RestaurantsReservations': 'True', 'BusinessParking': ""{'garage': False, 'street': False, 'validated': False, 'lot': False, 'valet': False}"", 'NoiseLevel': ""u'quiet'"", 'GoodForKids': 'True', 'HasTV': 'False', 'RestaurantsDelivery': 'True', 'Caters': 'False', 'RestaurantsTableService': 'True', 'Alcohol': ""u'none'"", 'OutdoorSeating': 'None', 'RestaurantsTakeOut': 'True', 'DogsAllowed': 'False', 'BikeParking': 'True'}","Sushi Bars, Sandwiches, Fast Food, Restaurants, Food, Juice Bars & Smoothies, Bubble Tea","{'Monday': '11:0-20:30', 'Tuesday': '11:0-20:30', 'Wednesday': '11:0-20:30', 'Thursday': '11:0-20:30', 'Friday': '11:0-20:30', 'Saturday': '11:0-20:30', 'Sunday': '11:0-20:30'}"
AWscUqDFoXF03qIApherGw,Otaku Ramen ,"604 Gallatin Ave, Ste 203",Nashville,TN,37206,36.1830924,-86.7493737,3.5,22,1,"{'HasTV': 'False', 'BusinessParking': 'None', 'WheelchairAccessible': 'True', 'WiFi': ""u'no'"", 'Alcohol': ""u'none'"", 'BusinessAcceptsCreditCards': 'True', 'RestaurantsReservations': 'False', 'Caters': 'True', 'RestaurantsTakeOut': 'True', 'RestaurantsDelivery': 'True', 'RestaurantsTableService': 'False', 'Ambience': ""{'touristy': False, 'hipster': False, 'romantic': False, 'divey': False, 'intimate': False, 'trendy': False, 'upscale': False, 'classy': False, 'casual': False}"", 'OutdoorSeating': 'False'}","Japanese, Bubble Tea, Food, Izakaya, Ramen, Nightlife, Restaurants, Bars","{'Monday': '0:0-0:0', 'Thursday': '16:0-21:0', 'Friday': '16:0-21:0', 'Saturday': '16:0-21:0', 'Sunday': '16:0-21:0'}"
1MbwLxXrQk7H1FOidg8hoA,Yummy Pho,2012 N Broad St,Philadelphia,PA,19121,39.983751,-75.157055,4.5,72,1,"{'RestaurantsReservations': 'False', 'BusinessAcceptsCreditCards': 'True', 'OutdoorSeating': 'True', 'GoodForKids': 'True', 'Ambience': ""{'touristy': False, 'hipster': False, 'romantic': False, 'divey': False, 'intimate': False, 'trendy': False, 'upscale': False, 'classy': False, 'casual': False}"", 'BusinessParking': ""{'garage': False, 'street': True, 'validated': False, 'lot': False, 'valet': False}"", 'BusinessAcceptsBitcoin': 'False', 'DogsAllowed': 'False', 'RestaurantsTableService': 'False', 'Alcohol': ""u'none'"", 'NoiseLevel': ""'quiet'"", 'GoodForMeal': ""{'dessert': False, 'latenight': False, 'lunch': False, 'dinner': False, 'brunch': False, 'breakfast': False}"", 'Caters': 'True', 'RestaurantsPriceRange2': '1', 'WiFi': ""u'free'"", 'WheelchairAccessible': 'False', 'RestaurantsTakeOut': 'True', 'BikeParking': 'False', 'RestaurantsGoodForGroups': 'True', 'RestaurantsAttire': ""u'casual'"", 'RestaurantsDelivery': 'True', 'HasTV': 'False', 'HappyHour': 'False', 'ByAppointmentOnly': 'False'}","Soup, Thai, Asian Fusion, Coffee & Tea, Vietnamese, Bubble Tea, Restaurants, Food","{'Monday': '0:0-0:0', 'Tuesday': '11:0-21:0', 'Thursday': '11:0-21:0', 'Friday': '11:0-22:0', 'Saturday': '11:0-22:0'}"
eOuSlKYKSTDdDVPYQ6sSsA,PokeDoke,6316 Delmar Blvd,University City,MO,63130,38.655573,-90.302691,4.5,43,1,"{'RestaurantsTakeOut': 'True', 'RestaurantsPriceRange2': '2', 'BusinessAcceptsCreditCards': 'True', 'Caters': 'True', 'RestaurantsDelivery': 'True', 'BusinessParking': ""{'garage': False, 'street': True, 'validated': False, 'lot': True, 'valet': False}""}","Food, Poke, Bubble Tea, Korean, Restaurants","{'Monday': '11:0-20:0', 'Tuesday': '11:0-20:0', 'Wednesday': '11:0-20:0', 'Thursday': '11:0-20:0', 'Friday': '11:0-20:0', 'Saturday': '11:0-20:0', 'Sunday': '11:0-20:0'}"
eM-unjTl2rG-96N46qlveQ,The Korean Rose,"6118 E Speedway Blvd, Ste 102",Tucson,AZ,85712,32.235577,-110.861643,4.5,76,1,"{'WiFi': ""u'free'"", 'BusinessAcceptsCreditCards': 'True', 'BusinessParking': ""{'garage': False, 'street': False, 'validated': False, 'lot': True, 'valet': False}"", 'RestaurantsDelivery': 'False', 'OutdoorSeating': 'True', 'RestaurantsTakeOut': 'None'}","Bubble Tea, Food, Juice Bars & Smoothies, Coffee & Tea","{'Monday': '10:0-22:0', 'Tuesday': '10:0-22:0', 'Wednesday': '10:0-22:0', 'Thursday': '10:0-22:0', 'Friday': '7:0-21:0', 'Saturday': '7:0-21:0', 'Sunday': '7:0-21:0'}"
u3LMhfKLLWCIy9aImc3aUw,Tea Lounge,"14100 US Highway 19N, Unit 106",Clearwater,FL,33764,27.8996944,-82.7283498,4.5,65,1,"{'RestaurantsPriceRange2': '1', 'BusinessParking': ""{'garage': False, 'street': True, 'validated': False, 'lot': None, 'valet': False}"", 'RestaurantsTakeOut': 'True', 'Caters': 'True', 'WheelchairAccessible': 'True', 'BusinessAcceptsCreditCards': 'True', 'WiFi': ""u'free'""}","Food, Bubble Tea, Juice Bars & Smoothies, Coffee & Tea","{'Monday': '11:0-21:0', 'Tuesday': '11:0-21:0', 'Wednesday': '11:0-21:0', 'Thursday': '11:0-21:0', 'Friday': '11:0-21:0', 'Saturday': '11:0-21:0', 'Sunday': '11:0-21:0'}"
qEQVDlj9GoNRAHzZ2PF4Vw,HoiTea ToiTea,8702 Keystone Crossing,Indianapolis,IN,46240,39.9146201,-86.11124,3.5,35,1,"{'RestaurantsDelivery': 'True', 'BusinessAcceptsCreditCards': 'True', 'HappyHour': 'False', 'BikeParking': 'True', 'RestaurantsTakeOut': 'True', 'RestaurantsReservations': 'False', 'HasTV': 'False', 'DogsAllowed': 'False', 'WiFi': ""u'free'"", 'BusinessAcceptsBitcoin': 'False', 'BusinessParking': ""{'garage': True, 'street': False, 'validated': False, 'lot': False, 'valet': True}"", 'WheelchairAccessible': 'False', 'OutdoorSeating': 'False', 'RestaurantsTableService': 'False', 'Alcohol': ""u'beer_and_wine'"", 'Ambience': ""{'touristy': False, 'hipster': False, 'romantic': False, 'divey': False, 'intimate': False, 'trendy': False, 'upscale': False, 'classy': False, 'casual': False}"", 'GoodForMeal': ""{'dessert': False, 'latenight': False, 'lunch': False, 'dinner': False, 'brunch': False, 'breakfast': False}"", 'NoiseLevel': ""u'average'"", 'Caters': 'True'}","Cafes, Breakfast & Brunch, Bubble Tea, Restaurants, Food, Coffee & Tea","{'Monday': '0:0-0:0', 'Tuesday': '12:0-19:0', 'Wednesday': '12:0-19:0', 'Thursday': '12:0-19:0', 'Friday': '12:0-20:0', 'Saturday': '12:0-20:0', 'Sunday': '12:0-18:0'}"
irxAXLT_tqwJ3an7wWbnUw,Snowman Rolling Ice Cream,"4941 E Busch Blvd, Ste 180",Tampa,FL,33617,28.0320449,-82.4029366,5.0,29,0,"{'GoodForKids': 'True', 'BikeParking': 'True', 'WiFi': ""u'free'"", 'RestaurantsPriceRange2': '1', 'RestaurantsDelivery': 'False', 'OutdoorSeating': 'False', 'WheelchairAccessible': 'True', 'HasTV': 'True', 'BusinessParking': ""{'garage': False, 'street': False, 'validated': False, 'lot': False, 'valet': False}"", 'Ambience': ""{'touristy': False, 'hipster': False, 'romantic': False, 'divey': False, 'intimate': False, 'trendy': False, 'upscale': False, 'classy': False, 'casual': False}"", 'RestaurantsTakeOut': 'True', 'RestaurantsAttire': ""'casual'"", 'BusinessAcceptsCreditCards': 'True', 'Caters': 'False', 'RestaurantsGoodForGroups': 'True', 'RestaurantsReservations': 'False'}","Restaurants, Bubble Tea, Shaved Ice, Shaved Snow, Food, Waffles, Ice Cream & Frozen Yogurt",
noRT1heGkIflS0_S2ciF2Q,Ming Ming Tea Cafe,7218 Central Ave,St. Petersburg,FL,33707,27.770582,-82.738566,4.5,207,1,"{'RestaurantsAttire': ""'casual'"", 'RestaurantsPriceRange2': '1', 'HasTV': 'True', 'BikeParking': 'True', 'RestaurantsReservations': 'False', 'Alcohol': ""u'beer_and_wine'"", 'OutdoorSeating': 'False', 'WiFi': ""u'free'"", 'BusinessAcceptsBitcoin': 'False', 'NoiseLevel': ""u'quiet'"", 'BusinessParking': ""{'garage': False, 'street': True, 'validated': False, 'lot': True, 'valet': False}"", 'RestaurantsDelivery': 'False', 'RestaurantsGoodForGroups': 'True', 'GoodForMeal': ""{'dessert': False, 'latenight': False, 'lunch': True, 'dinner': True, 'brunch': False, 'breakfast': False}"", 'BusinessAcceptsCreditCards': 'True', 'GoodForKids': 'True', 'RestaurantsTakeOut': 'True', 'DogsAllowed': 'False', 'Ambience': ""{'touristy': False, 'hipster': False, 'romantic': False, 'divey': False, 'intimate': False, 'trendy': False, 'upscale': False, 'classy': True, 'casual': True}"", 'HappyHour': 'False', 'Caters': 'False'}","Bubble Tea, Sushi Bars, Specialty Food, Health Markets, Coffee & Tea, Food, Desserts, Cafes, Restaurants","{'Monday': '0:0-0:0', 'Tuesday': '11:0-20:0', 'Wednesday': '11:0-20:0', 'Thursday': '11:0-20:0', 'Friday': '11:0-20:0', 'Saturday': '11:0-20:0'}"
OLSFUxfRCjLNPi49yOOrsQ,Rayaki - Cherry Hill,404 Marlton Pike E,Cherry Hill,NJ,08034,39.9129637,-75.002159,4.0,316,1,"{'BusinessAcceptsCreditCards': 'True', 'WiFi': ""'no'"", 'RestaurantsGoodForGroups': 'True', 'ByAppointmentOnly': 'False', 'BikeParking': 'True', 'Alcohol': ""u'none'"", 'NoiseLevel': ""u'average'"", 'HasTV': 'True', 'BusinessParking': ""{'garage': False, 'street': False, 'validated': False, 'lot': True, 'valet': False}"", 'Ambience': ""{'touristy': False, 'hipster': True, 'romantic': False, 'divey': False, 'intimate': False, 'trendy': True, 'upscale': False, 'classy': True, 'casual': True}"", 'GoodForMeal': ""{'dessert': False, 'latenight': False, 'lunch': True, 'dinner': True, 'brunch': False, 'breakfast': False}"", 'RestaurantsTakeOut': 'True', 'HappyHour': 'False', 'RestaurantsAttire': ""u'casual'"", 'RestaurantsReservations': 'False', 'RestaurantsPriceRange2': '2', 'GoodForKids': 'True', 'RestaurantsTableService': 'True', 'DogsAllowed': 'False', 'Caters': 'False', 'OutdoorSeating': 'True', 'RestaurantsDelivery': 'None'}","Izakaya, Ramen, Restaurants, Japanese, Food, Bubble Tea","{'Monday': '11:30-21:0', 'Tuesday': '11:30-21:0', 'Wednesday': '11:30-21:0', 'Thursday': '11:30-21:0', 'Friday': '11:30-21:0', 'Saturday': '11:30-21:0', 'Sunday': '12:0-21:0'}"
COUrys3dxus7M56NH06zZg,WIN Bubble Tea - Nolensville,3929 Nolensville Pike,Nashville,TN,37211,36.0853042,-86.7305633,4.0,53,1,"{'Caters': 'True', 'RestaurantsTakeOut': 'True', 'HappyHour': 'False', 'WheelchairAccessible': 'True', 'DogsAllowed': 'False', 'RestaurantsDelivery': 'True', 'BusinessAcceptsCreditCards': 'True', 'BusinessParking': ""{'garage': False, 'street': False, 'validated': False, 'lot': True, 'valet': False}"", 'BikeParking': 'False', 'ByAppointmentOnly': 'False', 'RestaurantsPriceRange2': '2'}","Taiwanese, Bubble Tea, Food, Desserts, Juice Bars & Smoothies, Restaurants, Shaved Ice","{'Monday': '0:0-0:0', 'Tuesday': '11:0-20:0', 'Wednesday': '11:0-20:0', 'Thursday': '11:0-20:0', 'Sunday': '11:0-20:0'}"
rZ6i69fbbLdgiIgmU5sFUg,Pho Cafe Hong Kong Diner,"180 W Peckham Ln, Ste 1170",Reno,NV,89509,39.487483,-119.797976,3.0,239,1,"{'Alcohol': ""u'beer_and_wine'"", 'NoiseLevel': ""u'average'"", 'RestaurantsAttire': ""u'casual'"", 'RestaurantsReservations': 'False', 'RestaurantsPriceRange2': '1', 'RestaurantsGoodForGroups': 'True', 'Caters': 'False', 'BikeParking': 'True', 'Ambience': ""{'romantic': False, 'intimate': False, 'touristy': False, 'hipster': False, 'divey': False, 'classy': False, 'trendy': False, 'upscale': False, 'casual': True}"", 'GoodForKids': 'True', 'BusinessAcceptsCreditCards': 'True', 'RestaurantsTableService': 'True', 'WiFi': ""u'no'"", 'DriveThru': 'False', 'GoodForMeal': ""{'dessert': False, 'latenight': True, 'lunch': True, 'dinner': True, 'brunch': False, 'breakfast': False}"", 'HasTV': 'True', 'DogsAllowed': 'False', 'RestaurantsTakeOut': 'True', 'HappyHour': 'True', 'RestaurantsDelivery': 'True', 'BusinessParking': ""{'garage': False, 'street': True, 'validated': False, 'lot': True, 'valet': False}"", 'OutdoorSeating': 'None'}","Fast Food, Vietnamese, Restaurants, Asian Fusion, Chinese, Bubble Tea, Food","{'Monday': '10:0-3:30', 'Tuesday': '10:0-3:30', 'Wednesday': '10:0-3:30', 'Thursday': '10:0-3:30', 'Friday': '10:0-3:30', 'Saturday': '10:0-3:30', 'Sunday': '10:0-3:30'}"
KFRBenM46UV0RMfuhqutxQ,Tea Do,"404 Marlton Pike E, Ste 7",Cherry Hill,NJ,08034,39.9129637,-75.0021685,4.5,19,0,"{'RestaurantsTakeOut': 'True', 'BusinessAcceptsCreditCards': 'True', 'RestaurantsDelivery': 'None'}","Food, Bubble Tea","{'Tuesday': '11:30-21:0', 'Wednesday': '11:30-21:0', 'Thursday': '11:30-21:0', 'Friday': '11:30-22:0', 'Saturday': '11:30-22:0', 'Sunday': '11:30-21:0'}"
T-xYMAkdNlMPCGqWAH3mwg,Kalbi Taco Shack,3730 Foundry Way,St Louis,MO,63108,38.6332505175,-90.2402297,4.5,190,1,"{'Caters': 'True', 'BikeParking': 'True', 'HasTV': 'False', 'BusinessAcceptsBitcoin': 'False', 'RestaurantsTableService': 'False', 'BusinessAcceptsCreditCards': 'True', 'WiFi': ""'no'"", 'RestaurantsAttire': ""'casual'"", 'RestaurantsPriceRange2': '2', 'RestaurantsReservations': 'False', 'NoiseLevel': ""u'average'"", 'DriveThru': 'False', 'GoodForMeal': ""{'dessert': False, 'latenight': False, 'lunch': True, 'dinner': None, 'brunch': None, 'breakfast': False}"", 'WheelchairAccessible': 'True', 'Alcohol': ""u'full_bar'"", 'OutdoorSeating': 'True', 'HappyHour': 'True', 'Ambience': ""{'touristy': False, 'hipster': True, 'romantic': False, 'divey': None, 'intimate': False, 'trendy': True, 'upscale': False, 'classy': False, 'casual': True}"", 'RestaurantsDelivery': 'False', 'BusinessParking': ""{u'valet': False, u'garage': True, u'street': False, u'lot': True, u'validated': False}"", 'RestaurantsTakeOut': 'True', 'RestaurantsGoodForGroups': 'True', 'BYOB': 'True', 'GoodForKids': 'True', 'DogsAllowed': 'False'}","Sandwiches, Barbeque, Bubble Tea, Asian Fusion, Restaurants, Food, Tacos, Mexican, Korean, Vegetarian","{'Monday': '0:0-0:0', 'Wednesday': '11:0-20:0', 'Thursday': '11:0-20:0', 'Friday': '11:0-14:0', 'Saturday': '11:0-21:0', 'Sunday': '11:0-19:0'}"
pdh91rffpM9QptHSXjJFVQ,Viet Kitchen,3698 W Waters Ave,Tampa,FL,33614,28.0247456,-82.5034875,4.5,109,1,"{'HasTV': 'True', 'BusinessAcceptsCreditCards': 'True', 'RestaurantsDelivery': 'None', 'RestaurantsTableService': 'True', 'WheelchairAccessible': 'True', 'BusinessAcceptsBitcoin': 'False', 'Corkage': 'False', 'BikeParking': 'True', 'WiFi': ""u'free'"", 'Alcohol': ""u'none'"", 'BusinessParking': ""{'garage': False, 'street': False, 'validated': False, 'lot': True, 'valet': False}"", 'RestaurantsTakeOut': 'None', 'RestaurantsReservations': 'True', 'Caters': 'True', 'OutdoorSeating': 'None', 'DogsAllowed': 'False', 'Ambience': ""{'touristy': False, 'hipster': False, 'romantic': False, 'divey': False, 'intimate': False, 'trendy': False, 'upscale': False, 'classy': True, 'casual': False}""}","Food, Vegetarian, Bubble Tea, Vietnamese, Restaurants","{'Monday': '17:0-20:0', 'Tuesday': '17:0-20:0', 'Wednesday': '17:0-20:0', 'Friday': '17:0-20:0', 'Saturday': '17:0-20:0', 'Sunday': '17:0-20:0'}"
vgE6H37Bz6ahQw90szHRjw,Bao Down,,Nashville,TN,37206,36.1666667,-86.7833333,4.0,36,0,"{'GoodForKids': 'True', 'OutdoorSeating': 'True', 'BikeParking': 'True', 'RestaurantsTakeOut': 'True', 'Ambience': ""{'touristy': False, 'hipster': True, 'romantic': False, 'divey': False, 'intimate': False, 'trendy': True, 'upscale': False, 'classy': False, 'casual': False}"", 'RestaurantsTableService': 'False', 'Alcohol': ""u'none'"", 'BusinessParking': ""{'garage': False, 'street': False, 'validated': False, 'lot': False, 'valet': False}"", 'WiFi': ""'no'"", 'GoodForMeal': ""{'dessert': False, 'latenight': False, 'lunch': True, 'dinner': False, 'brunch': True, 'breakfast': False}"", 'RestaurantsReservations': 'False', 'Caters': 'True', 'RestaurantsGoodForGroups': 'True', 'BusinessAcceptsCreditCards': 'True', 'RestaurantsPriceRange2': '1', 'NoiseLevel': ""'average'"", 'RestaurantsAttire': ""'casual'"", 'HasTV': 'False', 'RestaurantsDelivery': 'False'}","Ethnic Food, Dim Sum, Specialty Food, Food Trucks, Chinese, Bubble Tea, Food, Street Vendors, Restaurants",
_OmjicQbWgNNKJUTYMixjg,Cube Tea Studio,604 Washington Ave,Saint Louis,MO,63101,38.6299658,-90.1897078,5.0,10,1,{'RestaurantsTakeOut': 'True'},"Coffee & Tea, Bubble Tea, Juice Bars & Smoothies, Food","{'Tuesday': '11:30-20:30', 'Wednesday': '11:30-20:30', 'Thursday': '11:30-20:30', 'Friday': '11:30-20:30', 'Saturday': '11:30-20:30', 'Sunday': '11:30-20:30'}"
exuQOZA1tvlZbCiheUs1Eg,Chai Mixology,1106 Central Ave,St Petersburg,FL,33705,27.7709352,-82.6501325,4.5,58,1,"{'BikeParking': 'False', 'BusinessAcceptsBitcoin': 'False', 'WheelchairAccessible': 'True', 'Caters': 'True', 'RestaurantsTakeOut': 'True', 'NoiseLevel': ""u'average'"", 'RestaurantsDelivery': 'True', 'DogsAllowed': 'False', 'BusinessParking': ""{'garage': False, 'street': True, 'validated': False, 'lot': False, 'valet': False}"", 'BusinessAcceptsCreditCards': 'True'}","Poke, Bubble Tea, Food, Vegan, Restaurants, Juice Bars & Smoothies, Coffee & Tea","{'Monday': '0:0-0:0', 'Tuesday': '11:0-19:0', 'Wednesday': '11:0-20:0', 'Thursday': '11:0-20:0', 'Friday': '11:0-20:0', 'Saturday': '11:0-20:0', 'Sunday': '11:0-19:0'}"
1mLyYz0skNlRGP6wXBEmHQ,Sweet Dreams Bakery And Bubble Tea,"443 Cool Springs Blvd, Ste 115",Franklin,TN,37067,35.9465,-86.82504,4.5,82,1,"{'BikeParking': 'False', 'RestaurantsTakeOut': 'True', 'OutdoorSeating': 'False', 'WheelchairAccessible': 'False', 'BusinessAcceptsBitcoin': 'False', 'GoodForMeal': ""{'dessert': False, 'latenight': False, 'lunch': False, 'dinner': False, 'brunch': False, 'breakfast': False}"", 'Ambience': ""{'touristy': False, 'hipster': False, 'romantic': False, 'divey': False, 'intimate': False, 'trendy': False, 'upscale': False, 'classy': True, 'casual': False}"", 'HasTV': 'True', 'Caters': 'False', 'Alcohol': ""u'none'"", 'RestaurantsPriceRange2': '1', 'DogsAllowed': 'False', 'RestaurantsDelivery': 'False', 'BusinessParking': ""{'garage': False, 'street': True, 'validated': None, 'lot': True, 'valet': False}"", 'BusinessAcceptsCreditCards': 'True', 'RestaurantsTableService': 'False', 'HappyHour': 'False', 'WiFi': ""u'no'""}","Food, Bubble Tea, Restaurants, Bakeries, Southern, Desserts, Specialty Food, Coffee & Tea, Chinese","{'Monday': '0:0-0:0', 'Tuesday': '12:0-19:0', 'Wednesday': '12:0-19:0', 'Thursday': '12:0-19:0', 'Friday': '12:0-19:0', 'Saturday': '12:0-19:0'}"
-VHqHLVWOLb1BsP9H-h7Ig,The Alley,6183 Currents Drive NW,Edmonton,AB,T6W 0L9,53.4363868434,-113.6041944516,4.0,20,1,"{'DogsAllowed': 'False', 'NoiseLevel': ""u'average'"", 'RestaurantsPriceRange2': '2', 'BusinessParking': ""{'garage': False, 'street': True, 'validated': False, 'lot': False, 'valet': False}""}","Food, Bubble Tea",
qzel6hE-Rvqh1XU19hjRdg,PhoEdin,355 Scotland St,Dunedin,FL,34698,28.010475,-82.7885502,4.0,81,1,"{'Ambience': ""{'romantic': False, 'intimate': False, 'classy': False, 'hipster': False, 'divey': False, 'touristy': False, 'trendy': False, 'upscale': False, 'casual': False}"", 'WheelchairAccessible': 'True', 'NoiseLevel': ""u'quiet'"", 'HasTV': 'False', 'RestaurantsPriceRange2': '2', 'Caters': 'True', 'BusinessParking': ""{'garage': False, 'street': False, 'validated': False, 'lot': True, 'valet': False}"", 'Alcohol': ""u'beer_and_wine'"", 'WiFi': ""u'free'"", 'BikeParking': 'True', 'RestaurantsTableService': 'False', 'RestaurantsReservations': 'False', 'OutdoorSeating': 'True', 'RestaurantsGoodForGroups': 'True', 'DogsAllowed': 'True', 'GoodForMeal': ""{'dessert': False, 'latenight': False, 'lunch': False, 'dinner': False, 'brunch': False, 'breakfast': False}"", 'BusinessAcceptsCreditCards': 'True', 'GoodForKids': 'True', 'RestaurantsAttire': ""u'casual'"", 'RestaurantsTakeOut': 'True', 'RestaurantsDelivery': 'True'}","Street Vendors, Vietnamese, Restaurants, Sandwiches, Food, Bubble Tea","{'Monday': '0:0-0:0', 'Tuesday': '11:30-20:0', 'Wednesday': '11:30-20:0', 'Thursday': '11:30-20:0', 'Friday': '11:30-18:0', 'Saturday': '11:30-20:0', 'Sunday': '12:0-17:0'}"
CBrD7r4PTCAKc7sP_WsXmw,Harmony Poke & Bubble Tea,6368 E 82nd St,Indianapolis,IN,46250,39.906878999999996,-86.058997,4.5,178,1,"{'RestaurantsGoodForGroups': 'True', 'DogsAllowed': 'False', 'BusinessParking': ""{'garage': False, 'street': False, 'validated': False, 'lot': True, 'valet': False}"", 'GoodForKids': 'True', 'RestaurantsReservations': 'False', 'WiFi': ""u'no'"", 'Alcohol': ""u'beer_and_wine'"", 'BusinessAcceptsCreditCards': 'True', 'Ambience': ""{'touristy': None, 'hipster': None, 'romantic': None, 'divey': None, 'intimate': True, 'trendy': True, 'upscale': None, 'classy': None, 'casual': True}"", 'HasTV': 'True', 'OutdoorSeating': 'True', 'RestaurantsTakeOut': 'None', 'GoodForMeal': ""{'dessert': None, 'latenight': None, 'lunch': None, 'dinner': True, 'brunch': None, 'breakfast': None}"", 'RestaurantsPriceRange2': '2', 'Caters': 'False', 'RestaurantsDelivery': 'None', 'NoiseLevel': ""u'quiet'"", 'RestaurantsTableService': 'True'}","Noodles, Asian Fusion, Poke, Food, Chicken Wings, Japanese, Ramen, Restaurants, Bubble Tea","{'Monday': '11:0-21:0', 'Tuesday': '11:0-21:0', 'Wednesday': '11:0-21:0', 'Thursday': '11:0-21:0', 'Friday': '11:0-22:0', 'Saturday': '11:0-22:0', 'Sunday': '11:0-21:0'}"
NCMTfUJYTasYZ64UuGC-rg,Pizza Online Company,5756 Calle Real,Goleta,CA,93117,34.4416778091,-119.8252902333,4.5,105,1,"{'HasTV': 'True', 'Ambience': ""{'touristy': False, 'hipster': False, 'romantic': False, 'divey': False, 'intimate': False, 'trendy': False, 'upscale': False, 'classy': False, 'casual': False}"", 'GoodForMeal': ""{'dessert': False, 'latenight': False, 'lunch': False, 'dinner': False, 'brunch': False, 'breakfast': False}"", 'BusinessParking': ""{u'valet': False, u'garage': None, u'street': True, u'lot': None, u'validated': False}"", 'RestaurantsTakeOut': 'True', 'RestaurantsDelivery': 'True'}","Pizza, Food, Restaurants, Bubble Tea, Sandwiches, Food Delivery Services","{'Monday': '11:0-19:30', 'Tuesday': '11:0-19:30', 'Wednesday': '11:0-19:30', 'Thursday': '11:0-19:30', 'Friday': '11:0-20:30', 'Saturday': '11:0-20:30', 'Sunday': '11:0-19:30'}"
-gikv6T4uE5GvpZ7iQx-Pw,Pho 21,8134 E 21st St,Indianapolis,IN,46219,39.796606,-86.024079,4.5,112,1,"{'Alcohol': ""u'beer_and_wine'"", 'WiFi': ""u'free'"", 'BusinessAcceptsBitcoin': 'False', 'DogsAllowed': 'False', 'BusinessAcceptsCreditCards': 'True', 'GoodForDancing': 'True', 'WheelchairAccessible': 'True', 'RestaurantsGoodForGroups': 'True', 'RestaurantsDelivery': 'False', 'GoodForMeal': ""{'dessert': False, 'latenight': False, 'lunch': False, 'dinner': False, 'brunch': False, 'breakfast': False}"", 'BikeParking': 'False', 'Ambience': ""{'touristy': False, 'hipster': False, 'romantic': False, 'divey': False, 'intimate': False, 'trendy': False, 'upscale': False, 'classy': False, 'casual': True}"", 'Caters': 'True', 'BusinessParking': ""{'garage': False, 'street': False, 'validated': False, 'lot': True, 'valet': False}"", 'RestaurantsReservations': 'True', 'RestaurantsTableService': 'True', 'RestaurantsTakeOut': 'True', 'HasTV': 'True', 'RestaurantsPriceRange2': '2', 'GoodForKids': 'True', 'BYOB': 'False', 'OutdoorSeating': 'False', 'HappyHour': 'False', 'RestaurantsAttire': ""'casual'"", 'NoiseLevel': ""u'average'""}","Vietnamese, Restaurants, Bubble Tea, Food, Noodles, Soup","{'Tuesday': '11:0-21:30', 'Wednesday': '11:0-21:30', 'Thursday': '11:0-21:30', 'Friday': '11:0-21:30', 'Saturday': '11:0-21:30', 'Sunday': '11:0-21:30'}"
Kul4eM5SoI36a0jWk5Zu0A,Bubbletea Station,5000 Meadowood Mall,Reno,NV,89502,39.4738371504,-119.7827432062,3.0,70,1,"{'WiFi': ""u'no'"", 'BusinessAcceptsCreditCards': 'True', 'OutdoorSeating': 'False', 'BusinessParking': ""{'garage': False, 'street': False, 'validated': False, 'lot': True, 'valet': False}"", 'RestaurantsPriceRange2': '1', 'BikeParking': 'True', 'Caters': 'False', 'RestaurantsTakeOut': 'True'}","Coffee & Tea, Food, Shaved Ice, Bubble Tea, Juice Bars & Smoothies","{'Monday': '10:0-21:0', 'Tuesday': '10:0-21:0', 'Wednesday': '10:0-21:0', 'Thursday': '10:0-21:0', 'Friday': '10:0-21:0', 'Saturday': '10:0-21:0', 'Sunday': '11:0-18:0'}"
Sw8rvE6SwsbeniT3aGUJZQ,Big Catch Poke,1840 E Passyunk Ave,Philadelphia,PA,19148,39.9267197,-75.1673635,4.5,51,1,"{'RestaurantsDelivery': 'True', 'Caters': 'False', 'Alcohol': ""u'none'"", 'RestaurantsTakeOut': 'True', 'WiFi': ""u'free'"", 'BYOB': 'False', 'BusinessAcceptsCreditCards': 'True', 'HasTV': 'False', 'RestaurantsTableService': 'False', 'OutdoorSeating': 'True', 'BusinessParking': ""{'garage': False, 'street': True, 'validated': False, 'lot': False, 'valet': False}"", 'WheelchairAccessible': 'False', 'Corkage': 'False'}","Seafood, Restaurants, Poke, Japanese, Food, Juice Bars & Smoothies, Bubble Tea","{'Monday': '0:0-0:0', 'Tuesday': '11:30-20:30', 'Wednesday': '11:30-20:30', 'Thursday': '11:30-20:30', 'Friday': '11:30-15:0', 'Saturday': '12:30-20:30'}"
g60rSTq2Aynx5wMRvUcxVg,Nara Ramen & Izakaya - Boise,"7610 W State St., Ste 130",Boise,ID,83714,43.6713304346,-116.2829174,4.0,14,1,"{'BusinessParking': ""{u'valet': False, u'garage': False, u'street': False, u'lot': True, u'validated': False}"", 'NoiseLevel': ""u'average'"", 'RestaurantsPriceRange2': '2'}","Food, Bubble Tea, Ramen, Izakaya, Restaurants, Japanese","{'Monday': '16:30-20:30', 'Tuesday': '16:30-20:30', 'Wednesday': '16:30-20:30', 'Thursday': '16:30-20:30', 'Friday': '11:0-21:0', 'Saturday': '11:0-21:0', 'Sunday': '11:0-20:0'}"
prqaQ0-xv2MXbuKcJrJ8qA,Grace Bistro,65 E Rte 70,Marlton,NJ,08053,39.8924542,-74.917863,4.5,12,1,"{'RestaurantsDelivery': 'True', 'RestaurantsTakeOut': 'True'}","Restaurants, Chinese, Food, Bubble Tea","{'Monday': '11:30-20:30', 'Tuesday': '11:30-20:30', 'Wednesday': '11:30-20:30', 'Thursday': '11:30-20:30', 'Friday': '11:30-21:30', 'Saturday': '11:30-21:30', 'Sunday': '12:0-20:30'}"
nP1HqTxrDQD-psxUCLrpkQ,Chill Spot,"330 Franklin Rd, Ste 908D",Brentwood,TN,37027,36.0264932742,-86.7897128581,4.0,159,1,"{'RestaurantsReservations': 'False', 'RestaurantsGoodForGroups': 'True', 'RestaurantsPriceRange2': '1', 'WiFi': ""u'free'"", 'GoodForKids': 'True', 'BusinessAcceptsCreditCards': 'True', 'BusinessParking': ""{'garage': False, 'street': False, 'validated': False, 'lot': True, 'valet': False}"", 'BusinessAcceptsBitcoin': 'False', 'HasTV': 'False', 'OutdoorSeating': 'True', 'RestaurantsDelivery': 'True', 'Alcohol': ""u'none'"", 'NoiseLevel': ""u'average'"", 'RestaurantsAttire': ""u'casual'"", 'Ambience': ""{'romantic': False, 'intimate': False, 'classy': False, 'hipster': False, 'divey': False, 'touristy': False, 'trendy': False, 'upscale': False, 'casual': True}"", 'RestaurantsTakeOut': 'True', 'Caters': 'True', 'HappyHour': 'False', 'BikeParking': 'True', 'WheelchairAccessible': 'True', 'RestaurantsTableService': 'False', 'DogsAllowed': 'True', 'GoodForMeal': ""{'dessert': True, 'latenight': False, 'lunch': True, 'dinner': False, 'brunch': False, 'breakfast': False}""}","Delis, Wraps, American (New), Persian/Iranian, Restaurants, Food, Bubble Tea","{'Monday': '11:0-16:0', 'Tuesday': '11:0-20:0', 'Wednesday': '11:0-20:0', 'Thursday': '11:0-20:0', 'Friday': '11:0-20:0', 'Saturday': '11:0-17:0'}"
S51xnoezpcCY8jd96_hXfQ,Yummi Tummi,3001 S Big Bend Blvd,Saint Louis,MO,63143,38.609538,-90.32403,4.5,161,1,"{'WiFi': ""'no'"", 'RestaurantsGoodForGroups': 'True', 'HasTV': 'True', 'RestaurantsPriceRange2': '1', 'RestaurantsReservations': 'False', 'BusinessAcceptsCreditCards': 'True', 'GoodForKids': 'True', 'RestaurantsTableService': 'False', 'BikeParking': 'True', 'Ambience': ""{'touristy': False, 'hipster': None, 'romantic': False, 'divey': None, 'intimate': False, 'trendy': None, 'upscale': False, 'classy': False, 'casual': True}"", 'RestaurantsAttire': ""'casual'"", 'NoiseLevel': ""'quiet'"", 'GoodForMeal': ""{'dessert': False, 'latenight': None, 'lunch': True, 'dinner': True, 'brunch': None, 'breakfast': None}"", 'BusinessParking': ""{'garage': False, 'street': False, 'validated': False, 'lot': True, 'valet': False}"", 'Alcohol': ""'none'"", 'OutdoorSeating': 'None', 'RestaurantsDelivery': 'True', 'RestaurantsTakeOut': 'True'}","Soup, Sushi Bars, Ramen, Bubble Tea, Japanese, Restaurants, Sandwiches, Food","{'Monday': '0:0-0:0', 'Tuesday': '11:0-21:30', 'Wednesday': '11:0-21:30', 'Thursday': '11:0-21:30', 'Friday': '11:0-21:30', 'Saturday': '11:0-21:30', 'Sunday': '12:0-21:30'}"
v_QRZ8oeX-10wLo0jVddQg,Harmony Poke & Bubble Tea,"14490 Clay Terrce Blvd, ste 120",Carmel,IN,46032,39.9984092,-86.1305127,4.0,8,1,"{'RestaurantsTakeOut': 'True', 'RestaurantsDelivery': 'True'}","Poke, Juice Bars & Smoothies, Bubble Tea, Food","{'Monday': '11:0-21:0', 'Tuesday': '11:0-21:0', 'Wednesday': '11:0-21:0', 'Thursday': '11:0-21:0', 'Friday': '11:0-22:0', 'Saturday': '11:0-22:0', 'Sunday': '11:0-21:0'}"
cELLyBogNeU_QbN5tJsBRA,JusFruit,5818 111 Street NW,Edmonton,AB,T6H 3G1,53.4949609561,-113.5177578405,2.5,24,0,"{'DogsAllowed': 'False', 'OutdoorSeating': 'False', 'WheelchairAccessible': 'True', 'Caters': 'True', 'BusinessParking': ""{'garage': False, 'street': True, 'validated': True, 'lot': True, 'valet': False}"", 'BikeParking': 'True', 'WiFi': ""'free'"", 'RestaurantsTakeOut': 'True', 'RestaurantsPriceRange2': '2'}","Bubble Tea, Juice Bars & Smoothies, Specialty Food, Food, Coffee & Tea, Desserts","{'Monday': '17:0-23:0', 'Tuesday': '15:0-22:0', 'Wednesday': '15:0-22:0', 'Thursday': '15:0-22:0', 'Friday': '12:0-0:0', 'Saturday': '12:0-0:0', 'Sunday': '12:0-23:0'}"
VSngZ2sqqi7IfwpTt5JAow,Qu Japan,"160 N Gulph Rd, Ste C260a",King of Prussia,PA,19406,40.089134,-75.385875,3.0,41,1,"{'DogsAllowed': 'False', 'GoodForMeal': ""{'dessert': False, 'latenight': False, 'lunch': False, 'dinner': False, 'brunch': False, 'breakfast': False}"", 'HasTV': 'True', 'Ambience': ""{'touristy': False, 'hipster': False, 'romantic': False, 'divey': False, 'intimate': False, 'trendy': False, 'upscale': False, 'classy': False, 'casual': False}"", 'RestaurantsPriceRange2': '2', 'RestaurantsTableService': 'False', 'BusinessParking': ""{'garage': False, 'street': False, 'validated': False, 'lot': True, 'valet': False}"", 'RestaurantsTakeOut': 'True', 'RestaurantsDelivery': 'True'}","Desserts, Bubble Tea, Restaurants, Ramen, Japanese, Food",
QsfWQsDZTz3R6_9hdunwAg,Kho Bo Ngoc Quyen,"925 Behrman Hwy, Ste H",Terrytown,LA,70056,29.8899418875,-90.0193779543,4.5,32,1,"{'HasTV': 'True', 'Ambience': ""{'touristy': False, 'hipster': False, 'romantic': False, 'divey': False, 'intimate': False, 'trendy': False, 'upscale': False, 'classy': False, 'casual': False}"", 'RestaurantsReservations': 'False', 'RestaurantsPriceRange2': '2', 'GoodForKids': 'True', 'RestaurantsTakeOut': 'True', 'BusinessAcceptsCreditCards': 'True', 'RestaurantsGoodForGroups': 'True', 'RestaurantsDelivery': 'False', 'BikeParking': 'True', 'GoodForMeal': ""{'dessert': False, 'latenight': False, 'lunch': False, 'dinner': False, 'brunch': False, 'breakfast': False}"", 'BusinessParking': ""{'garage': False, 'street': False, 'validated': False, 'lot': False, 'valet': False}"", 'Corkage': 'False', 'RestaurantsAttire': ""'casual'"", 'OutdoorSeating': 'False', 'WiFi': ""u'free'"", 'Alcohol': ""u'none'"", 'WheelchairAccessible': 'True'}","Restaurants, Food, Bubble Tea, Grocery, Vietnamese, Specialty Food, Imported Food, Candy Stores","{'Monday': '9:30-18:30', 'Tuesday': '9:30-18:30', 'Wednesday': '9:30-18:30', 'Thursday': '9:30-18:30', 'Friday': '9:30-18:30', 'Saturday': '9:30-18:30', 'Sunday': '9:30-18:0'}"
qtl9NDQBfKsOCvrcS0gXmA,Main Street Poké,"8594 E 116th St, Ste 30",Fishers,IN,46038,39.9571476,-86.0180566,4.5,98,0,"{'BikeParking': 'True', 'GoodForKids': 'True', 'WiFi': ""u'free'"", 'HasTV': 'True', 'RestaurantsReservations': 'False', 'RestaurantsPriceRange2': '2', 'WheelchairAccessible': 'True', 'Ambience': ""{'touristy': False, 'hipster': False, 'romantic': False, 'divey': False, 'intimate': False, 'trendy': False, 'upscale': False, 'classy': False, 'casual': True}"", 'BusinessAcceptsCreditCards': 'True', 'DogsAllowed': 'False', 'Caters': 'True', 'BusinessParking': ""{'garage': True, 'street': True, 'validated': False, 'lot': False, 'valet': False}"", 'RestaurantsGoodForGroups': 'True', 'BusinessAcceptsBitcoin': 'False', 'GoodForMeal': ""{'dessert': False, 'latenight': False, 'lunch': True, 'dinner': False, 'brunch': False, 'breakfast': False}"", 'HappyHour': 'False', 'Alcohol': ""u'beer_and_wine'"", 'RestaurantsTableService': 'False', 'OutdoorSeating': 'True', 'RestaurantsAttire': ""'casual'"", 'NoiseLevel': ""'average'"", 'RestaurantsDelivery': 'True', 'RestaurantsTakeOut': 'True'}","Restaurants, Seafood, Poke, Hawaiian, Food, Bubble Tea","{'Monday': '0:0-0:0', 'Tuesday': '11:0-20:0', 'Wednesday': '11:0-20:0', 'Thursday': '11:0-20:0', 'Friday': '11:0-20:0', 'Saturday': '11:0-20:0', 'Sunday': '11:0-20:0'}"
P1NitWrnKZU_piv77OPiZw,Lorita’s,10278 Causeway Blvd,Tampa,FL,33619,27.9237512,-82.340296,4.5,121,1,"{'RestaurantsPriceRange2': '1', 'BusinessParking': ""{u'valet': False, u'garage': False, u'street': False, u'lot': True, u'validated': False}"", 'NoiseLevel': ""u'average'"", 'WiFi': ""u'free'"", 'DogsAllowed': 'False', 'OutdoorSeating': 'True'}","Seafood, Mexican, Bubble Tea, Food, Restaurants","{'Monday': '10:0-21:0', 'Tuesday': '10:0-21:0', 'Wednesday': '10:0-21:0', 'Thursday': '10:0-21:0', 'Friday': '10:0-22:0', 'Saturday': '10:0-22:0', 'Sunday': '10:0-21:0'}"
cOihnyvkuI4M6wLEzHcTzg,Mr Bubbles Sandwich House,"925 Behrman Hwy, Ste 12",Gretna,LA,70056,29.8908078168,-90.0180053338,4.0,93,1,"{'Alcohol': ""u'none'"", 'RestaurantsAttire': ""u'casual'"", 'RestaurantsTakeOut': 'True', 'RestaurantsReservations': 'False', 'BusinessAcceptsCreditCards': 'True', 'WiFi': ""'no'"", 'Ambience': ""{'romantic': False, 'intimate': False, 'classy': False, 'hipster': False, 'divey': False, 'touristy': False, 'trendy': False, 'upscale': False, 'casual': True}"", 'HasTV': 'True', 'GoodForKids': 'True', 'RestaurantsGoodForGroups': 'True', 'NoiseLevel': ""u'average'"", 'RestaurantsPriceRange2': '1', 'Caters': 'True', 'BusinessParking': ""{'garage': False, 'street': False, 'validated': False, 'lot': True, 'valet': False}"", 'ByAppointmentOnly': 'False', 'OutdoorSeating': 'False', 'GoodForMeal': ""{'dessert': False, 'latenight': False, 'lunch': True, 'dinner': False, 'brunch': False, 'breakfast': False}"", 'RestaurantsDelivery': 'False', 'BikeParking': 'True', 'DogsAllowed': 'False'}","Vietnamese, Food, Bubble Tea, Restaurants, Sandwiches","{'Monday': '8:30-18:0', 'Tuesday': '8:30-18:0', 'Wednesday': '8:30-18:0', 'Thursday': '8:30-18:0', 'Friday': '8:30-17:30', 'Saturday': '8:30-18:0', 'Sunday': '9:0-17:0'}"
AZ9rMTQYWTUPGyHs7BmUPQ,Chatime,10405 Jasper Avenue,Edmonton,AB,T5J 3S2,53.540864862,-113.499712944,3.5,17,0,"{'BikeParking': 'True', 'RestaurantsTakeOut': 'True', 'Caters': 'False', 'BusinessParking': ""{'garage': False, 'street': False, 'validated': False, 'lot': False, 'valet': False}"", 'RestaurantsPriceRange2': '1'}","Food, Bubble Tea","{'Monday': '12:0-22:0', 'Tuesday': '12:0-22:0', 'Wednesday': '12:0-22:0', 'Thursday': '12:0-22:0', 'Friday': '12:0-23:0', 'Saturday': '12:0-23:0', 'Sunday': '12:0-22:0'}"
SgAuIDl0-X8o2ig-n8ghTQ,Saigon Vietnamese Restaurant,"4500 N Oracle Rd, Ste 287",Tucson,AZ,85705,32.287993,-110.97428,3.5,72,0,"{'Alcohol': ""u'none'"", 'BusinessAcceptsBitcoin': 'False', 'DogsAllowed': 'False', 'Ambience': ""{'touristy': False, 'hipster': False, 'romantic': False, 'divey': False, 'intimate': False, 'trendy': True, 'upscale': False, 'classy': False, 'casual': True}"", 'RestaurantsGoodForGroups': 'True', 'GoodForKids': 'True', 'OutdoorSeating': 'True', 'RestaurantsTakeOut': 'True', 'WiFi': ""u'free'"", 'RestaurantsReservations': 'True', 'GoodForMeal': ""{'dessert': False, 'latenight': False, 'lunch': True, 'dinner': True, 'brunch': False, 'breakfast': False}"", 'RestaurantsDelivery': 'True', 'Caters': 'True', 'BusinessParking': ""{'garage': False, 'street': False, 'validated': False, 'lot': True, 'valet': False}"", 'WheelchairAccessible': 'True', 'NoiseLevel': ""'quiet'"", 'RestaurantsPriceRange2': '1', 'RestaurantsTableService': 'True', 'RestaurantsAttire': ""'casual'"", 'HasTV': 'True', 'BikeParking': 'True', 'BusinessAcceptsCreditCards': 'True'}","Vietnamese, Food, Restaurants, Sushi Bars, Soup, Noodles, Juice Bars & Smoothies, Bubble Tea","{'Monday': '10:0-22:0', 'Tuesday': '10:0-22:0', 'Wednesday': '10:0-22:0', 'Thursday': '10:0-22:0', 'Friday': '10:0-22:0', 'Saturday': '10:0-22:0', 'Sunday': '10:0-22:0'}"
EBNnt8PzxWxjbTk4qXCeMg,LiftOff Creamery,"111 E 16th St, Ste 105",Indianapolis,IN,46202,39.7881986,-86.1555822,4.5,64,1,"{'BusinessParking': ""{'garage': False, 'street': True, 'validated': False, 'lot': True, 'valet': False}"", 'DogsAllowed': 'True', 'RestaurantsTakeOut': 'True', 'NoiseLevel': ""u'quiet'"", 'BusinessAcceptsBitcoin': 'False', 'Caters': 'True', 'BikeParking': 'True', 'RestaurantsDelivery': 'True', 'WiFi': ""u'free'"", 'WheelchairAccessible': 'True', 'BusinessAcceptsCreditCards': 'True'}","Ice Cream & Frozen Yogurt, Shaved Ice, Food, Desserts, Bubble Tea","{'Monday': '0:0-0:0', 'Tuesday': '12:30-21:0', 'Wednesday': '12:30-21:0', 'Thursday': '12:30-21:0', 'Friday': '12:30-22:0', 'Saturday': '12:30-22:0', 'Sunday': '12:30-21:0'}"
GOiJ4IggzshvIdW7Az8VNg,Reno tea bar,"1330 Scheels Dr, Ste 174",Sparks,NV,89431,39.532352,-119.720392,3.5,28,1,"{'BusinessParking': ""{'garage': False, 'street': False, 'validated': False, 'lot': True, 'valet': False}"", 'RestaurantsTakeOut': 'True', 'RestaurantsDelivery': 'True'}","Food, Specialty Food, Coffee & Tea, Bubble Tea, Juice Bars & Smoothies",
h1UTMTj52te79ii7_nqF0Q,Wyliepalooza Ice Cream Emporium,1022 E Main St,Brownsburg,IN,46112,39.8368610122,-86.3811009005,4.5,43,0,"{'RestaurantsPriceRange2': '1', 'BusinessParking': ""{'garage': False, 'street': False, 'validated': False, 'lot': True, 'valet': False}"", 'BikeParking': 'True', 'OutdoorSeating': 'True', 'BusinessAcceptsCreditCards': 'True', 'Caters': 'False', 'WiFi': ""u'free'"", 'RestaurantsTakeOut': 'True'}","Coffee & Tea, Bubble Tea, Food, Ice Cream & Frozen Yogurt",
GXePS8Zy94z_M9JWdbXWKQ,Mr Penguin New Tampa,18089 Highwoods Preserve Pkwy,Tampa,FL,33647,28.13153,-82.3677509,4.5,30,0,"{'BusinessAcceptsCreditCards': 'True', 'Caters': 'True', 'BusinessParking': ""{'garage': False, 'street': None, 'validated': None, 'lot': None, 'valet': False}""}","Desserts, Bubble Tea, Ice Cream & Frozen Yogurt, Shaved Ice, Food","{'Monday': '12:0-20:0', 'Tuesday': '12:0-20:0', 'Wednesday': '12:0-20:0', 'Thursday': '12:0-20:0', 'Friday': '12:0-20:0', 'Saturday': '12:0-20:0', 'Sunday': '12:0-20:0'}"
MFjH1KLyQVZuv6Q81xgcXg,Chatime South Common,1915 - 98 Street NW,Edmonton,AB,T6N 1L5,53.4484572,-113.4832836,2.5,17,1,"{'RestaurantsPriceRange2': '1', 'GoodForKids': 'True', 'BusinessParking': ""{'garage': False, 'street': False, 'validated': False, 'lot': False, 'valet': False}""}","Bubble Tea, Food","{'Monday': '12:0-22:30', 'Tuesday': '12:0-22:30', 'Wednesday': '12:0-22:30', 'Thursday': '12:0-22:30', 'Friday': '12:0-23:30', 'Saturday': '11:0-23:30', 'Sunday': '11:0-22:30'}"
eA9p9OXvrdQI1J1jxVsRlQ,Pho Michael,3559 18th St,Metairie,LA,70002,30.0088012891,-90.1617417474,4.5,293,1,"{'GoodForMeal': ""{'dessert': False, 'latenight': False, 'lunch': True, 'dinner': True, 'brunch': False, 'breakfast': False}"", 'RestaurantsReservations': 'True', 'GoodForKids': 'True', 'BusinessParking': ""{'garage': False, 'street': False, 'validated': False, 'lot': True, 'valet': False}"", 'HasTV': 'True', 'RestaurantsAttire': ""'casual'"", 'WiFi': ""u'free'"", 'NoiseLevel': ""u'quiet'"", 'BikeParking': 'False', 'RestaurantsTableService': 'True', 'RestaurantsPriceRange2': '2', 'BusinessAcceptsCreditCards': 'True', 'WheelchairAccessible': 'True', 'Ambience': ""{'touristy': False, 'hipster': False, 'romantic': False, 'divey': False, 'intimate': False, 'trendy': True, 'upscale': False, 'classy': True, 'casual': True}"", 'Alcohol': ""u'full_bar'"", 'RestaurantsGoodForGroups': 'True', 'Corkage': 'True', 'Caters': 'True', 'ByAppointmentOnly': 'False', 'DogsAllowed': 'False', 'OutdoorSeating': 'False', 'RestaurantsTakeOut': 'True', 'RestaurantsDelivery': 'True', 'BYOB': 'False'}","Food, Juice Bars & Smoothies, Salad, Beer Bar, Nightlife, Soup, Bubble Tea, Vietnamese, Bars, Restaurants","{'Monday': '11:0-20:45', 'Tuesday': '11:0-20:45', 'Wednesday': '11:0-20:45', 'Thursday': '11:0-20:45', 'Friday': '11:0-20:45', 'Sunday': '11:0-20:45'}"
-9r8nAzWyRSLxBWt8uQOdA,Hana Kitchen,6558 Pardall Rd,Isla Vista,CA,93117,34.4132518226,-119.8564651292,3.0,328,1,"{'NoiseLevel': ""u'average'"", 'RestaurantsGoodForGroups': 'True', 'RestaurantsReservations': 'False', 'Ambience': ""{'romantic': False, 'intimate': False, 'classy': False, 'hipster': False, 'divey': False, 'touristy': False, 'trendy': False, 'upscale': False, 'casual': True}"", 'BikeParking': 'True', 'Alcohol': ""u'none'"", 'Caters': 'True', 'RestaurantsAttire': ""u'casual'"", 'RestaurantsPriceRange2': '1', 'BusinessAcceptsCreditCards': 'True', 'HasTV': 'True', 'RestaurantsTakeOut': 'True', 'BusinessParking': ""{'garage': False, 'street': True, 'validated': False, 'lot': True, 'valet': False}"", 'GoodForMeal': ""{'dessert': False, 'latenight': False, 'lunch': True, 'dinner': True, 'brunch': False, 'breakfast': False}"", 'WiFi': ""u'free'"", 'RestaurantsDelivery': 'True', 'OutdoorSeating': 'None', 'GoodForKids': 'True'}","Vegan, Asian Fusion, Bubble Tea, Restaurants, Japanese, Mexican, Tacos, Vegetarian, Food","{'Monday': '11:0-1:0', 'Tuesday': '11:0-1:0', 'Wednesday': '11:0-1:0', 'Thursday': '11:0-1:0', 'Friday': '11:0-3:0', 'Saturday': '11:0-3:0', 'Sunday': '11:0-1:0'}"
Y93S8ZVnOhXQTkWZQEU5yg,Ice Cave,4520 Baltimore Ave,Philadelphia,PA,19143,39.9491082,-75.2135989,5.0,139,1,"{'BusinessAcceptsCreditCards': 'True', 'DogsAllowed': 'True', 'RestaurantsTakeOut': 'True', 'BusinessParking': ""{'garage': False, 'street': True, 'validated': False, 'lot': False, 'valet': False}"", 'RestaurantsDelivery': 'True', 'RestaurantsPriceRange2': '1', 'Caters': 'False', 'BusinessAcceptsBitcoin': 'False', 'DriveThru': 'False', 'WheelchairAccessible': 'False', 'BikeParking': 'True'}","Food, Shaved Ice, Desserts, Bubble Tea","{'Tuesday': '14:0-19:0', 'Wednesday': '14:0-19:0', 'Thursday': '14:0-19:0', 'Friday': '14:0-20:0', 'Saturday': '13:0-20:0', 'Sunday': '13:0-18:0'}"
H8-Gl63zF-zDzqLj2G29Iw,Kung Fu Tea,"8395 E 116th St, Ste 121",Fishers,IN,46038,39.9561858,-86.0192125,4.0,9,1,"{'RestaurantsTakeOut': 'True', 'RestaurantsDelivery': 'True'}","Ice Cream & Frozen Yogurt, Coffee & Tea, Food, Bubble Tea","{'Monday': '11:0-21:0', 'Tuesday': '11:0-21:0', 'Wednesday': '11:0-21:0', 'Thursday': '11:0-21:0', 'Friday': '11:0-21:0', 'Saturday': '11:0-21:0', 'Sunday': '11:0-21:0'}"
-OX0MJDPRHV0RCRvwYnvBQ,NI HAO TEA,4726 E Broadway Blvd,Tucson,AZ,85711,32.2208918,-110.8904768,4.5,179,1,"{'BusinessAcceptsCreditCards': 'True', 'WheelchairAccessible': 'True', 'NoiseLevel': ""u'average'"", 'RestaurantsDelivery': 'False', 'WiFi': ""u'free'"", 'RestaurantsPriceRange2': '2', 'BusinessParking': ""{u'valet': False, u'garage': False, u'street': False, u'lot': False, u'validated': False}"", 'RestaurantsTakeOut': 'True', 'DogsAllowed': 'False', 'HasTV': 'True'}","Tea Rooms, Restaurants, Vegan, Bubble Tea, Food, Coffee & Tea, Juice Bars & Smoothies","{'Monday': '0:0-0:0', 'Tuesday': '12:0-21:0', 'Wednesday': '12:0-21:0', 'Thursday': '12:0-21:0', 'Friday': '11:0-21:0', 'Saturday': '11:0-21:0', 'Sunday': '11:0-21:0'}"
6Zs_1sQFBUSA_K0c7x_Mpg,Num Num Boba,7689 S Virginia St,Reno,NV,89511,39.4564348672,-119.7817824036,4.5,15,1,"{'BusinessParking': ""{u'valet': False, u'garage': False, u'street': True, u'lot': False, u'validated': False}"", 'WiFi': ""u'free'"", 'BusinessAcceptsCreditCards': 'True', 'RestaurantsTakeOut': 'True', 'RestaurantsDelivery': 'True'}","Food, Bubble Tea, Juice Bars & Smoothies","{'Monday': '11:30-20:0', 'Tuesday': '11:30-20:0', 'Wednesday': '11:30-20:0', 'Thursday': '11:30-20:0', 'Friday': '11:30-16:0', 'Saturday': '11:30-20:0', 'Sunday': '11:30-20:0'}"
KdAWjL9MKjpJzEeI902qBA,Corner 17,6623 Delmar Blvd,Saint Louis,MO,63112,38.6562455521,-90.306529087,4.0,614,1,"{'BusinessAcceptsCreditCards': 'True', 'RestaurantsGoodForGroups': 'True', 'RestaurantsAttire': ""u'casual'"", 'Alcohol': ""u'none'"", 'RestaurantsTakeOut': 'True', 'GoodForKids': 'True', 'WiFi': ""'no'"", 'NoiseLevel': ""u'average'"", 'RestaurantsPriceRange2': '2', 'BusinessParking': ""{'garage': False, 'street': True, 'validated': False, 'lot': True, 'valet': False}"", 'RestaurantsReservations': 'False', 'BikeParking': 'True', 'Caters': 'True', 'HasTV': 'False', 'HappyHour': 'False', 'Ambience': ""{'touristy': False, 'hipster': False, 'romantic': False, 'divey': False, 'intimate': False, 'trendy': False, 'upscale': False, 'classy': True, 'casual': True}"", 'GoodForMeal': ""{'dessert': False, 'latenight': False, 'lunch': True, 'dinner': True, 'brunch': False, 'breakfast': False}"", 'ByAppointmentOnly': 'False', 'RestaurantsDelivery': 'True', 'WheelchairAccessible': 'True', 'BYOB': 'False', 'OutdoorSeating': 'None', 'RestaurantsTableService': 'True', 'DogsAllowed': 'False'}","Restaurants, Bubble Tea, Barbeque, Chinese, Food","{'Monday': '0:0-0:0', 'Wednesday': '11:0-21:0', 'Thursday': '11:0-21:0', 'Friday': '11:0-22:0', 'Saturday': '11:0-22:0', 'Sunday': '11:0-21:0'}"
4zY9AoCbvNy5nZhr7J05Lw,J's Cafe,"81 Lancaster Ave, Ste 49",Malvern,PA,19355,40.043816,-75.530225,5.0,9,0,"{'GoodForKids': 'True', 'BikeParking': 'True', 'RestaurantsGoodForGroups': 'True', 'BusinessAcceptsCreditCards': 'True', 'RestaurantsAttire': ""'casual'"", 'WheelchairAccessible': 'True', 'Alcohol': ""u'none'"", 'Ambience': ""{'romantic': False, 'intimate': False, 'classy': False, 'hipster': False, 'divey': False, 'touristy': False, 'trendy': False, 'upscale': False, 'casual': False}"", 'RestaurantsReservations': 'True', 'NoiseLevel': ""u'quiet'"", 'RestaurantsTakeOut': 'True', 'BusinessParking': ""{'garage': False, 'street': False, 'validated': False, 'lot': False, 'valet': False}"", 'Caters': 'True', 'WiFi': ""u'no'"", 'RestaurantsDelivery': 'False', 'OutdoorSeating': 'False', 'RestaurantsPriceRange2': '1', 'HasTV': 'True', 'RestaurantsTableService': 'True', 'GoodForMeal': ""{'dessert': False, 'latenight': False, 'lunch': False, 'dinner': False, 'brunch': False, 'breakfast': False}""}","Sandwiches, Desserts, Bubble Tea, Bakeries, Food, Cafes, Restaurants, Juice Bars & Smoothies","{'Tuesday': '10:0-19:0', 'Wednesday': '10:0-19:0', 'Thursday': '10:0-19:0', 'Friday': '10:0-19:0', 'Saturday': '10:0-19:0', 'Sunday': '10:0-17:0'}"
4JkBNoIPKJIxyPsuUgO7xg,Bubble Cafe,3901 Airline Dr,Metairie,LA,70001,29.9753195,-90.1695754,3.5,6,0,"{'OutdoorSeating': 'False', 'RestaurantsTakeOut': 'True', 'BusinessParking': ""{'garage': False, 'street': False, 'validated': False, 'lot': False, 'valet': False}"", 'Ambience': ""{'romantic': False, 'intimate': False, 'touristy': False, 'hipster': False, 'divey': False, 'classy': False, 'trendy': False, 'upscale': False, 'casual': False}"", 'BusinessAcceptsCreditCards': 'True', 'RestaurantsPriceRange2': '1'}","Cafes, Restaurants, Food, Bubble Tea","{'Monday': '11:0-18:0', 'Tuesday': '11:0-18:0', 'Wednesday': '11:0-18:0', 'Thursday': '11:0-18:0', 'Friday': '11:0-18:0', 'Saturday': '11:0-18:0'}"
pFQSo_TvT8-RDTHc_-PhlQ,Sharetea,3325 Severn Ave,Metairie,LA,70002,30.0096135,-90.1581485,4.5,97,1,"{'GoodForKids': 'True', 'DogsAllowed': 'False', 'NoiseLevel': ""u'average'"", 'RestaurantsTakeOut': 'True', 'WheelchairAccessible': 'True', 'WiFi': ""u'free'"", 'RestaurantsPriceRange2': '1', 'BusinessAcceptsCreditCards': 'True', 'BusinessParking': ""{'garage': None, 'street': None, 'validated': False, 'lot': True, 'valet': False}"", 'Caters': 'False', 'OutdoorSeating': 'False'}","Juice Bars & Smoothies, Coffee & Tea, Bubble Tea, Food","{'Monday': '11:0-21:0', 'Tuesday': '11:0-21:0', 'Wednesday': '11:0-21:0', 'Thursday': '11:0-21:0', 'Friday': '11:0-21:0', 'Saturday': '11:0-21:0', 'Sunday': '11:0-21:0'}"
DgF4_72z6UkiGxtPnSJCfg,Rabbit Hole Cafe,800 N 2nd St,Philadelphia,PA,19123,39.9631059,-75.1411268,4.5,40,0,"{'WiFi': ""u'free'"", 'Alcohol': ""u'none'"", 'BusinessAcceptsCreditCards': 'True', 'RestaurantsPriceRange2': '1', 'BusinessAcceptsBitcoin': 'False', 'NoiseLevel': ""u'quiet'"", 'WheelchairAccessible': 'True', 'OutdoorSeating': 'False', 'HappyHour': 'False', 'GoodForKids': 'True', 'BusinessParking': ""{'garage': False, 'street': True, 'validated': False, 'lot': False, 'valet': False}"", 'RestaurantsAttire': ""'casual'"", 'BikeParking': 'True', 'DogsAllowed': 'True', 'RestaurantsTakeOut': 'True', 'GoodForMeal': ""{'dessert': False, 'latenight': False, 'lunch': False, 'dinner': False, 'brunch': False, 'breakfast': False}"", 'Caters': 'False', 'RestaurantsReservations': 'False', 'RestaurantsGoodForGroups': 'False', 'Ambience': ""{'touristy': False, 'hipster': True, 'romantic': False, 'divey': False, 'intimate': False, 'trendy': False, 'upscale': False, 'classy': False, 'casual': False}"", 'RestaurantsDelivery': 'False', 'HasTV': 'False'}","Cafes, Restaurants, Food, Coffee & Tea, Bubble Tea, Shaved Ice","{'Monday': '0:0-0:0', 'Tuesday': '11:0-19:0', 'Wednesday': '11:0-19:0', 'Thursday': '11:0-19:0', 'Friday': '11:0-19:0', 'Saturday': '10:0-19:0', 'Sunday': '10:0-19:0'}"
M0NT6MBWg5-76wyQXMzJWg,Bluefin Poke,"170 S Virginia St, Ste 102",Reno,NV,89501,39.5238749925,-119.8110813942,4.5,107,1,"{'RestaurantsTakeOut': 'True', 'Caters': 'False', 'BusinessAcceptsCreditCards': 'True', 'RestaurantsReservations': 'False', 'DogsAllowed': 'False', 'WiFi': ""u'no'"", 'BikeParking': 'True', 'OutdoorSeating': 'False', 'RestaurantsGoodForGroups': 'True', 'HappyHour': 'True', 'HasTV': 'True', 'RestaurantsPriceRange2': '2', 'GoodForMeal': ""{'dessert': False, 'latenight': False, 'lunch': False, 'dinner': False, 'brunch': False, 'breakfast': False}"", 'BusinessParking': ""{'garage': False, 'street': True, 'validated': False, 'lot': False, 'valet': False}"", 'Alcohol': ""u'none'"", 'RestaurantsDelivery': 'True', 'GoodForKids': 'True', 'Ambience': ""{'touristy': False, 'hipster': False, 'romantic': False, 'divey': False, 'intimate': False, 'trendy': False, 'upscale': False, 'classy': False, 'casual': True}""}","Poke, Bubble Tea, Food, Restaurants, Hawaiian, Sushi Bars","{'Monday': '12:0-19:0', 'Tuesday': '12:0-19:0', 'Wednesday': '12:0-19:0', 'Thursday': '12:0-19:0', 'Friday': '12:0-19:0', 'Saturday': '12:0-19:0'}"
eZijZMffN9YXb2OX5GsuGw,Frozen Delight,"1101 N Wilmot Rd, Ste 107",Tucson,AZ,85712,32.2371687,-110.8589241,4.5,66,1,"{'BusinessAcceptsCreditCards': 'True', 'RestaurantsPriceRange2': '1', 'BusinessParking': ""{'garage': False, 'street': False, 'validated': False, 'lot': True, 'valet': False}"", 'WiFi': ""'free'"", 'BikeParking': 'True', 'WheelchairAccessible': 'True', 'RestaurantsDelivery': 'True', 'RestaurantsTakeOut': 'True', 'Caters': 'True'}","Food, Bubble Tea, Ice Cream & Frozen Yogurt, Desserts","{'Monday': '11:0-19:0', 'Tuesday': '11:0-19:0', 'Wednesday': '11:0-19:0', 'Thursday': '11:0-19:0', 'Friday': '11:0-20:0', 'Saturday': '11:0-20:0', 'Sunday': '11:0-19:0'}"
NRcVU0DW2OGaXrmXpBtLzg,Cafe Nhu Quynh,5520 Whitaker Ave,Philadelphia,PA,19124,40.0355248,-75.1003312,3.5,13,0,"{'BikeParking': 'False', 'RestaurantsPriceRange2': '1', 'RestaurantsAttire': ""u'casual'"", 'Alcohol': ""u'none'"", 'BusinessParking': ""{'garage': False, 'street': False, 'validated': False, 'lot': False, 'valet': False}"", 'GoodForKids': 'True', 'RestaurantsDelivery': 'False', 'RestaurantsGoodForGroups': 'True', 'HasTV': 'True', 'OutdoorSeating': 'False', 'BusinessAcceptsCreditCards': 'True', 'Ambience': ""{'romantic': False, 'intimate': False, 'classy': False, 'hipster': False, 'divey': False, 'touristy': False, 'trendy': False, 'upscale': False, 'casual': False}"", 'RestaurantsReservations': 'False', 'RestaurantsTakeOut': 'True'}","Vietnamese, Bubble Tea, Restaurants, Food","{'Monday': '7:0-20:0', 'Tuesday': '7:0-20:0', 'Wednesday': '7:0-20:0', 'Thursday': '7:0-20:0', 'Friday': '7:0-20:0', 'Saturday': '7:0-20:0', 'Sunday': '7:0-20:0'}"
jiPaILQDZIZBkCTyxu4v4w,Mr. Wish,"910 Haddonfield-Berlin Rd, Ste 16",Voorhees,NJ,08043,39.8479771,-74.9772242,4.0,7,1,"{'RestaurantsTakeOut': 'True', 'RestaurantsDelivery': 'True'}","Taiwanese, Bubble Tea, Food, Restaurants, Juice Bars & Smoothies","{'Monday': '10:0-21:0', 'Tuesday': '10:0-21:0', 'Wednesday': '10:0-21:0', 'Thursday': '10:0-21:0', 'Friday': '10:0-21:0', 'Saturday': '10:0-21:0', 'Sunday': '10:0-21:0'}"
mabF2emQIQUf0QX2QA9LsA,Boba's Bubble Tea,"4695 N Oracle Rd, Ste 105",Tucson,AZ,85705,32.2917277,-110.9792137,4.5,7,0,"{'OutdoorSeating': 'True', 'RestaurantsPriceRange2': '1', 'BusinessParking': ""{'garage': True, 'street': False, 'validated': False, 'lot': False, 'valet': False}"", 'BusinessAcceptsCreditCards': 'True', 'WiFi': ""'free'"", 'BikeParking': 'True'}","Coffee & Tea, Sandwiches, Food, Bubble Tea, Restaurants","{'Monday': '10:0-21:0', 'Tuesday': '10:0-21:0', 'Wednesday': '10:0-21:0', 'Thursday': '10:0-21:0', 'Friday': '10:0-21:0', 'Saturday': '10:0-21:0', 'Sunday': '10:0-21:0'}"
8PWIw1c9N5DlMLdaUtx-Xg,Saigon Bistro,1325 Veterans Blvd,Metairie,LA,70005,30.0022078649,-90.137837,4.5,74,0,"{'GoodForMeal': ""{'dessert': False, 'latenight': False, 'lunch': True, 'dinner': False, 'brunch': False, 'breakfast': False}"", 'RestaurantsGoodForGroups': 'True', 'Alcohol': ""'none'"", 'BusinessAcceptsCreditCards': 'True', 'RestaurantsAttire': ""'casual'"", 'RestaurantsReservations': 'True', 'OutdoorSeating': 'False', 'HasTV': 'True', 'RestaurantsTakeOut': 'True', 'RestaurantsPriceRange2': '2', 'RestaurantsDelivery': 'True', 'NoiseLevel': ""u'average'"", 'BusinessParking': ""{'garage': False, 'street': True, 'validated': False, 'lot': False, 'valet': False}"", 'GoodForKids': 'True', 'Ambience': ""{'touristy': False, 'hipster': False, 'romantic': False, 'divey': False, 'intimate': False, 'trendy': False, 'upscale': False, 'classy': False, 'casual': False}""}","Vietnamese, Restaurants, Food, Soup, Bubble Tea","{'Monday': '10:0-19:0', 'Tuesday': '10:0-19:0', 'Wednesday': '10:0-19:0', 'Thursday': '10:0-19:0', 'Friday': '10:0-19:0', 'Saturday': '10:0-19:0', 'Sunday': '10:0-18:30'}"
jHP7LKR1LheZy8rcdrOE3Q,Yujo,9431 N Meridian St,Indianapolis,IN,46260,39.9251094,-86.1560393,4.5,184,1,"{'WiFi': ""u'no'"", 'DogsAllowed': 'False', 'RestaurantsTableService': 'False', 'RestaurantsDelivery': 'True', 'RestaurantsPriceRange2': '2', 'RestaurantsTakeOut': 'True', 'Alcohol': ""u'none'"", 'Ambience': ""{'touristy': False, 'hipster': False, 'romantic': False, 'divey': False, 'intimate': False, 'trendy': False, 'upscale': False, 'classy': True, 'casual': False}"", 'WheelchairAccessible': 'True', 'RestaurantsReservations': 'False', 'BusinessAcceptsCreditCards': 'True', 'OutdoorSeating': 'True', 'NoiseLevel': ""u'average'"", 'HasTV': 'False', 'BusinessParking': ""{'garage': False, 'street': False, 'validated': False, 'lot': True, 'valet': False}"", 'HappyHour': 'False'}","Food, Bubble Tea, Ramen, Restaurants, Japanese","{'Monday': '11:0-20:30', 'Tuesday': '11:0-20:30', 'Wednesday': '11:0-20:30', 'Thursday': '11:0-20:30', 'Friday': '11:0-20:30', 'Saturday': '11:0-20:30'}"
GvlQw5zpaCLBY0pW4pm4_A,Tiger Sugar,6201 N Front St,Philadelphia,PA,19120,40.0457879427,-75.1191237563,4.5,5,1,"{'RestaurantsTakeOut': 'True', 'OutdoorSeating': 'True', 'BusinessAcceptsCreditCards': 'True', 'WheelchairAccessible': 'True'}","Bubble Tea, Coffee & Tea, Desserts, Food","{'Monday': '11:0-21:0', 'Tuesday': '11:0-21:0', 'Wednesday': '11:0-21:0', 'Thursday': '11:0-21:0', 'Friday': '11:0-21:0', 'Saturday': '11:0-21:0', 'Sunday': '11:0-21:0'}"
iXJNxreQ5ImDklYG3L-YvQ,penrose cheesesteak,2201 Penrose Ave,Philadelphia,PA,19145,39.9102487,-75.1869588,3.5,12,1,"{'WiFi': ""u'free'"", 'BikeParking': 'True', 'HasTV': 'True', 'BusinessAcceptsCreditCards': 'True', 'RestaurantsDelivery': 'True', 'OutdoorSeating': 'False', 'RestaurantsTakeOut': 'True', 'Alcohol': ""u'beer_and_wine'"", 'BusinessParking': ""{u'valet': False, u'garage': True, u'street': False, u'lot': True, u'validated': False}""}","Sandwiches, Ice Cream & Frozen Yogurt, Restaurants, Food, Bubble Tea, Cheesesteaks, Burgers, Seafood","{'Monday': '11:0-21:0', 'Tuesday': '11:0-21:0', 'Wednesday': '11:0-21:0', 'Thursday': '11:0-21:0', 'Friday': '11:0-22:0', 'Saturday': '11:0-22:0'}"
oLNZKMJOpRGWb3Z1zuCr-w,Hi Tea & Hi Chicken,8025 104 Street NW,Edmonton,AB,T6E 4E3,53.5164171,-113.4964108,3.5,12,1,"{'WiFi': ""u'free'"", 'Ambience': ""{'touristy': False, 'hipster': False, 'romantic': False, 'intimate': False, 'trendy': False, 'upscale': False, 'classy': False, 'casual': False}"", 'BikeParking': 'True', 'Caters': 'False', 'WheelchairAccessible': 'False', 'GoodForKids': 'True', 'RestaurantsTakeOut': 'True', 'HasTV': 'True', 'RestaurantsDelivery': 'True', 'BusinessParking': ""{'garage': False, 'street': False, 'validated': False, 'lot': True, 'valet': False}"", 'RestaurantsGoodForGroups': 'True', 'HappyHour': 'False', 'Alcohol': ""u'beer_and_wine'"", 'DogsAllowed': 'False', 'GoodForMeal': ""{'dessert': False, 'latenight': False, 'lunch': False, 'dinner': False, 'brunch': False, 'breakfast': False}"", 'RestaurantsReservations': 'True', 'RestaurantsTableService': 'True', 'RestaurantsPriceRange2': '2', 'OutdoorSeating': 'None'}","Chinese, Food, Bubble Tea, Taiwanese, Juice Bars & Smoothies, Restaurants, Fast Food","{'Monday': '11:0-23:0', 'Tuesday': '11:0-23:0', 'Wednesday': '11:0-23:0', 'Thursday': '11:0-23:0', 'Friday': '11:0-1:0', 'Saturday': '11:0-1:0', 'Sunday': '11:0-23:0'}"
zGSgPMzY9Vk5iYOkHNreHQ,Ding Tea Pinellas,6248 66th St N,Pinellas Park,FL,33781,27.829384,-82.728933,4.0,99,1,"{'BusinessParking': ""{'garage': False, 'street': False, 'validated': False, 'lot': False, 'valet': False}"", 'NoiseLevel': ""u'average'"", 'RestaurantsTakeOut': 'True', 'BusinessAcceptsCreditCards': 'True', 'RestaurantsDelivery': 'True', 'GoodForKids': 'True', 'WheelchairAccessible': 'False', 'Caters': 'True', 'RestaurantsPriceRange2': '2'}","Coffee & Tea, Bubble Tea, Food, Tea Rooms","{'Monday': '11:0-22:0', 'Tuesday': '11:0-19:0', 'Wednesday': '11:0-22:0', 'Thursday': '11:0-22:0', 'Friday': '11:0-22:0', 'Saturday': '11:0-22:0', 'Sunday': '11:0-22:0'}"
FP5fr2zUeTEhI4-TGEeVCA,Vietnam Express,101 N 11th St,Philadelphia,PA,19107,39.954055,-75.1575729,4.0,69,1,"{'BusinessAcceptsCreditCards': 'True', 'RestaurantsDelivery': 'True', 'GoodForKids': 'True', 'RestaurantsAttire': ""'casual'"", 'RestaurantsTakeOut': 'True', 'OutdoorSeating': 'False', 'WiFi': ""'no'"", 'RestaurantsReservations': 'False', 'Ambience': ""{'touristy': False, 'hipster': False, 'romantic': False, 'divey': False, 'intimate': False, 'trendy': False, 'upscale': False, 'classy': False, 'casual': True}"", 'RestaurantsPriceRange2': '1', 'BikeParking': 'True', 'RestaurantsTableService': 'False', 'NoiseLevel': ""u'average'"", 'BusinessParking': ""{'garage': False, 'street': True, 'validated': False, 'lot': False, 'valet': False}"", 'HasTV': 'True', 'RestaurantsGoodForGroups': 'False', 'GoodForMeal': ""{'dessert': False, 'latenight': False, 'lunch': True, 'dinner': False, 'brunch': False, 'breakfast': False}"", 'Alcohol': ""u'none'""}","Vietnamese, Sandwiches, Juice Bars & Smoothies, Restaurants, Bubble Tea, Food","{'Monday': '16:0-23:0', 'Tuesday': '16:0-23:0', 'Wednesday': '16:0-23:0', 'Thursday': '16:0-23:0', 'Friday': '16:0-23:0', 'Saturday': '16:0-23:0'}"
deWhFgwgU3F11jYMJk8n3Q,Main Street Poké,"110 W Main St, Ste 106",Carmel,IN,46032,39.9785986,-86.1289815,4.5,246,1,"{'BikeParking': 'True', 'Caters': 'True', 'DogsAllowed': 'False', 'GoodForMeal': ""{'dessert': False, 'latenight': False, 'lunch': True, 'dinner': True, 'brunch': False, 'breakfast': False}"", 'RestaurantsAttire': ""'casual'"", 'RestaurantsDelivery': 'True', 'RestaurantsTakeOut': 'True', 'Alcohol': ""u'beer_and_wine'"", 'OutdoorSeating': 'True', 'BusinessAcceptsCreditCards': 'True', 'Ambience': ""{'touristy': False, 'hipster': False, 'romantic': False, 'divey': False, 'intimate': False, 'trendy': True, 'upscale': False, 'classy': False, 'casual': True}"", 'WheelchairAccessible': 'True', 'RestaurantsPriceRange2': '2', 'GoodForKids': 'True', 'BusinessParking': ""{'garage': True, 'street': True, 'validated': False, 'lot': False, 'valet': False}"", 'WiFi': ""u'free'"", 'NoiseLevel': ""u'average'"", 'HasTV': 'True', 'BusinessAcceptsBitcoin': 'False', 'RestaurantsTableService': 'False', 'RestaurantsReservations': 'False', 'RestaurantsGoodForGroups': 'True'}","Seafood, Salad, Restaurants, Poke, Hawaiian, Food, Bubble Tea","{'Monday': '0:0-0:0', 'Tuesday': '11:0-20:0', 'Wednesday': '11:0-20:0', 'Thursday': '11:0-20:0', 'Friday': '11:0-20:0', 'Saturday': '11:0-20:0', 'Sunday': '11:0-20:0'}"
NMcKC_0n7nNDkhi_mgopzw,Hungry Horse Eatery,"2032 E Overland Rd, Ste 115",Meridian,ID,83642,43.5907681,-116.3683984,4.5,115,0,"{'RestaurantsAttire': ""'casual'"", 'RestaurantsTableService': 'False', 'DogsAllowed': 'False', 'HasTV': 'False', 'GoodForKids': 'True', 'OutdoorSeating': 'False', 'WheelchairAccessible': 'True', 'WiFi': ""u'no'"", 'Alcohol': ""u'none'"", 'Ambience': ""{'touristy': False, 'hipster': False, 'romantic': False, 'divey': False, 'intimate': False, 'trendy': False, 'upscale': False, 'classy': False, 'casual': True}"", 'RestaurantsPriceRange2': '1', 'RestaurantsGoodForGroups': 'True', 'BusinessAcceptsCreditCards': 'True', 'RestaurantsTakeOut': 'True', 'NoiseLevel': ""u'average'"", 'RestaurantsReservations': 'False', 'Caters': 'True', 'HappyHour': 'False', 'GoodForMeal': ""{'dessert': False, 'latenight': False, 'lunch': True, 'dinner': False, 'brunch': False, 'breakfast': False}"", 'BikeParking': 'True', 'BusinessAcceptsBitcoin': 'False', 'BusinessParking': ""{'garage': False, 'street': False, 'validated': False, 'lot': True, 'valet': False}"", 'RestaurantsDelivery': 'False', 'Corkage': 'False', 'BYOB': 'False'}","Sandwiches, Soup, Acai Bowls, Bubble Tea, Noodles, Restaurants, Food",{'Monday': '0:0-0:0'}
eoqpPPlegPddFATQadDsoA,Green Mint Asian Grill,25821 US Hwy 19 N,Clearwater,FL,33763,28.006952,-82.72804000000001,4.0,388,1,"{'Alcohol': ""u'none'"", 'OutdoorSeating': 'True', 'BusinessAcceptsCreditCards': 'True', 'RestaurantsTakeOut': 'True', 'RestaurantsPriceRange2': '1', 'BusinessParking': ""{'garage': False, 'street': False, 'validated': False, 'lot': True, 'valet': False}"", 'BikeParking': 'True', 'NoiseLevel': ""u'average'"", 'GoodForKids': 'True', 'RestaurantsGoodForGroups': 'True', 'RestaurantsAttire': ""u'casual'"", 'RestaurantsReservations': 'False', 'Caters': 'True', 'HasTV': 'True', 'HappyHour': 'False', 'WheelchairAccessible': 'False', 'WiFi': ""u'no'"", 'RestaurantsDelivery': 'True', 'GoodForMeal': ""{'dessert': False, 'latenight': False, 'lunch': True, 'dinner': True, 'brunch': False, 'breakfast': False}"", 'Ambience': ""{'romantic': False, 'intimate': False, 'classy': False, 'hipster': False, 'divey': False, 'touristy': False, 'trendy': False, 'upscale': False, 'casual': True}""}","Coffee & Tea, Asian Fusion, Juice Bars & Smoothies, Food, Bubble Tea, Vietnamese, Restaurants","{'Monday': '11:0-21:0', 'Tuesday': '11:0-21:0', 'Wednesday': '11:0-21:0', 'Thursday': '11:0-21:0', 'Friday': '11:0-21:0', 'Saturday': '11:0-21:0', 'Sunday': '11:0-20:0'}"
RaD4AOWsvutdqV-kTpjZjQ,Kung Fu Tea - Cherry Hill,826 Haddonfield Rd,Cherry Hill,NJ,08002,39.9265605478,-75.0320796513,4.5,107,1,"{'BikeParking': 'False', 'Caters': 'False', 'WiFi': ""'free'"", 'OutdoorSeating': 'False', 'BusinessAcceptsCreditCards': 'True', 'RestaurantsDelivery': 'True', 'RestaurantsTakeOut': 'True', 'NoiseLevel': ""u'average'"", 'RestaurantsPriceRange2': '1', 'BusinessParking': ""{u'valet': False, u'garage': False, u'street': None, u'lot': True, u'validated': False}"", 'WheelchairAccessible': 'True'}","Coffee & Tea, Juice Bars & Smoothies, Food, Bubble Tea","{'Monday': '11:0-23:0', 'Tuesday': '11:0-23:0', 'Wednesday': '11:0-23:0', 'Thursday': '11:0-23:0', 'Friday': '11:0-23:0', 'Saturday': '11:0-23:0', 'Sunday': '11:0-23:0'}"
_-GYicUDtfIfMs2SiXdJIA,Kung Fu Tea,22 Lancaster Ave,Ardmore,PA,19003,40.0080694,-75.2919492,4.0,32,1,"{'BusinessAcceptsCreditCards': 'True', 'DogsAllowed': 'False', 'GoodForKids': 'True', 'NoiseLevel': ""u'average'"", 'RestaurantsTakeOut': 'True', 'BusinessParking': ""{'garage': False, 'street': True, 'validated': False, 'lot': False, 'valet': False}"", 'RestaurantsPriceRange2': '1', 'OutdoorSeating': 'False', 'WiFi': ""u'free'"", 'RestaurantsDelivery': 'True'}","Juice Bars & Smoothies, Asian Fusion, Restaurants, Bubble Tea, Food, Coffee & Tea","{'Monday': '11:0-23:0', 'Tuesday': '11:0-23:0', 'Wednesday': '11:0-23:0', 'Thursday': '11:0-23:0', 'Friday': '11:0-0:0', 'Saturday': '11:0-0:0', 'Sunday': '11:0-23:0'}"
hz_jlKOsbQT3bsucp670qA,Ochatto,3608 Chestnut St,Philadelphia,PA,19104,39.9545950448,-75.1951047019,3.5,217,1,"{'RestaurantsDelivery': 'True', 'WiFi': ""u'no'"", 'RestaurantsAttire': ""'casual'"", 'RestaurantsTableService': 'True', 'Caters': 'True', 'HasTV': 'True', 'RestaurantsPriceRange2': '2', 'RestaurantsReservations': 'True', 'Ambience': ""{'romantic': False, 'intimate': False, 'classy': False, 'hipster': False, 'divey': False, 'touristy': False, 'trendy': False, 'upscale': False, 'casual': True}"", 'WheelchairAccessible': 'True', 'GoodForMeal': ""{'dessert': False, 'latenight': False, 'lunch': True, 'dinner': True, 'brunch': False, 'breakfast': False}"", 'GoodForKids': 'True', 'RestaurantsTakeOut': 'True', 'BusinessAcceptsCreditCards': 'True', 'Corkage': 'True', 'BYOB': 'False', 'RestaurantsGoodForGroups': 'True', 'NoiseLevel': ""u'average'"", 'BusinessParking': ""{'garage': None, 'street': True, 'validated': False, 'lot': False, 'valet': False}"", 'BikeParking': 'True', 'OutdoorSeating': 'False', 'Alcohol': ""'beer_and_wine'""}","Noodles, Food, Restaurants, Japanese, Chinese, Bubble Tea","{'Monday': '11:15-22:0', 'Tuesday': '11:15-22:0', 'Wednesday': '11:15-22:0', 'Thursday': '11:15-22:0', 'Friday': '11:15-23:0', 'Saturday': '11:15-23:0', 'Sunday': '12:0-22:0'}"
8jY6KM_74NZp6yomYtpouQ,Yoshi,1600 John F Kennedy Blvd,Philadelphia,PA,19103,39.9620123879,-75.200058746,3.5,43,0,"{'RestaurantsAttire': ""u'casual'"", 'RestaurantsPriceRange2': '1', 'HasTV': 'False', 'BusinessParking': ""{'garage': False, 'street': True, 'validated': False, 'lot': False, 'valet': False}"", 'Alcohol': ""u'none'"", 'Ambience': ""{'romantic': False, 'intimate': False, 'touristy': False, 'hipster': False, 'divey': False, 'classy': False, 'trendy': False, 'upscale': False, 'casual': True}"", 'RestaurantsTakeOut': 'True', 'OutdoorSeating': 'False', 'GoodForKids': 'True', 'NoiseLevel': ""u'average'"", 'BusinessAcceptsCreditCards': 'True', 'Caters': 'False', 'BikeParking': 'False', 'RestaurantsReservations': 'False', 'RestaurantsDelivery': 'False', 'RestaurantsGoodForGroups': 'False', 'WiFi': ""u'free'""}","Sushi Bars, Restaurants, Bubble Tea, Ice Cream & Frozen Yogurt, Food","{'Monday': '9:0-19:0', 'Tuesday': '9:0-19:0', 'Wednesday': '9:0-19:0', 'Thursday': '9:0-19:0', 'Friday': '9:0-19:0'}"
89a7Sg2u2Z-Xe0G7I5ssag,Bubble B’s,"900 Terry Pkwy, Ste 220",Terrytown,LA,70056,29.8923183,-90.0315229,3.0,5,1,,"Specialty Food, Food, Patisserie/Cake Shop, Macarons, Bubble Tea","{'Tuesday': '10:0-19:0', 'Wednesday': '10:0-19:0', 'Thursday': '10:0-19:0', 'Friday': '10:0-19:0', 'Saturday': '10:0-19:0'}"
NTjMBxaFs_N0udkO1gFj4g,Little Ed's Rolled Ice Cream,2618 Easton Rd,Willow Grove,PA,19090,40.1689956,-75.1269456,4.5,38,0,"{'BusinessAcceptsCreditCards': 'True', 'RestaurantsPriceRange2': '1', 'RestaurantsTakeOut': 'True', 'Caters': 'False', 'BusinessParking': ""{'garage': False, 'street': False, 'validated': False, 'lot': True, 'valet': False}"", 'WiFi': ""u'free'"", 'BikeParking': 'False', 'ByAppointmentOnly': 'False'}","Bubble Tea, Ice Cream & Frozen Yogurt, Food, Shaved Ice","{'Monday': '13:0-22:0', 'Tuesday': '17:30-22:0', 'Sunday': '1:0-1:30'}"
eltuhV8KTDIhqdYgAyknAw,Token Ramen & Kung Fu Tea,5914 Providence Road Riverview,Riverview,FL,33578,27.8948166,-82.3180809,4.0,199,1,"{'GoodForMeal': ""{'dessert': False, 'latenight': False, 'lunch': False, 'dinner': False, 'brunch': False, 'breakfast': False}"", 'HappyHour': 'False', 'WiFi': ""u'free'"", 'BusinessParking': ""{'garage': False, 'street': False, 'validated': False, 'lot': True, 'valet': False}"", 'RestaurantsAttire': ""u'casual'"", 'GoodForKids': 'True', 'WheelchairAccessible': 'True', 'Caters': 'True', 'RestaurantsTableService': 'True', 'BusinessAcceptsCreditCards': 'True', 'Alcohol': ""u'none'"", 'HasTV': 'True', 'BusinessAcceptsBitcoin': 'False', 'RestaurantsPriceRange2': '2', 'BikeParking': 'False', 'NoiseLevel': ""u'average'"", 'RestaurantsGoodForGroups': 'True', 'RestaurantsDelivery': 'True', 'DogsAllowed': 'True', 'RestaurantsReservations': 'True', 'OutdoorSeating': 'None', 'Ambience': ""{'touristy': False, 'hipster': False, 'romantic': False, 'divey': False, 'intimate': False, 'trendy': True, 'upscale': False, 'classy': True, 'casual': True}"", 'RestaurantsTakeOut': 'True'}","Coffee & Tea, Bubble Tea, Taiwanese, Japanese, Ramen, Food, Asian Fusion, Restaurants","{'Monday': '11:0-22:0', 'Tuesday': '11:0-22:0', 'Wednesday': '11:0-22:0', 'Thursday': '11:0-22:0', 'Friday': '11:0-20:0', 'Saturday': '11:0-22:0', 'Sunday': '11:0-22:0'}"
oN0HEVZHX-u9yYKsYLuXEg,Taiko Bistro,472 2nd St Pike,Southampton,PA,18966,40.1696537,-75.0464379,4.0,17,1,"{'RestaurantsPriceRange2': '2', 'Ambience': ""{'touristy': False, 'hipster': False, 'romantic': False, 'divey': False, 'intimate': False, 'trendy': False, 'upscale': False, 'classy': False, 'casual': False}"", 'BusinessParking': ""{'garage': False, 'street': False, 'validated': False, 'lot': False, 'valet': False}"", 'GoodForKids': 'True', 'RestaurantsDelivery': 'False', 'GoodForMeal': ""{'dessert': False, 'latenight': False, 'lunch': False, 'dinner': False, 'brunch': False, 'breakfast': False}"", 'RestaurantsGoodForGroups': 'True', 'RestaurantsTakeOut': 'True', 'BusinessAcceptsCreditCards': 'True', 'HasTV': 'True', 'OutdoorSeating': 'None', 'RestaurantsAttire': ""'casual'"", 'RestaurantsReservations': 'False'}","Restaurants, Vietnamese, Sandwiches, Juice Bars & Smoothies, Bubble Tea, Pan Asian, Food","{'Tuesday': '11:0-21:0', 'Wednesday': '11:0-21:0', 'Thursday': '11:0-21:0', 'Friday': '11:0-21:0', 'Saturday': '15:0-21:0', 'Sunday': '11:0-19:0'}"
-WXmyccE1YUqO3mA3Uu1Xw,VP Square,3611 Juniata St,St. Louis,MO,63116,38.6011707,-90.2429874,4.5,132,0,"{'RestaurantsReservations': 'False', 'WiFi': ""'free'"", 'RestaurantsAttire': ""'casual'"", 'BusinessAcceptsBitcoin': 'False', 'BusinessParking': ""{'garage': False, 'street': False, 'validated': False, 'lot': False, 'valet': False}"", 'RestaurantsDelivery': 'True', 'GoodForKids': 'True', 'BusinessAcceptsCreditCards': 'True', 'BikeParking': 'False', 'RestaurantsTableService': 'True', 'DogsAllowed': 'False', 'WheelchairAccessible': 'True', 'GoodForMeal': ""{'dessert': False, 'latenight': False, 'lunch': False, 'dinner': False, 'brunch': False, 'breakfast': False}"", 'Ambience': ""{'touristy': False, 'hipster': False, 'romantic': False, 'divey': False, 'intimate': False, 'trendy': False, 'upscale': False, 'classy': False, 'casual': True}"", 'RestaurantsTakeOut': 'True', 'RestaurantsGoodForGroups': 'True', 'Alcohol': ""'full_bar'"", 'NoiseLevel': ""u'average'"", 'HappyHour': 'True', 'HasTV': 'True', 'Caters': 'True', 'OutdoorSeating': 'None', 'RestaurantsPriceRange2': '2'}","Food, Ramen, Bubble Tea, Asian Fusion, Japanese, Restaurants, Pan Asian, Sandwiches","{'Tuesday': '11:0-21:30', 'Wednesday': '11:0-21:30', 'Thursday': '11:0-21:30', 'Friday': '11:0-22:0', 'Saturday': '11:0-22:0', 'Sunday': '11:0-21:30'}"
T07eFkF7vMaZCLC56N10lw,Token Ramen,5085 34th St S,St. Petersburg,FL,33711,27.72149,-82.6806526,4.5,10,1,,"Chicken Wings, Restaurants, Ramen, Japanese, Food, Bubble Tea",
Akk5eHutsuuukz6GlgT_kw,Tasty Pot - Philadelphia,513 Adam Ave,Philadelphia,PA,19120,40.039051,-75.107404,4.0,19,1,"{'WheelchairAccessible': 'True', 'HasTV': 'True', 'Corkage': 'False', 'RestaurantsPriceRange2': '2', 'OutdoorSeating': 'False', 'Caters': 'False', 'Alcohol': ""u'none'"", 'WiFi': ""u'free'"", 'BikeParking': 'False', 'DogsAllowed': 'False', 'HappyHour': 'False', 'RestaurantsGoodForGroups': 'True', 'BusinessParking': ""{u'valet': False, u'garage': True, u'street': True, u'lot': None, u'validated': False}"", 'RestaurantsTakeOut': 'True', 'RestaurantsTableService': 'True', 'BusinessAcceptsBitcoin': 'False', 'BusinessAcceptsCreditCards': 'True', 'RestaurantsDelivery': 'False', 'BYOB': 'False'}","Taiwanese, Hot Pot, Restaurants, Bubble Tea, Food","{'Tuesday': '11:0-21:30', 'Wednesday': '11:0-21:30', 'Thursday': '11:0-21:30', 'Friday': '11:0-22:0', 'Saturday': '11:0-22:0', 'Sunday': '11:0-21:30'}"
Abu_KegjK3Cv44ormIjFbw,Tbaar,1871 Marlton Pike E,Cherry Hill,NJ,08003,39.9034912,-74.9709509,4.5,9,1,"{'BusinessParking': ""{u'valet': False, u'garage': False, u'street': False, u'lot': True, u'validated': False}"", 'RestaurantsDelivery': 'True'}","Food, Bubble Tea","{'Monday': '11:0-22:0', 'Tuesday': '11:0-22:0', 'Wednesday': '11:0-22:0', 'Thursday': '11:0-22:0', 'Friday': '11:0-22:0', 'Saturday': '11:0-22:0', 'Sunday': '11:0-21:0'}"
RMS7BsRVNLOb2Dm8LQP7yA,ViVi Bubble Tea,701 S 5th St,Philadelphia,PA,19147,39.9402929,-75.150923,3.5,22,0,"{'RestaurantsPriceRange2': '1', 'BusinessParking': ""{'garage': False, 'street': True, 'validated': False, 'lot': False, 'valet': False}"", 'RestaurantsTakeOut': 'True', 'BusinessAcceptsCreditCards': 'True', 'BikeParking': 'True'}","Food, Bubble Tea","{'Monday': '12:0-19:0', 'Tuesday': '12:0-19:0', 'Wednesday': '12:0-19:0', 'Thursday': '12:0-19:0', 'Friday': '12:0-19:0', 'Saturday': '12:0-20:0', 'Sunday': '12:30-20:0'}"
fE97G0J_dZ6aKRQv0wdTGA,Rayaki - Glassboro,166 William Dalton Dr,Glassboro,NJ,08028,39.718992,-75.1110046,4.0,31,1,"{'HasTV': 'True', 'BusinessAcceptsCreditCards': 'True', 'WiFi': ""u'free'"", 'RestaurantsDelivery': 'True', 'RestaurantsTakeOut': 'True', 'WheelchairAccessible': 'True', 'RestaurantsTableService': 'True', 'OutdoorSeating': 'True'}","Ramen, Bubble Tea, Izakaya, Restaurants, Food, Japanese","{'Monday': '11:30-21:0', 'Tuesday': '11:30-21:0', 'Wednesday': '11:30-21:0', 'Thursday': '11:30-21:0', 'Friday': '11:30-21:0', 'Saturday': '11:30-21:0', 'Sunday': '11:30-21:0'}"
kNcrmaQNneyioUg1MY9ZqA,Fun Cafe,"6604 Delmar Blvd, Unit- A , Fl- 2",St. Louis,MO,63130,38.6558322,-90.3056281,4.5,32,1,"{'WheelchairAccessible': 'False', 'RestaurantsTableService': 'True', 'BikeParking': 'True', 'RestaurantsTakeOut': 'True', 'Alcohol': ""u'none'"", 'BusinessAcceptsCreditCards': 'True', 'RestaurantsDelivery': 'True', 'Caters': 'False', 'BYOB': 'False', 'OutdoorSeating': 'True', 'Corkage': 'False', 'WiFi': ""u'free'"", 'HasTV': 'True', 'BusinessParking': 'None'}","Food, Juice Bars & Smoothies, Coffee & Tea, Restaurants, Bubble Tea, Themed Cafes, Cafes, Desserts","{'Monday': '12:0-21:0', 'Tuesday': '12:0-21:0', 'Wednesday': '12:0-21:0', 'Thursday': '12:0-21:0', 'Friday': '12:0-22:0', 'Saturday': '12:0-22:0', 'Sunday': '12:0-22:0'}"
PUDTWmMzevJdvsueEmnYqw,Hochaya,"7060 Hollister Ave, Ste 101",Goleta,CA,93117,34.43119138,-119.8740625,4.5,35,1,"{'NoiseLevel': ""u'average'"", 'DogsAllowed': 'True', 'RestaurantsTakeOut': 'True', 'RestaurantsDelivery': 'True', 'BusinessParking': ""{u'valet': False, u'garage': None, u'street': None, u'lot': None, u'validated': False}""}","Restaurants, Food, Bubble Tea","{'Monday': '12:0-21:0', 'Tuesday': '12:0-21:0', 'Wednesday': '12:0-21:0', 'Thursday': '12:0-17:0', 'Friday': '12:0-21:0', 'Saturday': '12:0-21:0', 'Sunday': '12:0-21:0'}"
aI58hxqbyOX6irFfljXfQA,Teaholic,"1031 N Park Ave, Ste 165",Tucson,AZ,85719,32.235095,-110.9570669,4.0,127,0,"{'WheelchairAccessible': 'True', 'BikeParking': 'True', 'BusinessAcceptsBitcoin': 'False', 'RestaurantsPriceRange2': '2', 'RestaurantsTakeOut': 'True', 'BusinessAcceptsCreditCards': 'True', 'Caters': 'False', 'BusinessParking': ""{'garage': False, 'street': False, 'validated': False, 'lot': False, 'valet': False}"", 'OutdoorSeating': 'True', 'HappyHour': 'False', 'GoodForKids': 'True', 'DogsAllowed': 'True', 'WiFi': ""u'free'"", 'ByAppointmentOnly': 'False', 'RestaurantsDelivery': 'True'}","Food, Bubble Tea, Juice Bars & Smoothies, Coffee & Tea, Tea Rooms","{'Monday': '0:0-0:0', 'Tuesday': '12:0-20:0', 'Wednesday': '12:0-20:0', 'Thursday': '12:0-20:0', 'Friday': '12:0-20:0', 'Saturday': '12:0-20:0', 'Sunday': '12:0-20:0'}"
FKvkG0Taz8GoGE6gFB061g,VietNam Style,6100 Delmar Blvd,St. Louis,MO,63112,38.6549417344,-90.2961919829,4.5,50,0,"{'BusinessAcceptsCreditCards': 'True', 'NoiseLevel': ""'average'"", 'RestaurantsPriceRange2': '2', 'Ambience': ""{'romantic': False, 'intimate': False, 'classy': False, 'hipster': False, 'divey': False, 'touristy': False, 'trendy': False, 'upscale': False, 'casual': False}"", 'RestaurantsTakeOut': 'True', 'RestaurantsDelivery': 'False', 'BikeParking': 'True', 'DogsAllowed': 'True', 'Caters': 'True', 'RestaurantsAttire': ""'casual'"", 'OutdoorSeating': 'True', 'BusinessParking': ""{'garage': False, 'street': True, 'validated': False, 'lot': False, 'valet': False}"", 'WheelchairAccessible': 'True', 'RestaurantsTableService': 'True', 'RestaurantsReservations': 'True', 'Alcohol': ""'none'"", 'GoodForKids': 'True', 'WiFi': ""'free'"", 'GoodForMeal': ""{'dessert': False, 'latenight': False, 'lunch': True, 'dinner': True, 'brunch': False, 'breakfast': False}"", 'RestaurantsGoodForGroups': 'True', 'HasTV': 'False'}","Asian Fusion, Food, Vietnamese, Bubble Tea, Juice Bars & Smoothies, Restaurants, Coffee & Tea","{'Monday': '12:0-21:0', 'Tuesday': '11:0-21:0', 'Wednesday': '11:0-21:0', 'Thursday': '11:0-21:0', 'Friday': '17:0-21:0', 'Saturday': '12:0-22:0', 'Sunday': '12:0-21:0'}"
xBAieAvUBy4xKE3hBAawbg,Kung Fu Tea,7688 49th St N,Pinellas Park,FL,33781,27.841959,-82.700803,4.0,72,1,"{'BusinessAcceptsCreditCards': 'True', 'DogsAllowed': 'False', 'BusinessParking': ""{u'valet': False, u'garage': False, u'street': False, u'lot': True, u'validated': False}"", 'RestaurantsTakeOut': 'True', 'RestaurantsPriceRange2': '2', 'NoiseLevel': ""u'average'"", 'WiFi': ""u'free'""}","Ramen, Japanese, Restaurants, Food, Bubble Tea","{'Monday': '11:0-22:0', 'Tuesday': '11:0-22:0', 'Wednesday': '11:0-22:0', 'Thursday': '11:0-22:0', 'Friday': '11:0-22:0', 'Saturday': '11:0-22:0', 'Sunday': '11:0-22:0'}"
JW8GAI4_RwyNorbQnouyFQ,Ice Land,224 N 10th St,Philadelphia,PA,19107,39.9562529,-75.1558834,4.0,195,0,"{'Caters': 'True', 'RestaurantsTakeOut': 'True', 'BusinessAcceptsCreditCards': 'True', 'BusinessParking': ""{'garage': False, 'street': False, 'validated': False, 'lot': False, 'valet': False}"", 'WheelchairAccessible': 'True', 'RestaurantsPriceRange2': '1', 'WiFi': ""u'free'"", 'BikeParking': 'True'}","Food, Bubble Tea, Shaved Ice, Ice Cream & Frozen Yogurt, Desserts","{'Monday': '13:0-23:0', 'Tuesday': '13:0-23:0', 'Wednesday': '13:0-23:0', 'Thursday': '13:0-23:0', 'Friday': '13:0-0:0', 'Saturday': '12:0-0:0', 'Sunday': '12:0-23:0'}"
hemQ0_nE8du-ednYNYMvLw,RISE | Juice + Fitness,6601 Sugar Valley Dr,Nashville,TN,37211,36.016075,-86.7048723,5.0,8,1,"{'BusinessAcceptsCreditCards': 'True', 'BikeParking': 'False', 'WheelchairAccessible': 'True', 'WiFi': ""u'no'"", 'RestaurantsTakeOut': 'True', 'Caters': 'False', 'RestaurantsDelivery': 'True'}","Active Life, Gyms, Fitness & Instruction, Bubble Tea, Juice Bars & Smoothies, Food, Barre Classes, Acai Bowls","{'Monday': '7:0-19:0', 'Tuesday': '7:0-19:0', 'Wednesday': '7:0-19:0', 'Thursday': '7:0-19:0', 'Friday': '7:0-16:0', 'Saturday': '8:0-14:0'}"
rKHK9NryBZ0BKS7PnHsZdw,Boba King,3200 Chestnut St,Philadelphia,PA,19104,39.9536510916,-75.1883245315,3.5,28,1,"{'BusinessParking': ""{'garage': False, 'street': True, 'validated': False, 'lot': False, 'valet': False}"", 'RestaurantsTakeOut': 'True', 'RestaurantsDelivery': 'True'}","Bubble Tea, Specialty Food, Juice Bars & Smoothies, Food, Coffee & Tea","{'Monday': '9:0-21:0', 'Tuesday': '9:0-21:0', 'Wednesday': '9:0-21:0', 'Thursday': '9:0-21:0', 'Friday': '9:0-21:0', 'Saturday': '9:0-21:0', 'Sunday': '9:0-21:0'}"
1rN5JlJuoJxHppuS49qxDQ,Chatime,"9940 137 Avenue, Suite 104",Edmonton,AB,T5E 6W1,53.6011373547,-113.4962428178,4.0,8,1,"{'RestaurantsPriceRange2': '1', 'BusinessParking': ""{'garage': False, 'street': False, 'validated': False, 'lot': False, 'valet': False}"", 'BikeParking': 'True', 'RestaurantsDelivery': 'True', 'RestaurantsTakeOut': 'True'}","Bubble Tea, Restaurants, Cafes, Food","{'Monday': '12:0-22:0', 'Tuesday': '12:0-22:0', 'Wednesday': '12:0-22:0', 'Thursday': '12:0-22:0', 'Friday': '12:0-23:0', 'Saturday': '12:0-23:0', 'Sunday': '12:0-21:0'}"
VG54JsBaDIbXU29HI9jiXw,Mi 'N Tea,4229 Main St,Philadelphia,PA,19127,40.0243322,-75.2207517,4.5,118,1,"{'Caters': 'True', 'WheelchairAccessible': 'False', 'WiFi': ""u'free'"", 'OutdoorSeating': 'True', 'RestaurantsPriceRange2': '1', 'DogsAllowed': 'True', 'RestaurantsTableService': 'False', 'BusinessParking': ""{'garage': False, 'street': True, 'validated': False, 'lot': False, 'valet': False}"", 'BusinessAcceptsCreditCards': 'True', 'BikeParking': 'True', 'RestaurantsReservations': 'False', 'RestaurantsDelivery': 'True', 'Corkage': 'False', 'RestaurantsTakeOut': 'True', 'HasTV': 'True', 'BYOB': 'False', 'Alcohol': ""u'none'""}","Vietnamese, Bubble Tea, Food, Sandwiches, Restaurants","{'Monday': '0:0-0:0', 'Tuesday': '11:0-20:0', 'Wednesday': '11:0-20:0', 'Thursday': '11:0-20:0', 'Friday': '11:0-15:0', 'Saturday': '11:0-20:0', 'Sunday': '11:0-18:0'}"
X6_5_b4gVKo83VPn0FyONw,Vivi Bubble Tea,145 N 10th St,Philadelphia,PA,19107,39.9548321,-75.1558378,4.0,259,1,"{'RestaurantsDelivery': 'False', 'Alcohol': ""'none'"", 'BusinessAcceptsCreditCards': 'True', 'Caters': 'False', 'RestaurantsTakeOut': 'True', 'BusinessParking': ""{'garage': False, 'street': True, 'validated': False, 'lot': False, 'valet': False}"", 'NoiseLevel': ""u'average'"", 'RestaurantsPriceRange2': '1', 'GoodForKids': 'True', 'BikeParking': 'True', 'DogsAllowed': 'False'}","Food, Bubble Tea","{'Monday': '10:0-0:0', 'Tuesday': '10:0-0:0', 'Wednesday': '10:0-0:0', 'Thursday': '10:0-0:0', 'Friday': '10:0-0:0', 'Saturday': '10:0-0:0', 'Sunday': '10:0-0:0'}"
vYRqUvqE7T7rnHjLjTB2tQ,Little Dragon Restaurant,2152 Prater Way,Sparks,NV,89431,39.5367616,-119.772853,4.5,24,0,"{'RestaurantsPriceRange2': '1', 'BikeParking': 'True', 'RestaurantsTableService': 'True', 'OutdoorSeating': 'False', 'RestaurantsDelivery': 'False', 'GoodForKids': 'True', 'GoodForMeal': ""{'dessert': False, 'latenight': False, 'lunch': True, 'dinner': True, 'brunch': False, 'breakfast': False}"", 'Caters': 'True', 'RestaurantsReservations': 'False', 'Ambience': ""{'touristy': False, 'hipster': False, 'romantic': False, 'divey': False, 'intimate': False, 'trendy': False, 'upscale': False, 'classy': False, 'casual': True}"", 'RestaurantsTakeOut': 'True', 'NoiseLevel': ""'quiet'"", 'Alcohol': ""'none'"", 'HasTV': 'True', 'BusinessParking': ""{'garage': False, 'street': False, 'validated': False, 'lot': False, 'valet': False}"", 'RestaurantsAttire': ""'casual'"", 'RestaurantsGoodForGroups': 'True', 'BusinessAcceptsCreditCards': 'True', 'WiFi': ""u'free'""}","Cantonese, Vietnamese, Food, Restaurants, Bubble Tea, Chinese","{'Monday': '0:0-0:0', 'Saturday': '9:0-17:0', 'Sunday': '9:0-19:0'}"
sKeSTwY0eqZVSKbh70SYvw,Panda Cafe,1608 W Passyunk Ave,Philadelphia,PA,19145,39.9245699,-75.173413,4.5,47,0,"{'RestaurantsTableService': 'True', 'HasTV': 'True', 'GoodForMeal': ""{'dessert': False, 'latenight': False, 'lunch': True, 'dinner': False, 'brunch': False, 'breakfast': False}"", 'RestaurantsDelivery': 'False', 'RestaurantsPriceRange2': '1', 'Alcohol': ""u'none'"", 'NoiseLevel': ""u'average'"", 'BusinessAcceptsCreditCards': 'True', 'OutdoorSeating': 'False', 'RestaurantsAttire': ""u'casual'"", 'RestaurantsTakeOut': 'True', 'RestaurantsGoodForGroups': 'True', 'BusinessParking': ""{'garage': False, 'street': True, 'validated': False, 'lot': False, 'valet': False}"", 'BikeParking': 'True', 'Ambience': ""{'romantic': False, 'intimate': False, 'classy': False, 'hipster': False, 'divey': False, 'touristy': False, 'trendy': False, 'upscale': False, 'casual': True}"", 'RestaurantsReservations': 'False', 'GoodForKids': 'True', 'WiFi': ""'no'""}","Restaurants, Indonesian, Food, Vegetarian, Bubble Tea",
xBMkvH_qR-LhA-kJ_Gwvqg,Winterfell Dessert,32 S 40th St,Philadelphia,PA,19104,39.956256,-75.202346,4.5,136,0,"{'DogsAllowed': 'True', 'BikeParking': 'True', 'RestaurantsDelivery': 'True', 'BusinessAcceptsCreditCards': 'True', 'GoodForMeal': ""{'dessert': True, 'latenight': False, 'lunch': False, 'dinner': False, 'brunch': False, 'breakfast': False}"", 'RestaurantsPriceRange2': '1', 'RestaurantsTableService': 'False', 'Ambience': ""{'romantic': False, 'intimate': False, 'classy': False, 'hipster': False, 'divey': True, 'touristy': False, 'trendy': False, 'upscale': False, 'casual': False}"", 'BusinessAcceptsBitcoin': 'False', 'DriveThru': 'False', 'WiFi': ""u'free'"", 'NoiseLevel': ""'average'"", 'Alcohol': ""u'none'"", 'RestaurantsAttire': ""'casual'"", 'GoodForKids': 'True', 'RestaurantsGoodForGroups': 'True', 'RestaurantsReservations': 'False', 'Caters': 'False', 'HasTV': 'True', 'BusinessParking': ""{'garage': False, 'street': True, 'validated': False, 'lot': False, 'valet': False}"", 'WheelchairAccessible': 'True', 'RestaurantsTakeOut': 'True', 'OutdoorSeating': 'False'}","Shaved Ice, Bubble Tea, Desserts, Food, Restaurants, Ice Cream & Frozen Yogurt, Taiwanese","{'Monday': '13:0-22:30', 'Tuesday': '13:0-22:30', 'Wednesday': '13:0-22:30', 'Thursday': '13:0-22:30', 'Friday': '13:0-23:0', 'Saturday': '12:0-23:0', 'Sunday': '12:0-22:0'}"
Q4NmqOOn2ZhzgxtcTJXh3g,Pholicious,160 N Gulph Rd,King of Prussia,PA,19406,40.0889623255,-75.3920040652,2.5,196,1,"{'GoodForMeal': ""{'dessert': False, 'latenight': False, 'lunch': True, 'dinner': True, 'brunch': False, 'breakfast': False}"", 'BikeParking': 'False', 'RestaurantsTableService': 'True', 'Ambience': ""{'touristy': False, 'hipster': False, 'romantic': False, 'divey': False, 'intimate': False, 'trendy': False, 'upscale': False, 'classy': False, 'casual': True}"", 'BusinessAcceptsCreditCards': 'True', 'HasTV': 'True', 'GoodForKids': 'True', 'RestaurantsGoodForGroups': 'True', 'OutdoorSeating': 'False', 'Alcohol': ""'none'"", 'WiFi': ""'no'"", 'RestaurantsAttire': ""'casual'"", 'NoiseLevel': ""'average'"", 'RestaurantsReservations': 'False', 'RestaurantsPriceRange2': '1', 'RestaurantsDelivery': 'True', 'Caters': 'False', 'BusinessParking': ""{'garage': True, 'street': False, 'validated': False, 'lot': True, 'valet': False}"", 'RestaurantsTakeOut': 'True'}","Imported Food, Vietnamese, Specialty Food, Restaurants, Bubble Tea, Juice Bars & Smoothies, Food, Ethnic Food","{'Monday': '10:0-21:0', 'Tuesday': '10:0-21:0', 'Wednesday': '10:0-21:0', 'Thursday': '10:0-21:0', 'Friday': '10:0-21:0', 'Saturday': '10:0-21:0', 'Sunday': '11:0-18:0'}"
bzQvlz7oUKFez_XMYmfjtQ,Dream Tea House,11242 104 Avenue NW,Edmonton,AB,T5K 2X4,53.546818,-113.515103,3.0,29,1,"{'WiFi': ""'free'"", 'RestaurantsPriceRange2': '1', 'RestaurantsTakeOut': 'True', 'GoodForKids': 'True', 'NoiseLevel': ""u'average'"", 'Alcohol': ""u'none'"", 'RestaurantsReservations': 'False', 'Caters': 'False', 'RestaurantsGoodForGroups': 'True', 'BusinessParking': ""{'garage': False, 'street': False, 'validated': None, 'lot': True, 'valet': False}"", 'RestaurantsAttire': ""u'casual'"", 'BikeParking': 'True', 'OutdoorSeating': 'False', 'RestaurantsDelivery': 'True', 'Ambience': ""{'touristy': False, 'hipster': False, 'romantic': False, 'intimate': False, 'trendy': False, 'upscale': False, 'classy': False, 'casual': False}"", 'GoodForMeal': ""{'dessert': False, 'latenight': False, 'lunch': True, 'dinner': False, 'brunch': False, 'breakfast': False}"", 'HasTV': 'True', 'RestaurantsTableService': 'False'}","Food, Cafes, Bubble Tea, Restaurants, Coffee & Tea, Tea Rooms, Juice Bars & Smoothies","{'Monday': '12:0-21:0', 'Tuesday': '12:0-21:0', 'Wednesday': '12:0-21:0', 'Thursday': '12:0-21:0', 'Friday': '12:0-21:0', 'Saturday': '12:0-21:0', 'Sunday': '12:0-21:0'}"
rkrnerPoeac_y2rkhshQcg,Yi Fang Taiwan Fruit Tea,1501 N Broad St,Philadelphia,PA,19122,39.9761807835,-75.1581221446,4.5,10,1,"{'DogsAllowed': 'False', 'BusinessParking': ""{u'valet': False, u'garage': False, u'street': False, u'lot': True, u'validated': False}""}","Food, Bubble Tea",
cdasE0rGjlAaIu_dTzPqpw,T-op,111 5th Ave N,Franklin,TN,37064,35.9242871,-86.8721029,4.5,77,1,"{'GoodForKids': 'True', 'RestaurantsPriceRange2': '2', 'WiFi': ""u'free'"", 'DogsAllowed': 'False', 'BusinessAcceptsCreditCards': 'True', 'DriveThru': 'False', 'RestaurantsTakeOut': 'True', 'Caters': 'True', 'BikeParking': 'True', 'BusinessParking': ""{u'valet': False, u'garage': True, u'street': True, u'lot': False, u'validated': False}"", 'WheelchairAccessible': 'True', 'RestaurantsDelivery': 'True'}","Bubble Tea, Poke, Ice Cream & Frozen Yogurt, Food","{'Monday': '11:0-21:0', 'Tuesday': '11:0-21:0', 'Wednesday': '11:0-21:0', 'Thursday': '11:0-21:0', 'Friday': '11:0-21:0', 'Saturday': '11:0-21:0', 'Sunday': '11:0-21:0'}"
xXAWWlpXGlDfgGzy9TTJIw,Mr. Bubbles Cafe,"1441 Canal St, Ste 1",New Orleans,LA,70112,29.9576357,-90.0747862,4.5,63,1,"{'BikeParking': 'True', 'HappyHour': 'False', 'RestaurantsGoodForGroups': 'True', 'RestaurantsTakeOut': 'True', 'BusinessAcceptsCreditCards': 'True', 'WheelchairAccessible': 'True', 'GoodForMeal': ""{'dessert': False, 'latenight': False, 'lunch': True, 'dinner': None, 'brunch': None, 'breakfast': None}"", 'BusinessAcceptsBitcoin': 'False', 'GoodForKids': 'True', 'Ambience': ""{'touristy': False, 'hipster': None, 'romantic': False, 'divey': False, 'intimate': False, 'trendy': True, 'upscale': False, 'classy': False, 'casual': True}"", 'Alcohol': ""u'none'"", 'RestaurantsReservations': 'False', 'RestaurantsPriceRange2': '1', 'OutdoorSeating': 'True', 'RestaurantsTableService': 'False', 'RestaurantsDelivery': 'False', 'HasTV': 'True', 'RestaurantsAttire': ""'casual'"", 'DogsAllowed': 'False', 'BusinessParking': ""{'garage': None, 'street': True, 'validated': False, 'lot': False, 'valet': False}"", 'Caters': 'True', 'NoiseLevel': ""u'average'"", 'WiFi': ""u'free'""}","Vietnamese, Restaurants, Sandwiches, Cafes, Bubble Tea, Food","{'Monday': '0:0-0:0', 'Tuesday': '10:0-16:0', 'Wednesday': '10:0-16:0', 'Thursday': '10:0-16:0', 'Friday': '10:0-16:0'}"
y722Xl3huHSZ_Ksw8q4jgA,808 Island Treats,138 Mariner Blvd,Spring Hill,FL,34608,28.434983,-82.5465144,5.0,9,0,"{'BusinessParking': ""{'garage': False, 'street': False, 'validated': False, 'lot': True, 'valet': False}"", 'OutdoorSeating': 'True', 'HasTV': 'False', 'RestaurantsReservations': 'False', 'Caters': 'True', 'WheelchairAccessible': 'True', 'BYOB': 'True', 'RestaurantsTakeOut': 'True', 'BikeParking': 'False', 'BusinessAcceptsCreditCards': 'True', 'RestaurantsTableService': 'False', 'Alcohol': ""u'none'"", 'RestaurantsDelivery': 'False', 'Corkage': 'False', 'WiFi': ""u'free'"", 'BusinessAcceptsBitcoin': 'False', 'HappyHour': 'False'}","Shaved Ice, Food, Desserts, Hawaiian, Restaurants, Bubble Tea, Food Trucks","{'Monday': '10:0-22:0', 'Tuesday': '10:0-22:0', 'Wednesday': '10:0-22:0', 'Thursday': '10:15-22:0', 'Friday': '10:0-22:0', 'Saturday': '10:0-22:0', 'Sunday': '10:0-22:0'}"
U_Sw9VC6mCyTbUo2mejS0A,Royal Boba,"265 White Bridge Pike, Ste 101",Nashville,TN,37209,36.1431258856,-86.8581593239,4.5,229,0,"{'RestaurantsTakeOut': 'True', 'NoiseLevel': ""u'average'"", 'BusinessAcceptsCreditCards': 'True', 'ByAppointmentOnly': 'False', 'BikeParking': 'False', 'Caters': 'True', 'RestaurantsPriceRange2': '1', 'WheelchairAccessible': 'True', 'BusinessParking': ""{'garage': False, 'street': False, 'validated': False, 'lot': True, 'valet': False}"", 'OutdoorSeating': 'None', 'RestaurantsDelivery': 'True', 'WiFi': ""u'free'"", 'GoodForKids': 'True', 'DogsAllowed': 'False'}","Food, Tea Rooms, Shaved Ice, Bubble Tea, Coffee & Tea, Desserts","{'Monday': '0:0-0:0', 'Tuesday': '10:30-21:0', 'Wednesday': '10:30-21:0', 'Thursday': '10:30-21:0', 'Friday': '10:30-21:0', 'Saturday': '10:30-21:0', 'Sunday': '10:30-21:0'}"
qTGVwZouVL6AbRILdtwSlw,Courthouse Cafe,205 S Sierra St,Reno,NV,89501,39.523558,-119.813315,3.0,15,0,"{'RestaurantsGoodForGroups': 'False', 'Ambience': ""{'romantic': False, 'intimate': False, 'classy': False, 'hipster': False, 'divey': False, 'touristy': False, 'trendy': False, 'upscale': False, 'casual': True}"", 'GoodForMeal': ""{'dessert': False, 'latenight': False, 'lunch': False, 'dinner': False, 'brunch': False, 'breakfast': True}"", 'RestaurantsAttire': ""'casual'"", 'BusinessAcceptsBitcoin': 'False', 'RestaurantsTakeOut': 'True', 'HasTV': 'False', 'DogsAllowed': 'False', 'RestaurantsDelivery': 'False', 'RestaurantsTableService': 'False', 'GoodForKids': 'True', 'RestaurantsReservations': 'False', 'BusinessAcceptsCreditCards': 'True', 'OutdoorSeating': 'False', 'WheelchairAccessible': 'True', 'WiFi': ""u'free'"", 'BusinessParking': ""{'garage': False, 'street': True, 'validated': False, 'lot': False, 'valet': False}"", 'Caters': 'False', 'BikeParking': 'False', 'Alcohol': ""u'none'"", 'NoiseLevel': ""'quiet'"", 'RestaurantsPriceRange2': '1'}","Pizza, Sandwiches, Coffee & Tea, Bubble Tea, Food, Restaurants, Bagels","{'Monday': '7:0-14:0', 'Tuesday': '7:0-14:0', 'Wednesday': '7:0-14:0', 'Thursday': '7:0-14:0', 'Friday': '7:0-14:0', 'Saturday': '9:0-14:0'}"
yx32jmqWOQ2ZB3RsRRfRrA,Mr. Wish USA,320 W Oregon Ave,Philadelphia,PA,19148,39.9127689,-75.1535348,4.5,15,1,"{'RestaurantsTakeOut': 'True', 'RestaurantsDelivery': 'True', 'BusinessParking': ""{u'valet': False, u'garage': None, u'street': True, u'lot': True, u'validated': None}""}","Bubble Tea, Restaurants, Cafes, Food, Coffee & Tea, Juice Bars & Smoothies",
Tt2R4wjIcwEUgD-3SNmT3Q,OR Smoothie and Cafe,6654 Clayton Rd,Richmond Heights,MO,63117,38.633224,-90.316286,4.0,106,1,"{'RestaurantsPriceRange2': '2', 'BusinessParking': ""{'garage': False, 'street': False, 'validated': False, 'lot': True, 'valet': False}"", 'BusinessAcceptsCreditCards': 'True', 'BikeParking': 'True', 'RestaurantsGoodForGroups': 'False', 'RestaurantsAttire': ""u'casual'"", 'Alcohol': ""u'none'"", 'OutdoorSeating': 'False', 'Ambience': ""{'romantic': False, 'intimate': False, 'classy': False, 'hipster': False, 'divey': False, 'touristy': False, 'trendy': False, 'upscale': False, 'casual': True}"", 'RestaurantsReservations': 'False', 'RestaurantsTableService': 'False', 'HasTV': 'False', 'RestaurantsTakeOut': 'True', 'GoodForKids': 'True', 'WheelchairAccessible': 'False', 'NoiseLevel': ""u'average'"", 'WiFi': ""u'free'"", 'GoodForMeal': ""{'dessert': False, 'latenight': False, 'lunch': True, 'dinner': True, 'brunch': False, 'breakfast': False}"", 'RestaurantsDelivery': 'True'}","Restaurants, Food, Vegetarian, Juice Bars & Smoothies, Bubble Tea, Coffee & Tea, Specialty Food, Health Markets","{'Monday': '10:0-19:0', 'Tuesday': '10:0-19:0', 'Wednesday': '10:0-19:0', 'Thursday': '10:0-19:0', 'Friday': '10:0-19:0', 'Saturday': '11:0-18:0'}"
WhcPjw9vy8Ug0KjWEVRWcQ,35 Below,"1155 S Dale Mabry Hwy, Ste 11",Tampa,FL,33629,27.9323820246,-82.5066084496,4.0,106,1,"{'DogsAllowed': 'False', 'GoodForKids': 'True', 'DriveThru': 'False', 'WheelchairAccessible': 'True', 'RestaurantsTakeOut': 'True', 'RestaurantsPriceRange2': '1', 'Caters': 'True', 'BikeParking': 'True', 'WiFi': ""u'free'"", 'BusinessAcceptsCreditCards': 'True', 'NoiseLevel': ""u'quiet'"", 'RestaurantsDelivery': 'True', 'BusinessParking': ""{'garage': False, 'street': False, 'validated': False, 'lot': True, 'valet': False}""}","Coffee & Tea, Food, Bubble Tea, Ice Cream & Frozen Yogurt","{'Monday': '12:0-21:0', 'Tuesday': '12:0-21:0', 'Wednesday': '12:0-21:0', 'Thursday': '12:0-21:0', 'Friday': '12:0-21:0', 'Saturday': '12:0-21:0', 'Sunday': '14:0-20:0'}"
uy9rgIvaIPDLxvyfNxwb_A,Chopstix Bistreaux Asian Cuisine,"1530 Lapalco Blvd, Ste 1",Harvey,LA,70058,29.876434,-90.046441,4.0,52,0,"{'RestaurantsTableService': 'True', 'BusinessAcceptsBitcoin': 'False', 'GoodForKids': 'True', 'Caters': 'True', 'NoiseLevel': ""'quiet'"", 'WheelchairAccessible': 'True', 'RestaurantsReservations': 'True', 'BusinessParking': ""{'garage': False, 'street': False, 'validated': False, 'lot': True, 'valet': False}"", 'Ambience': ""{'romantic': False, 'intimate': False, 'classy': False, 'hipster': False, 'divey': False, 'touristy': False, 'trendy': False, 'upscale': False, 'casual': True}"", 'Alcohol': ""u'beer_and_wine'"", 'WiFi': ""'no'"", 'GoodForMeal': ""{'dessert': False, 'latenight': False, 'lunch': False, 'dinner': False, 'brunch': True, 'breakfast': False}"", 'RestaurantsTakeOut': 'True', 'RestaurantsPriceRange2': '2', 'BusinessAcceptsCreditCards': 'True', 'RestaurantsDelivery': 'False', 'HasTV': 'True', 'BikeParking': 'False', 'RestaurantsGoodForGroups': 'True', 'OutdoorSeating': 'False', 'RestaurantsAttire': ""'casual'""}","Restaurants, Vietnamese, Thai, Food, Bubble Tea","{'Monday': '11:0-21:0', 'Tuesday': '11:0-21:0', 'Wednesday': '11:0-21:0', 'Thursday': '11:0-21:0', 'Friday': '11:0-22:0', 'Saturday': '11:0-22:0', 'Sunday': '10:0-19:0'}"
wdmRWiuUD6oOv9XC3v31Iw,Rosie’s Coffee at Villanova Station,308 N Spring Mill Rd,Villanova,PA,19085,40.038667,-75.343082,4.5,8,1,"{'WiFi': ""u'free'"", 'RestaurantsDelivery': 'False', 'BusinessAcceptsBitcoin': 'False', 'HasTV': 'False', 'BusinessParking': ""{'garage': False, 'street': True, 'validated': False, 'lot': True, 'valet': False}"", 'WheelchairAccessible': 'False', 'Caters': 'True', 'BikeParking': 'True', 'RestaurantsTableService': 'False', 'OutdoorSeating': 'False', 'RestaurantsTakeOut': 'True', 'RestaurantsReservations': 'False', 'DogsAllowed': 'True', 'Ambience': ""{'touristy': False, 'hipster': False, 'romantic': False, 'divey': False, 'intimate': False, 'trendy': False, 'upscale': False, 'classy': False, 'casual': False}"", 'Alcohol': ""u'none'"", 'BusinessAcceptsCreditCards': 'True', 'HappyHour': 'False'}","Bubble Tea, Sandwiches, Restaurants, Acai Bowls, Food, Coffee & Tea, Juice Bars & Smoothies","{'Monday': '0:0-0:0', 'Tuesday': '7:0-11:0', 'Wednesday': '7:0-11:0', 'Thursday': '7:0-11:0', 'Friday': '7:0-11:0'}"
hfexUJul5z52wy3AzWh2kw,Nine Spices Hot Pot,1776 E Lancaster Ave,Paoli,PA,19301,40.0417055,-75.473994,3.5,10,0,"{'RestaurantsDelivery': 'False', 'RestaurantsTableService': 'True', 'OutdoorSeating': 'False', 'HasTV': 'True', 'WiFi': ""u'free'"", 'BYOB': 'True'}","Barbeque, Food, Chinese, Bubble Tea, Restaurants, Hot Pot","{'Monday': '11:0-22:0', 'Tuesday': '11:0-22:0', 'Wednesday': '11:0-22:0', 'Thursday': '11:0-22:0', 'Friday': '11:0-22:0', 'Saturday': '11:0-22:0', 'Sunday': '11:0-22:0'}"
vN8fxTmzCU7omio4yf0hjg,Presotea,1 Kingsway Garden Mall,Edmonton,AB,T5G 3A6,53.5622080717,-113.5055932753,4.5,8,1,"{'RestaurantsTakeOut': 'True', 'BusinessParking': ""{'garage': False, 'street': False, 'validated': False, 'lot': False, 'valet': False}"", 'RestaurantsDelivery': 'True'}","Coffee & Tea, Bubble Tea, Food",
o-UAGRwBITO0e4yOB7nYhw,Viiza,417 Church St,Nashville,TN,37219,36.16327,-86.7796104,4.5,19,0,"{'RestaurantsReservations': 'False', 'RestaurantsGoodForGroups': 'False', 'RestaurantsTakeOut': 'True', 'GoodForKids': 'True', 'RestaurantsPriceRange2': '1', 'OutdoorSeating': 'False', 'RestaurantsDelivery': 'None', 'Ambience': ""{'touristy': False, 'hipster': False, 'romantic': False, 'divey': False, 'intimate': False, 'trendy': False, 'upscale': False, 'classy': False, 'casual': False}"", 'GoodForMeal': ""{'dessert': False, 'latenight': False, 'lunch': False, 'dinner': False, 'brunch': False, 'breakfast': False}"", 'HasTV': 'True', 'Alcohol': ""u'none'"", 'BusinessAcceptsCreditCards': 'True', 'BusinessParking': ""{'garage': False, 'street': False, 'validated': False, 'lot': False, 'valet': False}""}","Bubble Tea, Pizza, Restaurants, Salad, Food","{'Monday': '0:0-0:0', 'Tuesday': '11:30-19:0', 'Thursday': '11:30-19:0', 'Friday': '11:30-23:30', 'Saturday': '15:0-23:30'}"
xRbgH1yBAo6_NWBUlYtYEw,My Tea,10728C 82 Avenue NW,Edmonton,AB,T6E 6P5,53.5183380484,-113.5072170943,4.5,12,1,"{'WheelchairAccessible': 'True', 'RestaurantsTakeOut': 'True', 'RestaurantsDelivery': 'True', 'WiFi': ""'free'"", 'RestaurantsPriceRange2': '1', 'BusinessParking': ""{'garage': False, 'street': True, 'validated': False, 'lot': False, 'valet': False}"", 'Caters': 'False', 'OutdoorSeating': 'False', 'DogsAllowed': 'False', 'BikeParking': 'True'}","Specialty Food, Coffee & Tea, Food, Bubble Tea, Desserts, Juice Bars & Smoothies","{'Monday': '12:0-17:30', 'Tuesday': '11:0-17:0', 'Wednesday': '12:0-21:0', 'Thursday': '11:0-18:0', 'Friday': '12:0-19:45', 'Saturday': '12:0-17:0', 'Sunday': '12:0-22:0'}"
3FelB_85LZ_jbIWfEZl1GA,Saigon Basil,151 Adams Ln,Mount Juliet,TN,37122,36.1696828218,-86.5174392611,4.5,85,1,"{'BusinessParking': ""{'garage': False, 'street': False, 'validated': False, 'lot': False, 'valet': False}"", 'WiFi': ""u'free'"", 'Alcohol': ""u'none'"", 'RestaurantsReservations': 'True', 'WheelchairAccessible': 'True', 'HasTV': 'True', 'RestaurantsPriceRange2': '2', 'DogsAllowed': 'False', 'BusinessAcceptsCreditCards': 'True', 'GoodForKids': 'True', 'RestaurantsTakeOut': 'True', 'RestaurantsTableService': 'True', 'GoodForMeal': ""{'dessert': False, 'latenight': False, 'lunch': False, 'dinner': False, 'brunch': False, 'breakfast': False}"", 'RestaurantsAttire': ""u'casual'"", 'BYOB': 'False', 'OutdoorSeating': 'False', 'Ambience': ""{u'divey': False, u'hipster': False, u'casual': True, u'touristy': False, u'trendy': None, u'intimate': None, u'romantic': None, u'classy': None, u'upscale': False}"", 'RestaurantsDelivery': 'True', 'Corkage': 'False'}","Restaurants, Vietnamese, Thai, Bubble Tea, Chinese, Food","{'Monday': '0:0-0:0', 'Tuesday': '16:30-21:0', 'Wednesday': '16:30-21:0', 'Thursday': '16:30-21:0', 'Friday': '16:30-21:0', 'Saturday': '11:0-21:0'}"
JQz2Zybnodhpl6_zHZc1ew,Simply Thai & Sushi,"3418 Old Hickory Blvd, Ste A2",Old Hickory,TN,37138,36.242061,-86.63372,4.0,141,1,"{'GoodForKids': 'True', 'RestaurantsReservations': 'True', 'BusinessAcceptsCreditCards': 'True', 'RestaurantsPriceRange2': '1', 'BikeParking': 'True', 'RestaurantsAttire': ""u'casual'"", 'RestaurantsTakeOut': 'True', 'RestaurantsGoodForGroups': 'True', 'NoiseLevel': ""'average'"", 'Alcohol': ""u'beer_and_wine'"", 'Ambience': ""{'romantic': False, 'intimate': False, 'touristy': False, 'hipster': False, 'divey': False, 'classy': False, 'trendy': False, 'upscale': False, 'casual': True}"", 'WiFi': ""u'free'"", 'GoodForMeal': ""{'dessert': False, 'latenight': False, 'lunch': True, 'dinner': True, 'brunch': False, 'breakfast': False}"", 'BusinessParking': ""{'garage': False, 'street': False, 'validated': False, 'lot': True, 'valet': False}"", 'HasTV': 'True', 'WheelchairAccessible': 'True', 'BusinessAcceptsBitcoin': 'False', 'RestaurantsDelivery': 'True', 'DogsAllowed': 'False', 'DriveThru': 'False', 'Caters': 'True', 'Corkage': 'False', 'BYOB': 'False', 'HappyHour': 'True', 'OutdoorSeating': 'True', 'RestaurantsTableService': 'True'}","Restaurants, Vegetarian, Sushi Bars, Gluten-Free, Thai, Bubble Tea, Food","{'Monday': '0:0-0:0', 'Tuesday': '11:0-21:0', 'Wednesday': '11:0-21:0', 'Thursday': '11:0-21:0', 'Friday': '11:0-21:0', 'Saturday': '11:0-21:0', 'Sunday': '11:0-21:0'}"
5sHDBrohbkKsdL_wutIt8g,Yo Yo Ice Cream,37 Forum Shopping Ctr,Chesterfield,MO,63017,38.6807679,-90.4999596,4.5,30,0,"{'GoodForKids': 'True', 'WiFi': ""u'free'"", 'WheelchairAccessible': 'True', 'BusinessParking': ""{'garage': False, 'street': False, 'validated': False, 'lot': False, 'valet': False}"", 'RestaurantsPriceRange2': '2', 'BikeParking': 'True', 'RestaurantsTakeOut': 'True', 'DogsAllowed': 'False', 'Caters': 'True', 'BusinessAcceptsCreditCards': 'True', 'RestaurantsReservations': 'True'}","Bubble Tea, Desserts, Food, Juice Bars & Smoothies, Ice Cream & Frozen Yogurt",{'Monday': '16:30-21:30'}
C8qLAGhE2UP3NgdShFuOPg,Tiger Sugar,122 North 10th St,Philadelphia,PA,19107,39.9542282,-75.1562308,4.0,90,1,"{'BusinessAcceptsCreditCards': 'True', 'RestaurantsTakeOut': 'True', 'WiFi': ""u'free'"", 'Caters': 'False', 'BusinessParking': ""{u'valet': False, u'garage': None, u'street': True, u'lot': False, u'validated': False}"", 'RestaurantsDelivery': 'False', 'OutdoorSeating': 'False'}","Desserts, Coffee & Tea, Food, Restaurants, Bubble Tea, Cafes","{'Monday': '11:0-22:0', 'Tuesday': '11:0-22:0', 'Wednesday': '11:0-22:0', 'Thursday': '11:0-22:0', 'Friday': '11:0-23:0', 'Saturday': '11:0-23:0', 'Sunday': '11:0-22:0'}"
nfKBOWF9qE6eb3zmgJeCSA,Banhdicted,"1980 W Orange Grove Rd, Ste 180",Tucson,AZ,85704,32.324198,-111.009808,4.5,162,1,"{'DogsAllowed': 'True', 'HappyHour': 'False', 'OutdoorSeating': 'True', 'RestaurantsReservations': 'False', 'RestaurantsPriceRange2': '1', 'RestaurantsTakeOut': 'True', 'Caters': 'True', 'RestaurantsDelivery': 'True', 'BusinessAcceptsBitcoin': 'False', 'BusinessAcceptsCreditCards': 'True', 'BusinessParking': ""{'garage': False, 'street': False, 'validated': False, 'lot': True, 'valet': False}"", 'BikeParking': 'True', 'BYOB': 'True', 'HasTV': 'False', 'RestaurantsTableService': 'False', 'WheelchairAccessible': 'True', 'Corkage': 'False', 'WiFi': ""u'free'"", 'Alcohol': ""u'none'""}","Vietnamese, Bubble Tea, Restaurants, Sandwiches, Food, Juice Bars & Smoothies","{'Monday': '0:0-0:0', 'Tuesday': '8:0-20:0', 'Wednesday': '8:0-20:0', 'Thursday': '8:0-20:0', 'Friday': '8:0-20:0', 'Saturday': '8:0-20:0', 'Sunday': '8:30-19:0'}"
9rdEIoILba8wSZcrTLFzNA,Vegan Tree,742 S St,Philadelphia,PA,19147,39.942220999999996,-75.1552346,4.0,195,0,"{'BikeParking': 'True', 'RestaurantsGoodForGroups': 'True', 'RestaurantsAttire': ""u'casual'"", 'OutdoorSeating': 'False', 'Caters': 'False', 'GoodForKids': 'True', 'BusinessAcceptsCreditCards': 'True', 'RestaurantsPriceRange2': '1', 'Ambience': ""{'romantic': False, 'intimate': False, 'touristy': False, 'hipster': False, 'divey': False, 'classy': False, 'trendy': False, 'upscale': False, 'casual': True}"", 'Alcohol': ""u'none'"", 'BusinessParking': ""{'garage': False, 'street': True, 'validated': False, 'lot': False, 'valet': False}"", 'RestaurantsTakeOut': 'True', 'NoiseLevel': ""u'quiet'"", 'GoodForMeal': ""{'dessert': False, 'latenight': False, 'lunch': True, 'dinner': False, 'brunch': False, 'breakfast': False}"", 'RestaurantsReservations': 'False', 'RestaurantsDelivery': 'True', 'HasTV': 'True', 'WiFi': ""u'free'""}","Bakeries, Bubble Tea, Food, Vegan, Restaurants","{'Monday': '11:0-21:0', 'Wednesday': '11:0-21:0', 'Thursday': '11:0-21:0', 'Friday': '11:0-22:0', 'Saturday': '11:0-22:0', 'Sunday': '14:0-21:0'}"
sL5Rmq0WB3MWOeLlav8bBA,Moonlight Teahouse,6129 Park Blvd,Pinellas Park,FL,33781,27.839555999999998,-82.719056,4.0,70,0,"{'HasTV': 'True', 'RestaurantsDelivery': 'False', 'BusinessAcceptsCreditCards': 'True', 'RestaurantsGoodForGroups': 'True', 'RestaurantsReservations': 'False', 'WheelchairAccessible': 'True', 'GoodForMeal': ""{'dessert': False, 'latenight': False, 'lunch': True, 'dinner': False, 'brunch': False, 'breakfast': False}"", 'RestaurantsTakeOut': 'True', 'Alcohol': ""'none'"", 'WiFi': ""'free'"", 'Ambience': ""{'touristy': False, 'hipster': True, 'romantic': True, 'divey': True, 'intimate': False, 'trendy': True, 'upscale': False, 'classy': False, 'casual': True}"", 'RestaurantsPriceRange2': '1', 'OutdoorSeating': 'False', 'GoodForKids': 'True', 'BusinessParking': ""{'garage': False, 'street': False, 'validated': None, 'lot': True, 'valet': False}"", 'Caters': 'False'}","Vietnamese, Cafeteria, Restaurants, Sandwiches, Bubble Tea, Food","{'Monday': '11:0-18:0', 'Tuesday': '11:0-20:0', 'Thursday': '11:0-20:0', 'Friday': '11:0-21:0', 'Saturday': '10:0-21:0', 'Sunday': '10:0-21:0'}"
X0Im1qI1i-IapFbcsxjDXQ,Yokozuna Teriyaki,276 N 8th St,Boise,ID,83702,43.616899,-116.2022322,3.5,11,0,"{'BikeParking': 'True', 'Caters': 'True', 'NoiseLevel': ""u'quiet'"", 'RestaurantsDelivery': 'True', 'OutdoorSeating': 'True', 'RestaurantsReservations': 'False', 'RestaurantsGoodForGroups': 'True', 'Alcohol': ""'none'"", 'WiFi': ""'free'"", 'HasTV': 'False', 'BusinessAcceptsCreditCards': 'True', 'RestaurantsAttire': ""'casual'"", 'BusinessParking': ""{'garage': True, 'street': False, 'validated': False, 'lot': False, 'valet': False}"", 'RestaurantsTakeOut': 'True', 'Ambience': ""{'romantic': False, 'intimate': False, 'classy': False, 'hipster': False, 'divey': False, 'touristy': False, 'trendy': False, 'upscale': False, 'casual': True}"", 'RestaurantsPriceRange2': '1', 'GoodForKids': 'True'}","Japanese, Food, Bubble Tea, Restaurants",
ZqBwsiBlMqiMTSjlXAenMA,Banh Mi Square,320 W Oregon Ave,Philadelphia,PA,19148,39.9127689,-75.1535348,3.5,22,1,"{'OutdoorSeating': 'False', 'Caters': 'True', 'GoodForKids': 'True', 'RestaurantsPriceRange2': '1', 'BusinessAcceptsCreditCards': 'True', 'RestaurantsTakeOut': 'True', 'WiFi': ""u'free'"", 'RestaurantsDelivery': 'False', 'NoiseLevel': ""u'average'"", 'RestaurantsTableService': 'True', 'BikeParking': 'True', 'HasTV': 'True', 'RestaurantsAttire': ""'casual'"", 'BusinessParking': ""{'garage': False, 'street': False, 'validated': False, 'lot': False, 'valet': False}"", 'RestaurantsReservations': 'False', 'RestaurantsGoodForGroups': 'True', 'Ambience': ""{'romantic': False, 'intimate': False, 'classy': False, 'hipster': False, 'divey': False, 'touristy': False, 'trendy': False, 'upscale': False, 'casual': False}"", 'GoodForMeal': ""{'dessert': False, 'latenight': False, 'lunch': False, 'dinner': False, 'brunch': False, 'breakfast': False}""}","Food, Vietnamese, Bubble Tea, Juice Bars & Smoothies, Restaurants, Bakeries, Cafes","{'Monday': '8:0-20:0', 'Tuesday': '8:0-20:0', 'Wednesday': '8:0-20:0', 'Thursday': '8:0-20:0', 'Friday': '8:0-20:0', 'Saturday': '8:0-20:0', 'Sunday': '8:0-20:0'}"
CoWXE9RoL2vuZBjuKque8Q,Lucky's Boba Tea,7455 W Twin Peaks Rd,Tucson,AZ,85743,32.3740941,-111.1245289,4.5,56,1,"{'RestaurantsPriceRange2': '1', 'RestaurantsTakeOut': 'True', 'Caters': 'False', 'BusinessParking': ""{'garage': False, 'street': True, 'validated': False, 'lot': True, 'valet': False}"", 'GoodForKids': 'True', 'BikeParking': 'True', 'RestaurantsDelivery': 'False', 'BusinessAcceptsCreditCards': 'True', 'WheelchairAccessible': 'False'}","Food, Bubble Tea","{'Monday': '11:0-20:30', 'Tuesday': '11:0-20:30', 'Wednesday': '11:0-20:30', 'Thursday': '11:0-20:30', 'Friday': '11:0-20:30', 'Saturday': '11:0-20:30', 'Sunday': '11:0-20:30'}"
y_H1AXgaFWV1EsetArescA,Chi Ken,938 Race St,Philadelphia,PA,19107,39.9553258698,-75.1554692182,3.5,64,0,"{'GoodForMeal': ""{'dessert': False, 'latenight': False, 'lunch': True, 'dinner': False, 'brunch': False, 'breakfast': False}"", 'RestaurantsPriceRange2': '1', 'GoodForKids': 'True', 'BusinessParking': ""{'garage': False, 'street': False, 'validated': False, 'lot': False, 'valet': False}"", 'OutdoorSeating': 'False', 'DriveThru': 'False', 'Ambience': ""{'touristy': False, 'hipster': False, 'romantic': False, 'divey': False, 'intimate': False, 'trendy': True, 'upscale': False, 'classy': False, 'casual': True}"", 'BikeParking': 'True', 'RestaurantsGoodForGroups': 'True', 'RestaurantsReservations': 'False', 'WiFi': ""'free'"", 'BusinessAcceptsCreditCards': 'True', 'HasTV': 'False', 'RestaurantsTakeOut': 'True', 'Alcohol': ""'none'"", 'RestaurantsDelivery': 'False', 'RestaurantsAttire': ""'casual'""}","Asian Fusion, Taiwanese, Restaurants, Chicken Shop, Food, Bubble Tea, Fast Food","{'Monday': '11:0-23:0', 'Tuesday': '11:0-23:0', 'Wednesday': '11:0-23:0', 'Thursday': '11:0-23:0', 'Friday': '11:0-0:0', 'Saturday': '11:0-0:0', 'Sunday': '11:0-23:0'}"
AyNT2MfX_PhUGF4QA5U5OA,Yummy Bakery & Bubble Tea Shop,8041 Olive Blvd,St. Louis,MO,63130,38.6732237376,-90.3440690009,2.5,7,0,,"Bakeries, Bubble Tea, Food","{'Monday': '9:0-18:0', 'Wednesday': '9:0-18:0', 'Thursday': '9:0-18:0', 'Friday': '9:0-18:0', 'Saturday': '9:0-19:30', 'Sunday': '9:0-19:30'}"
gr6vxay8koUGMqGLp-PdIg,Magic Sweets,"1301 Hickory Ave, Ste D",Harahan,LA,70123,29.9565851,-90.2026066,4.5,8,1,,"Food, Bubble Tea, Shaved Ice, Desserts","{'Tuesday': '10:30-19:0', 'Wednesday': '10:30-19:0', 'Thursday': '10:30-19:0', 'Friday': '10:30-20:0', 'Saturday': '10:30-20:0'}"
y97gxo7_RJgJ6NwdmRW_kQ,Boba Tea Company,"4500 N Oracle Rd, Tucson Mall",Tucson,AZ,85705,32.288651,-110.973335,2.5,28,1,"{'DogsAllowed': 'False', 'BikeParking': 'True', 'WheelchairAccessible': 'False', 'BusinessAcceptsCreditCards': 'True', 'RestaurantsTakeOut': 'True', 'BusinessAcceptsBitcoin': 'False', 'BusinessParking': ""{'garage': True, 'street': False, 'validated': False, 'lot': False, 'valet': False}"", 'Caters': 'False'}","Food, Bubble Tea","{'Monday': '10:0-21:0', 'Tuesday': '10:0-21:0', 'Wednesday': '10:0-21:0', 'Thursday': '10:0-21:0', 'Friday': '10:0-21:0', 'Saturday': '10:0-21:0', 'Sunday': '12:0-18:0'}"
ZY5L2t9f3uoPh9zosE4OPQ,Mr. Wish,1426 Cecil B Moore Ave,Philadelphia,PA,19121,39.978707,-75.1592124,3.0,13,0,"{'WiFi': ""u'free'"", 'DogsAllowed': 'False', 'Caters': 'False', 'WheelchairAccessible': 'True', 'BikeParking': 'False', 'BusinessParking': ""{'garage': False, 'street': True, 'validated': False, 'lot': False, 'valet': False}"", 'RestaurantsDelivery': 'None', 'RestaurantsTakeOut': 'True', 'BusinessAcceptsCreditCards': 'True', 'BusinessAcceptsBitcoin': 'False'}","Bubble Tea, Food, Juice Bars & Smoothies",{'Monday': '0:0-0:0'}
4OXWn2ytzaq4eTpJy4VvJA,Frosty's Caffe,"3400 Cleary Ave, Ste A",Metairie,LA,70002,30.0053955,-90.1729288,4.0,137,1,"{'RestaurantsAttire': ""'casual'"", 'BusinessAcceptsCreditCards': 'True', 'RestaurantsPriceRange2': '1', 'BikeParking': 'True', 'RestaurantsReservations': 'False', 'Alcohol': ""u'none'"", 'RestaurantsDelivery': 'False', 'BusinessParking': ""{'garage': False, 'street': False, 'validated': False, 'lot': True, 'valet': False}"", 'HasTV': 'True', 'RestaurantsTakeOut': 'True', 'GoodForKids': 'True', 'RestaurantsGoodForGroups': 'True', 'NoiseLevel': ""u'average'"", 'Ambience': ""{'romantic': False, 'intimate': False, 'touristy': False, 'hipster': False, 'divey': False, 'classy': False, 'trendy': False, 'upscale': False, 'casual': True}"", 'RestaurantsTableService': 'True', 'GoodForMeal': ""{'dessert': False, 'latenight': False, 'lunch': True, 'dinner': False, 'brunch': False, 'breakfast': False}"", 'Caters': 'False', 'WiFi': ""u'no'"", 'OutdoorSeating': 'True', 'DogsAllowed': 'False'}","Food, Asian Fusion, Coffee & Tea, Restaurants, Desserts, Bubble Tea, Vietnamese","{'Monday': '11:0-20:0', 'Wednesday': '11:0-20:0', 'Thursday': '11:0-20:0', 'Friday': '11:0-20:0', 'Saturday': '11:0-20:0', 'Sunday': '12:0-20:0'}"
pO1ww3-VXh20gAfSd0zE5g,Asian Harbor 8,878 N US 31,Greenwood,IN,46142,39.629266,-86.123611,4.0,13,0,"{'Caters': 'False', 'DogsAllowed': 'False', 'RestaurantsTableService': 'True', 'BusinessAcceptsCreditCards': 'True', 'WiFi': ""u'no'"", 'OutdoorSeating': 'False', 'HasTV': 'True', 'WheelchairAccessible': 'True', 'RestaurantsTakeOut': 'True', 'BusinessParking': ""{'garage': False, 'street': False, 'validated': False, 'lot': True, 'valet': False}"", 'BikeParking': 'True', 'RestaurantsDelivery': 'True', 'Alcohol': ""u'beer_and_wine'"", 'RestaurantsReservations': 'True', 'BusinessAcceptsBitcoin': 'False'}","Food, Restaurants, Asian Fusion, Chinese, Bubble Tea","{'Tuesday': '11:0-21:30', 'Wednesday': '11:0-21:30', 'Thursday': '11:0-21:30', 'Friday': '11:0-22:30', 'Saturday': '11:0-22:30', 'Sunday': '11:0-22:30'}"
Wl0NHi-9yIbBElYEvpTEHQ,Roll It Ice Cream,"13819 Walsingham Rd, Ste E",Largo,FL,33774,27.8816805,-82.8305749,4.5,26,0,"{'BusinessAcceptsBitcoin': 'False', 'RestaurantsTakeOut': 'True', 'DogsAllowed': 'True', 'OutdoorSeating': 'True', 'Ambience': ""{'touristy': False, 'hipster': False, 'romantic': False, 'divey': False, 'intimate': False, 'trendy': False, 'upscale': False, 'classy': False, 'casual': False}"", 'BikeParking': 'True', 'HasTV': 'True', 'RestaurantsPriceRange2': '2', 'RestaurantsTableService': 'True', 'ByAppointmentOnly': 'False', 'RestaurantsReservations': 'True', 'Alcohol': ""u'none'"", 'HappyHour': 'False', 'WiFi': ""u'free'"", 'Caters': 'False', 'BusinessParking': ""{'garage': False, 'street': True, 'validated': False, 'lot': True, 'valet': False}"", 'BusinessAcceptsCreditCards': 'True', 'WheelchairAccessible': 'True', 'RestaurantsDelivery': 'None'}","Ice Cream & Frozen Yogurt, Coffee & Tea, Restaurants, Chicken Wings, Food, Juice Bars & Smoothies, Sandwiches, Bubble Tea, Desserts","{'Monday': '0:0-0:0', 'Tuesday': '13:0-17:0'}"
X39ZFJRX_fIFpNJn4j9VUg,Tsaocaa,18 N High St,West Chester,PA,19380,39.9602297,-75.6051927,4.5,12,1,"{'RestaurantsDelivery': 'True', 'RestaurantsTakeOut': 'True'}","Desserts, Bubble Tea, Food, Juice Bars & Smoothies","{'Monday': '12:0-20:0', 'Tuesday': '12:0-20:0', 'Wednesday': '12:0-20:0', 'Thursday': '12:0-20:0', 'Friday': '12:0-18:0', 'Saturday': '12:0-17:0', 'Sunday': '12:0-17:0'}"
sdK9vpfsqtQ2UHx8gTAWzA,Gong Cha,"4025 W Waters Ave, Ste 105",Tampa,FL,33614,28.0258984818,-82.5115299225,4.0,31,1,"{'BusinessParking': ""{u'valet': False, u'garage': None, u'street': False, u'lot': None, u'validated': False}"", 'WiFi': ""u'free'""}","Food, Bubble Tea, Juice Bars & Smoothies, Coffee & Tea",
TvZXS5m7XnjnfRhiXxmLdA,Quickly Boba Tea,218 Oakfield Dr,Brandon,FL,33511,27.9342139919,-82.2879388294,4.0,78,1,"{'BikeParking': 'True', 'BusinessAcceptsCreditCards': 'True', 'RestaurantsTakeOut': 'True', 'WiFi': ""'free'"", 'Caters': 'True', 'RestaurantsPriceRange2': '1', 'OutdoorSeating': 'False', 'BusinessParking': ""{u'valet': False, u'garage': False, u'street': None, u'lot': True, u'validated': False}"", 'RestaurantsDelivery': 'None'}","Food, Bubble Tea, Coffee & Tea","{'Monday': '0:0-0:0', 'Tuesday': '11:0-20:0', 'Thursday': '11:0-20:0', 'Friday': '11:0-20:0', 'Saturday': '11:0-20:0', 'Sunday': '12:0-20:0'}"
up5Czl7yXI1LpZ_6Ys2Ahw,Pho Le Lai,2844 St Vincent St,Philadelphia,PA,19149,40.041604,-75.0543384,4.0,120,1,"{'GoodForKids': 'True', 'BusinessAcceptsCreditCards': 'True', 'BikeParking': 'True', 'RestaurantsAttire': ""u'casual'"", 'BusinessParking': ""{'garage': False, 'street': True, 'validated': False, 'lot': True, 'valet': False}"", 'RestaurantsDelivery': 'True', 'RestaurantsPriceRange2': '1', 'RestaurantsGoodForGroups': 'True', 'Ambience': ""{'romantic': False, 'intimate': False, 'classy': False, 'hipster': False, 'divey': False, 'touristy': False, 'trendy': False, 'upscale': False, 'casual': True}"", 'Alcohol': ""u'none'"", 'HasTV': 'True', 'RestaurantsReservations': 'True', 'RestaurantsTakeOut': 'True', 'WiFi': ""u'no'"", 'WheelchairAccessible': 'True', 'OutdoorSeating': 'False', 'NoiseLevel': ""u'average'"", 'Caters': 'True', 'RestaurantsTableService': 'True', 'GoodForMeal': ""{'dessert': False, 'latenight': False, 'lunch': True, 'dinner': True, 'brunch': False, 'breakfast': False}""}","Chinese, Food, Restaurants, Bubble Tea, Vietnamese","{'Monday': '10:0-17:30', 'Tuesday': '10:0-21:0', 'Wednesday': '10:0-21:0', 'Thursday': '10:0-21:0', 'Friday': '10:0-21:0', 'Saturday': '10:0-21:0', 'Sunday': '10:0-21:0'}"
W73MZDetxHWJ3pkq36OpEA,Masterp1ece,1340 S Carrollton,New Orleans,LA,70118,29.94878,-90.12844,4.0,70,0,"{'RestaurantsReservations': 'True', 'HasTV': 'True', 'RestaurantsDelivery': 'True', 'WheelchairAccessible': 'False', 'HappyHour': 'True', 'WiFi': ""u'free'"", 'GoodForKids': 'True', 'RestaurantsGoodForGroups': 'True', 'RestaurantsPriceRange2': '2', 'RestaurantsTableService': 'True', 'NoiseLevel': ""'average'"", 'GoodForMeal': ""{'dessert': False, 'latenight': False, 'lunch': False, 'dinner': True, 'brunch': False, 'breakfast': False}"", 'ByAppointmentOnly': 'False', 'BusinessAcceptsCreditCards': 'True', 'Alcohol': ""u'full_bar'"", 'RestaurantsTakeOut': 'True', 'Caters': 'True', 'BusinessParking': ""{'garage': False, 'street': True, 'validated': False, 'lot': True, 'valet': False}"", 'BikeParking': 'True', 'RestaurantsAttire': ""'casual'"", 'Ambience': ""{'touristy': False, 'hipster': False, 'romantic': False, 'divey': False, 'intimate': False, 'trendy': False, 'upscale': False, 'classy': False, 'casual': True}"", 'OutdoorSeating': 'False', 'DogsAllowed': 'False'}","Ramen, Asian Fusion, Bubble Tea, Restaurants, Food, Japanese, Sushi Bars, Karaoke, Nightlife, Bars",
k6d6ddQ8NAscke0_dVrgaA,Rubie's Smoothie,715 Christiana Mall,Newark,DE,19702,39.678615,-75.65315,2.5,12,1,"{'BusinessAcceptsCreditCards': 'True', 'RestaurantsPriceRange2': '1', 'WiFi': ""'no'"", 'BusinessParking': ""{'garage': False, 'street': False, 'validated': False, 'lot': False, 'valet': False}""}","Bubble Tea, Food, Juice Bars & Smoothies",
Lt_RJu8LN4P-YR07v45YKg,H2O by Got-Tea,6529 Park Blvd N,Pinellas Park,FL,33781,27.839440162,-82.7268559858,4.5,43,1,"{'BusinessParking': ""{u'valet': False, u'garage': None, u'street': True, u'lot': None, u'validated': None}""}","Bubble Tea, Shaved Ice, Food, Coffee & Tea","{'Monday': '12:0-21:0', 'Tuesday': '12:0-21:0', 'Wednesday': '12:0-21:0', 'Thursday': '12:0-21:0', 'Friday': '12:0-21:0', 'Saturday': '12:0-21:0', 'Sunday': '12:0-21:0'}"
38gOYYqd3QQEBL-cmd0J4g,Quickly Callingwood,6719 177 Street NW,Edmonton,AB,T5T 4K3,53.502553,-113.625441,4.0,13,1,"{'Ambience': ""{'touristy': False, 'hipster': False, 'romantic': False, 'intimate': False, 'trendy': False, 'upscale': False, 'classy': False, 'casual': False}"", 'GoodForKids': 'True', 'GoodForMeal': ""{'dessert': False, 'latenight': False, 'lunch': False, 'dinner': False, 'brunch': False, 'breakfast': False}"", 'RestaurantsDelivery': 'True', 'HasTV': 'True', 'BusinessParking': ""{'garage': False, 'street': False, 'validated': False, 'lot': True, 'valet': False}"", 'RestaurantsTakeOut': 'True'}","Chicken Wings, Restaurants, Bubble Tea, Asian Fusion, Filipino, Food","{'Monday': '11:0-21:0', 'Tuesday': '11:0-21:0', 'Wednesday': '11:0-21:0', 'Thursday': '11:0-21:0', 'Friday': '11:0-21:0', 'Saturday': '12:0-21:0', 'Sunday': '10:0-15:0'}"
q0DRuEAxE5i57xNSTrDP4Q,Naan Stop,966 Embarcadero Del Mar,Isla Vista,CA,93117,34.4116480421,-119.8569087178,3.5,323,1,"{'RestaurantsReservations': 'False', 'Ambience': ""{'romantic': False, 'intimate': False, 'touristy': False, 'hipster': False, 'divey': False, 'classy': False, 'trendy': False, 'upscale': False, 'casual': True}"", 'RestaurantsTakeOut': 'True', 'BusinessAcceptsCreditCards': 'True', 'RestaurantsGoodForGroups': 'True', 'RestaurantsAttire': ""'casual'"", 'Corkage': 'False', 'RestaurantsPriceRange2': '1', 'BYOBCorkage': ""'yes_free'"", 'Alcohol': ""'none'"", 'BikeParking': 'True', 'BusinessParking': ""{'garage': False, 'street': None, 'validated': False, 'lot': None, 'valet': False}"", 'WiFi': ""'free'"", 'NoiseLevel': ""u'average'"", 'OutdoorSeating': 'True', 'HasTV': 'True', 'Caters': 'False', 'GoodForMeal': ""{'dessert': False, 'latenight': False, 'lunch': True, 'dinner': True, 'brunch': False, 'breakfast': False}"", 'GoodForKids': 'True', 'RestaurantsDelivery': 'True'}","Indian, Food, Restaurants, Bubble Tea, Pakistani, Fast Food","{'Monday': '11:0-23:0', 'Tuesday': '11:0-23:0', 'Wednesday': '11:0-23:0', 'Thursday': '11:0-23:0', 'Friday': '11:0-23:0', 'Saturday': '11:0-23:0', 'Sunday': '11:0-23:0'}"
jGIRx6Ium6U69owDUB4phQ,Tu's Tea & Banh Mi South Philly,525 Washington Ave,Philadelphia,PA,19147,39.935158,-75.153184,4.0,71,0,"{'Ambience': ""{'touristy': False, 'hipster': False, 'romantic': False, 'divey': False, 'intimate': False, 'trendy': False, 'upscale': False, 'classy': True, 'casual': True}"", 'WheelchairAccessible': 'True', 'HasTV': 'False', 'RestaurantsTakeOut': 'True', 'Alcohol': ""'none'"", 'BikeParking': 'True', 'RestaurantsAttire': ""'casual'"", 'NoiseLevel': ""u'average'"", 'GoodForMeal': ""{'dessert': False, 'latenight': False, 'lunch': True, 'dinner': False, 'brunch': False, 'breakfast': False}"", 'WiFi': ""'free'"", 'BusinessParking': ""{'garage': False, 'street': False, 'validated': False, 'lot': False, 'valet': False}"", 'RestaurantsDelivery': 'True', 'RestaurantsPriceRange2': '1', 'Caters': 'True', 'GoodForKids': 'True', 'RestaurantsGoodForGroups': 'False', 'OutdoorSeating': 'False', 'BusinessAcceptsCreditCards': 'True', 'RestaurantsTableService': 'True', 'RestaurantsReservations': 'False'}","Restaurants, Bubble Tea, Bakeries, Food, Noodles, Sandwiches, Vietnamese","{'Monday': '8:0-19:0', 'Tuesday': '8:0-19:0', 'Wednesday': '8:0-19:0', 'Thursday': '8:0-19:0', 'Friday': '8:0-19:0', 'Saturday': '8:0-19:0', 'Sunday': '8:0-19:0'}"
E5On_cCrQ6l2q_AGdyp6gQ,Frozen Boba,125 Route 73 S,Evesham Township,NJ,08053,39.8911,-74.92809,4.0,21,1,"{'RestaurantsTakeOut': 'True', 'BikeParking': 'True', 'WheelchairAccessible': 'True', 'BusinessParking': ""{'garage': False, 'street': None, 'validated': None, 'lot': None, 'valet': False}"", 'Caters': 'True', 'WiFi': ""u'free'"", 'RestaurantsDelivery': 'None', 'BusinessAcceptsCreditCards': 'True'}","Ice Cream & Frozen Yogurt, Food, Bubble Tea","{'Monday': '11:30-21:0', 'Tuesday': '11:30-21:0', 'Wednesday': '11:30-21:0', 'Thursday': '11:30-21:0', 'Friday': '11:30-22:0', 'Saturday': '11:30-22:0', 'Sunday': '11:30-21:0'}"
jfvNWChH6Q7qynCG8bWRPw,Yin Yang Tea,83 Van Buren St,Nashville,TN,37208,36.1817433,-86.7850664,4.5,67,1,"{'WheelchairAccessible': 'True', 'BikeParking': 'False', 'RestaurantsPriceRange2': '1', 'RestaurantsTakeOut': 'True', 'RestaurantsDelivery': 'False', 'Caters': 'True', 'BusinessAcceptsCreditCards': 'True', 'DogsAllowed': 'False', 'BusinessParking': ""{'garage': False, 'street': True, 'validated': False, 'lot': True, 'valet': False}"", 'BusinessAcceptsBitcoin': 'False'}","Bubble Tea, Food","{'Monday': '0:0-0:0', 'Tuesday': '12:0-21:0', 'Wednesday': '12:0-21:0', 'Thursday': '12:0-21:0', 'Friday': '12:0-18:0', 'Saturday': '12:0-21:0', 'Sunday': '12:0-21:0'}"
Usj0t1Ts3zoTBnjhi-WA3A,Miss Saigon,47 N 6th Ave,Tucson,AZ,85701,32.2228063545,-110.9686430544,4.0,193,1,"{'Music': ""{'dj': False}"", 'RestaurantsReservations': 'True', 'RestaurantsTakeOut': 'True', 'NoiseLevel': ""u'average'"", 'CoatCheck': 'False', 'BusinessAcceptsCreditCards': 'True', 'RestaurantsTableService': 'True', 'HasTV': 'True', 'Smoking': ""u'no'"", 'GoodForMeal': ""{'dessert': False, 'latenight': False, 'lunch': True, 'dinner': True, 'brunch': False, 'breakfast': False}"", 'GoodForKids': 'True', 'HappyHour': 'True', 'RestaurantsPriceRange2': '2', 'RestaurantsAttire': ""'casual'"", 'WiFi': ""'no'"", 'BusinessParking': ""{'garage': True, 'street': True, 'validated': False, 'lot': False, 'valet': False}"", 'GoodForDancing': 'False', 'DogsAllowed': 'False', 'Alcohol': ""u'beer_and_wine'"", 'BusinessAcceptsBitcoin': 'False', 'BestNights': ""{'monday': False, 'tuesday': False, 'friday': True, 'wednesday': True, 'thursday': False, 'sunday': False, 'saturday': True}"", 'RestaurantsDelivery': 'True', 'Ambience': ""{'touristy': False, 'hipster': False, 'romantic': False, 'divey': False, 'intimate': False, 'trendy': False, 'upscale': False, 'classy': True, 'casual': True}"", 'RestaurantsGoodForGroups': 'True', 'BikeParking': 'False', 'Caters': 'True', 'OutdoorSeating': 'False'}","Nightlife, Vietnamese, Bubble Tea, Bars, Restaurants, Food, Cocktail Bars","{'Monday': '11:0-20:30', 'Tuesday': '11:0-20:30', 'Wednesday': '11:0-20:30', 'Thursday': '11:0-20:30', 'Friday': '11:0-20:30', 'Saturday': '11:0-20:30', 'Sunday': '11:0-20:0'}"
8tsgnMFsMHuMIgrdjpEHLg,Boba Haus,22 Arcade Ave,Nashville,TN,37219,36.1643221306,-86.7801746264,3.5,33,0,"{'WiFi': ""'free'"", 'BusinessAcceptsCreditCards': 'True', 'BusinessParking': ""{'garage': True, 'street': True, 'validated': False, 'lot': False, 'valet': False}"", 'WheelchairAccessible': 'True', 'Caters': 'False', 'RestaurantsTakeOut': 'True', 'OutdoorSeating': 'True', 'BikeParking': 'True', 'RestaurantsPriceRange2': '1'}","Coffee & Tea, Bubble Tea, Comfort Food, Restaurants, Tea Rooms, Food","{'Tuesday': '11:0-17:0', 'Wednesday': '11:0-17:0', 'Friday': '11:0-17:0', 'Saturday': '10:0-17:0'}"
z8pwLBm3m6E8GJko5PhxgA,Boise Boba,212 N 9th St,Boise,ID,83702,43.6173593785,-116.2033729402,4.0,47,1,"{'RestaurantsTakeOut': 'True', 'OutdoorSeating': 'False', 'BikeParking': 'True', 'BusinessAcceptsCreditCards': 'True', 'WiFi': ""u'free'"", 'BusinessParking': ""{'garage': None, 'street': True, 'validated': None, 'lot': False, 'valet': False}"", 'Caters': 'True', 'RestaurantsPriceRange2': '1', 'RestaurantsDelivery': 'True'}","Bubble Tea, Food, Coffee & Tea, Juice Bars & Smoothies","{'Monday': '11:0-20:0', 'Tuesday': '11:0-20:0', 'Wednesday': '11:0-20:0', 'Thursday': '11:0-20:0', 'Friday': '11:0-20:0', 'Saturday': '11:0-20:0', 'Sunday': '11:0-18:0'}"
9vR01HFj18HzlASzaYOfxA,Chewy Boba,2572 E Fowler Ave,Tampa,FL,33612,28.055172,-82.429783,4.5,115,1,"{'RestaurantsDelivery': 'False', 'WiFi': ""u'free'"", 'OutdoorSeating': 'True', 'GoodForKids': 'True', 'RestaurantsTakeOut': 'False', 'Caters': 'False', 'RestaurantsPriceRange2': '1', 'WheelchairAccessible': 'True', 'BusinessParking': ""{'garage': False, 'street': False, 'validated': False, 'lot': False, 'valet': False}"", 'BikeParking': 'False', 'BusinessAcceptsCreditCards': 'True', 'DogsAllowed': 'False'}","Juice Bars & Smoothies, Specialty Food, Desserts, Cafes, Coffee & Tea, Restaurants, Food, Bubble Tea, Macarons","{'Monday': '11:0-22:0', 'Tuesday': '11:0-21:0', 'Wednesday': '9:30-10:0', 'Thursday': '11:0-23:0', 'Friday': '11:0-23:0', 'Saturday': '11:0-23:0', 'Sunday': '11:0-22:0'}"
cpaMCrmG7WK10tJ4c_GXow,Sanba IM,"Albertsons Supermarket, 7127 Hollister Ave",Goleta,CA,93117,34.4280833,-119.8765824,4.0,24,0,"{'RestaurantsDelivery': 'False', 'RestaurantsReservations': 'False', 'HasTV': 'False', 'RestaurantsPriceRange2': '1', 'RestaurantsTakeOut': 'True', 'Ambience': ""{'romantic': False, 'intimate': False, 'touristy': False, 'hipster': False, 'divey': False, 'classy': False, 'trendy': False, 'upscale': False, 'casual': True}"", 'WiFi': ""u'no'"", 'BusinessAcceptsCreditCards': 'True', 'NoiseLevel': ""u'average'"", 'Alcohol': ""u'none'"", 'Caters': 'False', 'RestaurantsAttire': ""u'casual'"", 'GoodForKids': 'True', 'BusinessParking': ""{'garage': False, 'street': True, 'validated': False, 'lot': True, 'valet': False}"", 'OutdoorSeating': 'True', 'RestaurantsGoodForGroups': 'True', 'BikeParking': 'True'}","Bubble Tea, Food Stands, Food, Restaurants, Sushi Bars, Coffee & Tea, Juice Bars & Smoothies",
-_PJA3nxv4BfnNz7nZS93A,Joyful House Vietnamese Cuisine And Seafood,3900 S Grand Blvd,St. Louis,MO,63118,38.5860948,-90.2438914,4.5,29,1,"{'OutdoorSeating': 'False', 'Ambience': ""{'touristy': False, 'hipster': False, 'romantic': False, 'divey': False, 'intimate': False, 'trendy': False, 'upscale': False, 'classy': False, 'casual': False}"", 'RestaurantsTableService': 'True', 'Alcohol': ""u'none'"", 'BYOB': 'False', 'WiFi': ""u'free'"", 'NoiseLevel': ""u'quiet'"", 'GoodForMeal': ""{'dessert': False, 'latenight': False, 'lunch': False, 'dinner': False, 'brunch': False, 'breakfast': False}"", 'Caters': 'True', 'BikeParking': 'False', 'BusinessParking': ""{'garage': False, 'street': False, 'validated': False, 'lot': True, 'valet': False}"", 'RestaurantsTakeOut': 'True', 'HasTV': 'True', 'RestaurantsGoodForGroups': 'True', 'BusinessAcceptsCreditCards': 'True', 'RestaurantsDelivery': 'True'}","Juice Bars & Smoothies, Seafood, Restaurants, Bubble Tea, Vietnamese, Food","{'Friday': '11:0-20:0', 'Saturday': '11:0-20:0', 'Sunday': '11:0-20:0'}"
jL4fYp0j8Jn31BiYptb10g,Woosa Bubble Tea,3639 Lancaster Ave,Philadelphia,PA,19104,39.9592387831,-75.1945384964,4.0,46,1,"{'WheelchairAccessible': 'True', 'BusinessAcceptsCreditCards': 'True', 'RestaurantsTakeOut': 'True', 'RestaurantsDelivery': 'True', 'BusinessParking': ""{'garage': False, 'street': False, 'validated': False, 'lot': False, 'valet': False}"", 'Caters': 'True', 'NoiseLevel': ""u'average'"", 'RestaurantsPriceRange2': '1', 'BikeParking': 'True', 'DogsAllowed': 'False'}","Bubble Tea, Coffee & Tea, Food","{'Monday': '12:0-22:30', 'Tuesday': '12:0-22:30', 'Wednesday': '12:0-22:30', 'Thursday': '12:0-22:30', 'Friday': '12:0-22:30', 'Saturday': '12:0-22:30', 'Sunday': '12:0-22:30'}"
GMVFik6o0Kh38ztkCkFi8g,Moonlight Boba,"6251 US Hwy 19 N, Ste 102-103",Pinellas Park,FL,33781,27.828897,-82.679151,4.5,111,1,"{'BusinessParking': ""{'garage': False, 'street': False, 'validated': False, 'lot': True, 'valet': False}"", 'NoiseLevel': ""u'quiet'"", 'Caters': 'False', 'RestaurantsPriceRange2': '1', 'GoodForKids': 'True', 'BusinessAcceptsCreditCards': 'True', 'RestaurantsTakeOut': 'True', 'WheelchairAccessible': 'False', 'DogsAllowed': 'False', 'RestaurantsDelivery': 'True'}","Bubble Tea, Food, Asian Fusion, Sandwiches, Restaurants, Noodles","{'Monday': '11:0-21:0', 'Tuesday': '11:0-21:0', 'Wednesday': '11:0-21:0', 'Friday': '11:0-21:0', 'Saturday': '11:0-21:0', 'Sunday': '11:0-20:0'}"
pmnaMretlgmAA96i8Z7NFw,Malelani  Cafe,6734 Germantown Ave,Philadelphia,PA,19119,40.0529533,-75.1861048,4.5,145,1,"{'RestaurantsPriceRange2': '1', 'RestaurantsReservations': 'True', 'Ambience': ""{'touristy': False, 'hipster': True, 'romantic': False, 'divey': False, 'intimate': False, 'trendy': False, 'upscale': False, 'classy': False, 'casual': True}"", 'BusinessParking': ""{'garage': False, 'street': True, 'validated': False, 'lot': False, 'valet': False}"", 'Alcohol': ""'none'"", 'RestaurantsTakeOut': 'True', 'Caters': 'True', 'RestaurantsAttire': ""'casual'"", 'GoodForKids': 'True', 'OutdoorSeating': 'True', 'WiFi': ""'free'"", 'GoodForMeal': ""{'dessert': False, 'latenight': False, 'lunch': True, 'dinner': False, 'brunch': True, 'breakfast': True}"", 'HasTV': 'False', 'BikeParking': 'True', 'BusinessAcceptsCreditCards': 'True', 'RestaurantsGoodForGroups': 'True', 'NoiseLevel': ""'average'"", 'DogsAllowed': 'True', 'RestaurantsDelivery': 'True', 'RestaurantsTableService': 'True', 'WheelchairAccessible': 'False', 'HappyHour': 'False'}","Mediterranean, Bubble Tea, Food, Restaurants, Coffee & Tea, American (New)","{'Monday': '0:0-0:0', 'Tuesday': '11:0-20:0', 'Wednesday': '11:0-20:0', 'Thursday': '11:0-20:0', 'Friday': '11:0-20:0', 'Saturday': '11:0-20:0', 'Sunday': '12:0-17:0'}"
ZzWhjzj-BRFjtgGjdvGglw,Boba and Company,600 W Moyamensing Ave,Philadelphia,PA,19148,39.9208209,-75.1572173,4.0,30,0,"{'RestaurantsPriceRange2': '1', 'WiFi': ""'no'"", 'RestaurantsTakeOut': 'True', 'BikeParking': 'True', 'GoodForMeal': ""{'dessert': False, 'latenight': False, 'lunch': False, 'dinner': False, 'brunch': False, 'breakfast': False}"", 'BusinessParking': ""{'garage': False, 'street': False, 'validated': False, 'lot': False, 'valet': False}"", 'Alcohol': ""u'none'"", 'BusinessAcceptsCreditCards': 'False', 'RestaurantsDelivery': 'None'}","Food, Bubble Tea, Food Trucks, Juice Bars & Smoothies","{'Tuesday': '14:0-21:0', 'Wednesday': '14:0-21:0', 'Thursday': '14:0-21:0', 'Friday': '14:0-21:0', 'Saturday': '12:0-21:0', 'Sunday': '12:0-21:0'}"
pG_VmYfvQ7ELc3ySasCN_Q,Boise Boba,"3210  E Chinden Blvd, Ste 126",Eagle,ID,83616,43.664011,-116.35221,3.5,56,1,"{'OutdoorSeating': 'False', 'RestaurantsPriceRange2': '1', 'BikeParking': 'False', 'WiFi': ""u'free'"", 'RestaurantsTakeOut': 'True', 'Caters': 'False', 'BusinessAcceptsCreditCards': 'True', 'BusinessParking': ""{'garage': False, 'street': False, 'validated': False, 'lot': True, 'valet': False}""}","Juice Bars & Smoothies, Food, Bubble Tea, Coffee & Tea","{'Monday': '10:30-20:0', 'Tuesday': '10:30-20:0', 'Wednesday': '10:30-20:0', 'Thursday': '10:30-20:0', 'Friday': '10:30-20:0', 'Saturday': '10:30-20:0', 'Sunday': '11:0-18:0'}"
4bNFWpQtS5PtfjXuxTc-GQ,The Foundry Bakery,11424 Dorsett Rd,Maryland Heights,MO,63043,38.7118897,-90.4189616,5.0,185,1,"{'RestaurantsGoodForGroups': 'False', 'GoodForKids': 'True', 'DogsAllowed': 'False', 'GoodForMeal': ""{'dessert': False, 'latenight': False, 'lunch': False, 'dinner': False, 'brunch': False, 'breakfast': False}"", 'BusinessAcceptsCreditCards': 'True', 'RestaurantsDelivery': 'True', 'OutdoorSeating': 'None', 'NoiseLevel': ""u'quiet'"", 'BikeParking': 'False', 'WiFi': ""u'free'"", 'WheelchairAccessible': 'True', 'RestaurantsPriceRange2': '2', 'RestaurantsTakeOut': 'True', 'Caters': 'True', 'BusinessParking': ""{u'valet': False, u'garage': None, u'street': None, u'lot': True, u'validated': False}""}","Coffee & Tea, Bubble Tea, Food, Bakeries, Restaurants, Cafes","{'Monday': '0:0-0:0', 'Wednesday': '11:0-19:0', 'Thursday': '11:0-19:0', 'Friday': '11:0-19:0', 'Saturday': '11:0-19:0', 'Sunday': '11:0-19:0'}"
jZGqAdBlDnrP-J7--vdPxA,Beijing Restaurant,3714 Spruce St,Philadelphia,PA,19104,39.9510037033,-75.1980656121,3.5,188,0,"{'RestaurantsPriceRange2': '1', 'BusinessParking': ""{'garage': False, 'street': True, 'validated': False, 'lot': False, 'valet': False}"", 'RestaurantsReservations': 'True', 'OutdoorSeating': 'False', 'Caters': 'True', 'HasTV': 'False', 'BikeParking': 'True', 'RestaurantsTakeOut': 'True', 'BusinessAcceptsCreditCards': 'True', 'GoodForKids': 'True', 'RestaurantsDelivery': 'True', 'Alcohol': ""u'none'"", 'RestaurantsAttire': ""'casual'"", 'RestaurantsGoodForGroups': 'True', 'Ambience': ""{'romantic': False, 'intimate': False, 'touristy': False, 'hipster': False, 'divey': False, 'classy': False, 'trendy': False, 'upscale': False, 'casual': True}"", 'WiFi': ""u'no'"", 'NoiseLevel': ""u'average'"", 'GoodForMeal': ""{'dessert': False, 'latenight': False, 'lunch': True, 'dinner': False, 'brunch': False, 'breakfast': False}""}","Chinese, Restaurants, Bubble Tea, Noodles, Food, Coffee & Tea","{'Monday': '11:0-22:30', 'Tuesday': '11:0-22:30', 'Wednesday': '11:0-22:30', 'Thursday': '11:0-22:30', 'Friday': '11:0-23:0', 'Saturday': '11:0-23:0', 'Sunday': '11:0-22:30'}"
BRivzUt6tnI9jpVeG3pJaA,Kung Fu Tea,2827 Millwoods Rd NW,Edmonton,AB,T6K 4A9,53.4593168607,-113.4468485747,4.0,6,1,"{'WiFi': ""u'free'"", 'GoodForKids': 'True', 'RestaurantsTakeOut': 'True', 'BusinessParking': ""{'garage': False, 'street': False, 'validated': False, 'lot': True, 'valet': False}""}","Bubble Tea, Food, Coffee & Tea, Juice Bars & Smoothies","{'Monday': '11:0-21:0', 'Tuesday': '11:0-21:0', 'Wednesday': '11:0-21:0', 'Thursday': '11:0-21:0', 'Friday': '11:0-22:0', 'Saturday': '11:0-22:0', 'Sunday': '11:0-21:0'}"
1Eclf7L9ftwSljaMAGI8tg,Yummy House,1610 Country Club Plaza Dr,Saint Charles,MO,63303,38.7696911299,-90.521283634,3.0,6,1,,"Korean, Asian Fusion, Thai, Bubble Tea, Restaurants, Vietnamese, Food","{'Monday': '10:30-21:0', 'Tuesday': '10:30-21:0', 'Wednesday': '10:30-21:0', 'Thursday': '10:30-21:0', 'Friday': '10:30-21:30', 'Saturday': '10:30-21:30', 'Sunday': '11:30-21:0'}"
JPXycnVJbyQdAvQnR7mN-g,Yi's Boba,24 E Lancaster Ave,Ardmore,PA,19003,40.0073124,-75.28989,4.5,61,1,"{'BusinessAcceptsCreditCards': 'True', 'BusinessParking': ""{'garage': None, 'street': None, 'validated': None, 'lot': False, 'valet': False}"", 'Caters': 'False', 'RestaurantsPriceRange2': '1', 'BikeParking': 'True', 'RestaurantsTakeOut': 'True'}","Bubble Tea, Food, Desserts","{'Monday': '10:0-21:30', 'Tuesday': '10:0-21:30', 'Wednesday': '10:0-21:30', 'Thursday': '10:0-21:30', 'Friday': '10:0-22:0', 'Saturday': '10:0-22:0', 'Sunday': '10:0-22:0'}"
yU_Va4v79Lk8-zhO7-ANmg,Blue Cow Frozen Yogurt,2333 S Apple St,Boise,ID,83706,43.5812528,-116.1733747,4.0,57,1,"{'BusinessAcceptsCreditCards': 'True', 'BusinessParking': ""{'garage': False, 'street': False, 'validated': False, 'lot': True, 'valet': False}"", 'BikeParking': 'True', 'RestaurantsPriceRange2': '1', 'WiFi': ""'free'"", 'Caters': 'False', 'RestaurantsTakeOut': 'True', 'DogsAllowed': 'True', 'RestaurantsDelivery': 'False'}","Food, Juice Bars & Smoothies, Do-It-Yourself Food, Bubble Tea, Ice Cream & Frozen Yogurt","{'Monday': '0:0-0:0', 'Tuesday': '12:0-22:0', 'Wednesday': '12:0-22:0', 'Thursday': '12:0-23:0', 'Friday': '12:0-23:0', 'Saturday': '12:0-23:0', 'Sunday': '12:0-22:0'}"
X80hD1JrBuyVnj3EZWhm9w,Kubos Cafe - Korean Dessert,5503 E Fowler Ave,Tampa Bay,FL,33617,28.0534598389,-82.3946188018,4.5,78,0,"{'DogsAllowed': 'False', 'BusinessAcceptsCreditCards': 'True', 'BikeParking': 'True', 'BusinessParking': ""{'garage': False, 'street': True, 'validated': False, 'lot': True, 'valet': False}"", 'ByAppointmentOnly': 'False', 'RestaurantsDelivery': 'True', 'RestaurantsPriceRange2': '1', 'WiFi': ""'free'"", 'RestaurantsTakeOut': 'True', 'BusinessAcceptsBitcoin': 'False', 'WheelchairAccessible': 'True', 'OutdoorSeating': 'False', 'Caters': 'False'}","Shaved Ice, Coffee & Tea, Ice Cream & Frozen Yogurt, Food, Bubble Tea","{'Monday': '0:0-0:0', 'Tuesday': '13:0-18:0'}"
TpE22_ITBg1ubzNVHE2MHQ,Fat tuna,2451 N 54th,Philadelphia,PA,19131,39.9956107,-75.2338566,3.5,25,1,"{'WiFi': ""u'free'"", 'GoodForMeal': ""{'dessert': False, 'latenight': False, 'lunch': False, 'dinner': False, 'brunch': False, 'breakfast': False}"", 'Corkage': 'True', 'Caters': 'True', 'OutdoorSeating': 'True', 'RestaurantsTableService': 'False', 'BusinessParking': ""{'garage': False, 'street': True, 'validated': False, 'lot': False, 'valet': False}"", 'BYOB': 'True', 'Alcohol': ""u'none'"", 'BusinessAcceptsBitcoin': 'False', 'RestaurantsTakeOut': 'True', 'RestaurantsReservations': 'False', 'DogsAllowed': 'False', 'BikeParking': 'False', 'HasTV': 'False', 'BusinessAcceptsCreditCards': 'True', 'WheelchairAccessible': 'True', 'Ambience': ""{'touristy': False, 'hipster': False, 'romantic': False, 'divey': False, 'intimate': False, 'trendy': False, 'upscale': False, 'classy': False, 'casual': False}"", 'RestaurantsDelivery': 'True'}","Bubble Tea, Juice Bars & Smoothies, Coffee & Tea, Sushi Bars, Ramen, Food, Restaurants, Japanese","{'Monday': '0:0-0:0', 'Tuesday': '11:30-21:0', 'Wednesday': '11:30-21:0', 'Thursday': '11:30-21:0', 'Friday': '11:30-21:0', 'Saturday': '12:0-21:0', 'Sunday': '12:0-20:30'}"
m2VQOl_sBHg2wJHdG99uQQ,Mr Wish,2100 Walnut St,Philadelphia,PA,19103,39.950613,-75.175916,4.0,38,1,"{'BusinessParking': ""{'garage': False, 'street': True, 'validated': False, 'lot': False, 'valet': False}"", 'DogsAllowed': 'True', 'BusinessAcceptsCreditCards': 'True', 'NoiseLevel': ""u'average'"", 'WiFi': ""u'free'"", 'BusinessAcceptsBitcoin': 'False', 'RestaurantsTakeOut': 'True', 'RestaurantsDelivery': 'True'}","Juice Bars & Smoothies, Bubble Tea, Food","{'Monday': '11:0-22:0', 'Tuesday': '11:0-22:0', 'Wednesday': '11:0-22:0', 'Thursday': '11:0-22:0', 'Friday': '10:0-23:0', 'Saturday': '10:0-23:0', 'Sunday': '10:0-23:0'}"
eEquyJ-Iy8yYjxvAunHW7A,Just Great Frozen Yogurt,112 Market St,Philadelphia,PA,19106,39.949540999999996,-75.142784,3.0,15,0,"{'RestaurantsPriceRange2': '1', 'BusinessAcceptsCreditCards': 'True', 'BusinessParking': ""{'garage': False, 'street': True, 'validated': False, 'lot': False, 'valet': False}"", 'WiFi': ""u'free'"", 'BikeParking': 'False'}","Food, Ice Cream & Frozen Yogurt, Coffee & Tea, Bubble Tea","{'Monday': '11:0-23:0', 'Tuesday': '11:0-23:0', 'Wednesday': '11:0-23:0', 'Thursday': '11:0-23:0', 'Friday': '11:0-23:0', 'Saturday': '11:0-23:0', 'Sunday': '11:0-23:0'}"
zHpmUe2d3ucUudd0tSqUyQ,Poke Island Plus New Tampa,8636 Hunters Village Rd,Tampa,FL,33647,28.1398461,-82.357887,4.5,10,1,"{'RestaurantsPriceRange2': '2', 'BusinessParking': ""{u'valet': False, u'garage': False, u'street': None, u'lot': None, u'validated': False}""}","Vietnamese, Food, Poke, Bubble Tea, Restaurants",
0mUVD5sDXZjd66XwATN8XA,Phresh Teas,"5599 Hollister Ave, Unit B & C",Goleta,CA,93117,34.4356398736,-119.8203958974,4.0,103,1,"{'BusinessParking': ""{'garage': False, 'street': False, 'validated': False, 'lot': True, 'valet': False}"", 'BikeParking': 'True', 'ByAppointmentOnly': 'False', 'GoodForKids': 'True', 'WheelchairAccessible': 'True', 'NoiseLevel': ""u'average'"", 'WiFi': ""u'free'"", 'Caters': 'True', 'BusinessAcceptsCreditCards': 'True', 'DogsAllowed': 'True', 'RestaurantsTableService': 'True', 'RestaurantsDelivery': 'True', 'RestaurantsTakeOut': 'True', 'OutdoorSeating': 'True', 'RestaurantsPriceRange2': '1'}","Bubble Tea, Restaurants, Taiwanese, Coffee & Tea, Food","{'Monday': '0:0-0:0', 'Tuesday': '11:30-20:30', 'Wednesday': '11:30-20:30', 'Thursday': '11:30-20:30', 'Friday': '11:30-20:30', 'Saturday': '11:30-20:30', 'Sunday': '11:30-20:30'}"
_Y3TnhwWcRbrLWDI26Qljw,TKK Fried Chicken,"1469 Brace Rd, Ste E",Cherry Hill,NJ,08034,39.8892597,-75.0158522,3.5,7,1,"{'RestaurantsTakeOut': 'True', 'RestaurantsDelivery': 'True'}","Chicken Wings, Bubble Tea, Restaurants, Food, Taiwanese, Chicken Shop, Asian Fusion",
ETZK5PuCsVfQ7ElXckDTPw,Ban Ban Asian Bistro,1533 Old York Rd,Abington,PA,19001,40.1270790528,-75.1167098433,3.5,186,1,"{'Alcohol': ""u'none'"", 'WiFi': ""u'free'"", 'RestaurantsDelivery': 'True', 'Caters': 'True', 'GoodForMeal': ""{'dessert': False, 'latenight': False, 'lunch': True, 'dinner': True, 'brunch': False, 'breakfast': False}"", 'BusinessAcceptsCreditCards': 'True', 'RestaurantsReservations': 'True', 'WheelchairAccessible': 'True', 'GoodForKids': 'True', 'RestaurantsGoodForGroups': 'True', 'OutdoorSeating': 'False', 'BusinessAcceptsBitcoin': 'False', 'RestaurantsPriceRange2': '2', 'DogsAllowed': 'False', 'NoiseLevel': ""u'average'"", 'HappyHour': 'False', 'HasTV': 'False', 'BikeParking': 'False', 'BusinessParking': ""{'garage': False, 'street': False, 'validated': False, 'lot': True, 'valet': False}"", 'RestaurantsTableService': 'True', 'RestaurantsTakeOut': 'True', 'Ambience': ""{'touristy': False, 'hipster': False, 'romantic': False, 'divey': False, 'intimate': False, 'trendy': True, 'upscale': False, 'classy': True, 'casual': True}"", 'RestaurantsAttire': ""u'casual'""}","Food, Restaurants, Bubble Tea, Asian Fusion, Sushi Bars, Chinese","{'Monday': '11:30-21:30', 'Tuesday': '11:30-21:30', 'Wednesday': '11:30-21:30', 'Thursday': '11:30-21:30', 'Friday': '11:30-22:30', 'Saturday': '11:30-22:30', 'Sunday': '12:0-21:0'}"
H0unmI-lJTazbPh-Lt6lBQ,Token Ramen & Kung Fu Tea,401 S Dale Mabry Hwy,Tampa,FL,33609,27.9410598644,-82.5060900673,4.0,60,1,"{'DogsAllowed': 'False', 'RestaurantsTakeOut': 'True', 'RestaurantsDelivery': 'True', 'BusinessParking': ""{u'valet': False, u'garage': False, u'street': None, u'lot': None, u'validated': None}"", 'WiFi': ""u'free'"", 'NoiseLevel': ""u'quiet'""}","Bubble Tea, Ramen, Food, Restaurants, Japanese, Coffee & Tea","{'Monday': '11:0-22:0', 'Tuesday': '11:0-22:0', 'Wednesday': '11:0-22:0', 'Thursday': '11:0-21:0', 'Friday': '12:0-21:0', 'Saturday': '11:0-22:0', 'Sunday': '11:0-22:0'}"
0h4Oo6W8mG4HEYQzZRkoOA,BAMBU,5520 Whitaker Ave,Philadelphia,PA,19124,40.0348900461,-75.1003371425,3.5,57,1,"{'RestaurantsTableService': 'False', 'Ambience': ""{'romantic': False, 'intimate': False, 'classy': False, 'hipster': False, 'divey': False, 'touristy': False, 'trendy': False, 'upscale': False, 'casual': False}"", 'GoodForKids': 'True', 'RestaurantsAttire': ""'casual'"", 'RestaurantsGoodForGroups': 'True', 'Alcohol': ""'none'"", 'NoiseLevel': ""'loud'"", 'BikeParking': 'False', 'GoodForMeal': ""{'dessert': False, 'latenight': False, 'lunch': False, 'dinner': False, 'brunch': False, 'breakfast': False}"", 'RestaurantsReservations': 'False', 'HasTV': 'True', 'Caters': 'False', 'RestaurantsTakeOut': 'True', 'RestaurantsPriceRange2': '1', 'WheelchairAccessible': 'True', 'OutdoorSeating': 'False', 'BusinessAcceptsCreditCards': 'True', 'WiFi': ""'free'"", 'BusinessParking': ""{'garage': False, 'street': False, 'validated': False, 'lot': True, 'valet': False}"", 'RestaurantsDelivery': 'True'}","Bubble Tea, Desserts, Food, Juice Bars & Smoothies, Coffee & Tea, Vietnamese, Restaurants",
G_bi7l0nU74I4Vr1V7IcMg,TeaStori,2732 E Fowler Ave,Tampa,FL,33612,28.0557460623,-82.429274,4.5,326,1,"{'GoodForMeal': ""{'dessert': True, 'latenight': False, 'lunch': False, 'dinner': False, 'brunch': False, 'breakfast': False}"", 'RestaurantsReservations': 'False', 'GoodForKids': 'True', 'RestaurantsTableService': 'False', 'RestaurantsGoodForGroups': 'True', 'Alcohol': ""'none'"", 'BusinessAcceptsCreditCards': 'True', 'BusinessAcceptsBitcoin': 'False', 'BusinessParking': ""{u'valet': False, u'garage': False, u'street': None, u'lot': None, u'validated': False}"", 'RestaurantsAttire': ""'casual'"", 'WheelchairAccessible': 'True', 'DogsAllowed': 'False', 'Caters': 'False', 'Ambience': ""{'romantic': False, 'intimate': False, 'classy': False, 'hipster': False, 'divey': False, 'touristy': False, 'trendy': False, 'upscale': False, 'casual': True}"", 'RestaurantsPriceRange2': '2', 'OutdoorSeating': 'None', 'NoiseLevel': ""u'average'"", 'WiFi': ""'free'"", 'RestaurantsTakeOut': 'True', 'BikeParking': 'True', 'HasTV': 'True', 'DriveThru': 'None', 'RestaurantsDelivery': 'False'}","Food, Bubble Tea, Restaurants, Desserts, Ice Cream & Frozen Yogurt, Cafes, Asian Fusion, Tea Rooms, Macarons, Specialty Food, Juice Bars & Smoothies","{'Monday': '0:0-0:0', 'Tuesday': '11:0-22:0', 'Wednesday': '11:0-18:0', 'Thursday': '14:0-18:0', 'Friday': '12:0-20:0', 'Saturday': '11:0-22:0', 'Sunday': '11:0-22:0'}"
MM-IvUB7qBMrBTDm_4MbCw,Q Tea Vietnamese Cafe,671 Jeffco Blvd,Arnold,MO,63010,38.4505774404,-90.365981613,5.0,6,1,"{'WheelchairAccessible': 'True', 'WiFi': ""u'free'"", 'RestaurantsTableService': 'True', 'RestaurantsDelivery': 'True', 'RestaurantsTakeOut': 'True'}","Restaurants, Bubble Tea, Food, Vietnamese","{'Tuesday': '14:0-21:0', 'Wednesday': '11:0-21:0', 'Thursday': '11:0-21:0', 'Friday': '11:0-21:0', 'Saturday': '11:0-21:0', 'Sunday': '12:0-19:0'}"
p9XBalo8B1bIuh1mn3Jt7A,Mooberry Yogurt,8436 W Hillsborough Ave,Tampa,FL,33615,27.9958785486,-82.5791139343,4.0,28,0,"{'BusinessAcceptsCreditCards': 'True', 'WiFi': ""'no'"", 'BikeParking': 'False', 'RestaurantsDelivery': 'False', 'Alcohol': ""'none'"", 'ByAppointmentOnly': 'False', 'RestaurantsTakeOut': 'True', 'RestaurantsPriceRange2': '1', 'Caters': 'False', 'BusinessParking': ""{'garage': False, 'street': False, 'validated': False, 'lot': False, 'valet': False}""}","Bubble Tea, Juice Bars & Smoothies, Food, Ice Cream & Frozen Yogurt","{'Monday': '0:0-0:0', 'Tuesday': '14:0-20:0', 'Wednesday': '14:0-20:0', 'Thursday': '14:0-20:0', 'Friday': '14:0-21:0', 'Saturday': '12:0-21:0', 'Sunday': '12:0-21:0'}"
ABSiUVpGvn4waVJkLktMYg,Sharetea,"600 Washington Ave, Unit 5",Philadelphia,PA,19147,39.9343757383,-75.1551179846,4.5,36,1,"{'RestaurantsDelivery': 'True', 'RestaurantsTakeOut': 'True', 'BusinessAcceptsCreditCards': 'True', 'BusinessParking': ""{'garage': False, 'street': False, 'validated': False, 'lot': True, 'valet': False}"", 'WiFi': ""u'free'"", 'WheelchairAccessible': 'True'}","Coffee & Tea, Food, Juice Bars & Smoothies, Bubble Tea","{'Monday': '10:30-21:0', 'Tuesday': '10:30-21:0', 'Wednesday': '10:30-21:0', 'Thursday': '10:30-21:0', 'Friday': '10:30-22:0', 'Saturday': '10:30-22:0', 'Sunday': '10:30-22:0'}"
VKaxKK37-XMIbBYfq9PhIg,Poké Island Plus,"4058 Tampa Rd, Ste 4",Oldsmar,FL,34677,28.0350317,-82.6543505,5.0,86,1,"{'RestaurantsReservations': 'True', 'RestaurantsDelivery': 'True', 'Ambience': ""{'touristy': False, 'hipster': False, 'romantic': False, 'divey': False, 'intimate': False, 'trendy': False, 'upscale': False, 'classy': False, 'casual': False}"", 'RestaurantsTableService': 'False', 'HasTV': 'True', 'Alcohol': ""u'none'"", 'WiFi': ""u'free'"", 'BikeParking': 'True', 'BusinessAcceptsCreditCards': 'True', 'WheelchairAccessible': 'True', 'BusinessParking': ""{'garage': False, 'street': False, 'validated': False, 'lot': True, 'valet': False}"", 'DogsAllowed': 'True', 'OutdoorSeating': 'True', 'HappyHour': 'False', 'RestaurantsTakeOut': 'True', 'RestaurantsPriceRange2': '2'}","Asian Fusion, Vietnamese, Food, Bubble Tea, Poke, Restaurants","{'Monday': '0:0-0:0', 'Tuesday': '11:30-20:0', 'Wednesday': '11:30-20:0', 'Thursday': '11:30-20:0', 'Friday': '11:30-20:0', 'Saturday': '11:30-20:0'}"
MghG5uCGyoo827hSH8VK5w,Yu De Thai Restaurant,"2975 El Rancho Dr, Ste B115",Sparks,NV,89431,39.557995365000004,-119.7800882533,4.5,58,1,"{'RestaurantsReservations': 'True', 'BusinessParking': ""{u'valet': False, u'garage': False, u'street': False, u'lot': False, u'validated': False}"", 'HasTV': 'False', 'Caters': 'True', 'RestaurantsPriceRange2': '2', 'OutdoorSeating': 'False', 'RestaurantsTakeOut': 'True', 'BYOB': 'False', 'BusinessAcceptsCreditCards': 'True', 'Corkage': 'True', 'Alcohol': ""u'none'"", 'WiFi': ""u'no'"", 'WheelchairAccessible': 'True', 'DogsAllowed': 'False', 'BikeParking': 'True', 'HappyHour': 'False', 'RestaurantsDelivery': 'False', 'RestaurantsTableService': 'True'}","Thai, Restaurants, Bubble Tea, Food","{'Monday': '0:0-0:0', 'Tuesday': '16:30-20:0', 'Thursday': '16:30-20:0', 'Friday': '16:30-20:0', 'Saturday': '16:30-20:0', 'Sunday': '16:30-20:0'}"
F4RyWsOr2dcV_j131gqNZg,Mr.Wish,643 South St,Philadelphia,PA,19147,39.9423163,-75.1537058,5.0,8,0,"{'RestaurantsTakeOut': 'True', 'Caters': 'False', 'WheelchairAccessible': 'True', 'BusinessAcceptsCreditCards': 'True', 'BusinessAcceptsBitcoin': 'False', 'BusinessParking': ""{'garage': False, 'street': False, 'validated': False, 'lot': False, 'valet': False}""}","Bubble Tea, Food","{'Monday': '11:0-22:0', 'Tuesday': '11:0-22:0', 'Wednesday': '11:0-22:0', 'Thursday': '11:0-22:0', 'Friday': '11:0-23:0', 'Saturday': '11:0-23:0', 'Sunday': '12:0-22:0'}"
-4jxTEaNONDDsC0Xzzp1UQ,Roasted Tea and Coffee Shop,"33 N Stone Ave, Ste 150",Tucson,AZ,85701,32.2226487272,-110.9722155688,4.5,23,0,"{'RestaurantsPriceRange2': '1', 'BusinessParking': ""{'garage': True, 'street': True, 'validated': False, 'lot': False, 'valet': False}"", 'BusinessAcceptsCreditCards': 'True', 'RestaurantsAttire': ""u'casual'"", 'RestaurantsTakeOut': 'True', 'BikeParking': 'True', 'RestaurantsReservations': 'False', 'Alcohol': ""'none'"", 'Ambience': ""{'romantic': False, 'intimate': False, 'classy': False, 'hipster': False, 'divey': False, 'touristy': False, 'trendy': False, 'upscale': False, 'casual': False}"", 'RestaurantsDelivery': 'False', 'HasTV': 'True', 'NoiseLevel': ""'quiet'"", 'WiFi': ""u'free'"", 'OutdoorSeating': 'True', 'Caters': 'True', 'GoodForKids': 'True', 'RestaurantsGoodForGroups': 'False'}","Restaurants, Coffee Roasteries, Bubble Tea, Cafes, Food, Coffee & Tea","{'Monday': '7:0-15:0', 'Tuesday': '7:0-15:0', 'Wednesday': '7:0-15:0', 'Thursday': '7:0-15:0', 'Friday': '7:0-15:0'}"
x3qabj6zIZK_ist3f5ztgA,Poké Falls,13815 W Hillsborough Ave,Tampa,FL,33635,28.0330356751,-82.6445895,4.5,55,1,"{'BusinessAcceptsCreditCards': 'True', 'RestaurantsReservations': 'False', 'Alcohol': ""u'none'"", 'RestaurantsTableService': 'False', 'BYOB': 'False', 'OutdoorSeating': 'False', 'WheelchairAccessible': 'True', 'BusinessParking': ""{'garage': False, 'street': False, 'validated': False, 'lot': False, 'valet': False}"", 'WiFi': ""u'free'"", 'RestaurantsTakeOut': 'True', 'BikeParking': 'False', 'RestaurantsDelivery': 'True', 'HasTV': 'False', 'HappyHour': 'False', 'RestaurantsPriceRange2': '2', 'Caters': 'True', 'Ambience': ""{'touristy': None, 'hipster': None, 'romantic': None, 'divey': None, 'intimate': False, 'trendy': None, 'upscale': None, 'classy': None, 'casual': None}""}","Poke, Japanese, Hawaiian, Restaurants, Food, Bubble Tea","{'Monday': '11:0-21:0', 'Tuesday': '11:0-21:0', 'Wednesday': '11:0-21:0', 'Thursday': '11:0-21:0', 'Friday': '11:0-16:0', 'Sunday': '11:0-21:0'}"
OOv7OvZlExF2Z3Q569RtEw,Poke Island,7093 66th St N,Pinellas Park,FL,33781,27.8365056506,-82.7282349765,5.0,140,1,"{'Ambience': ""{'touristy': False, 'hipster': False, 'romantic': False, 'divey': False, 'intimate': False, 'trendy': False, 'upscale': False, 'classy': False, 'casual': False}"", 'RestaurantsGoodForGroups': 'True', 'WiFi': ""u'no'"", 'GoodForMeal': ""{'dessert': False, 'latenight': False, 'lunch': False, 'dinner': False, 'brunch': False, 'breakfast': False}"", 'BusinessAcceptsCreditCards': 'True', 'RestaurantsReservations': 'False', 'RestaurantsTakeOut': 'True', 'OutdoorSeating': 'False', 'HasTV': 'True', 'BusinessParking': ""{'garage': False, 'street': None, 'validated': False, 'lot': True, 'valet': False}"", 'Alcohol': ""u'none'"", 'GoodForKids': 'True', 'RestaurantsAttire': ""u'casual'"", 'RestaurantsDelivery': 'True', 'HappyHour': 'False', 'RestaurantsPriceRange2': '2'}","Poke, Bubble Tea, Food, Sushi Bars, Restaurants","{'Monday': '0:0-0:0', 'Tuesday': '11:0-20:0', 'Wednesday': '11:0-20:0', 'Thursday': '11:0-20:0', 'Friday': '11:0-20:0', 'Saturday': '11:0-20:0'}"
Ub_6YsWqb90lfT6k1kRbwA,TKK Fried Chicken,4500 City Ave,Philadelphia,PA,19131,40.0033420766,-75.2219259822,4.0,12,1,"{'RestaurantsDelivery': 'False', 'HasTV': 'True', 'RestaurantsTakeOut': 'True'}","Bubble Tea, Taiwanese, Chicken Shop, Chicken Wings, Food, Juice Bars & Smoothies, Asian Fusion, Restaurants, Coffee & Tea",
lsmkYSSE5ycTNGLc69h_xw,Dumplings2Go,2300 E Lincoln Hwy,Langhorne,PA,19047,40.1836378,-74.8810481,3.5,15,1,"{'RestaurantsTableService': 'False', 'RestaurantsDelivery': 'None', 'WheelchairAccessible': 'True', 'BusinessAcceptsCreditCards': 'True', 'RestaurantsTakeOut': 'True', 'Caters': 'True'}","Chinese, Fast Food, Restaurants, Food, Bubble Tea, Sandwiches","{'Monday': '0:0-0:0', 'Tuesday': '11:0-19:0', 'Wednesday': '11:0-19:0', 'Thursday': '11:0-19:0', 'Friday': '10:0-20:0', 'Saturday': '10:0-20:0', 'Sunday': '12:0-18:0'}"
-h5xCtWvNIcIvRlYM2SWdA,Gong Cha Whyte ave,10342 81 Avenue Northwest,Edmonton,AB,T6E 4E4,53.5171860261,-113.4971966967,4.0,16,1,"{'RestaurantsTakeOut': 'True', 'RestaurantsPriceRange2': '1', 'BusinessParking': ""{'garage': False, 'street': False, 'validated': False, 'lot': False, 'valet': False}"", 'BikeParking': 'True', 'RestaurantsDelivery': 'True'}","Food, Bubble Tea",
uTUTULYSAmHGK7w5DDw5iA,A Cup Of Tea,115 N 9th St,Philadelphia,PA,19107,39.95393,-75.1544914,4.5,100,1,"{'WiFi': ""'free'"", 'RestaurantsTakeOut': 'True', 'Caters': 'False', 'DogsAllowed': 'False', 'RestaurantsPriceRange2': '1', 'BikeParking': 'True', 'NoiseLevel': ""u'average'"", 'OutdoorSeating': 'False', 'BusinessAcceptsCreditCards': 'True', 'GoodForKids': 'True', 'ByAppointmentOnly': 'False', 'RestaurantsDelivery': 'True', 'BusinessParking': ""{'garage': True, 'street': True, 'validated': False, 'lot': False, 'valet': False}""}","Bubble Tea, Food","{'Monday': '11:0-22:30', 'Tuesday': '11:0-22:30', 'Wednesday': '11:0-22:30', 'Thursday': '11:0-22:30', 'Friday': '11:0-23:0', 'Saturday': '11:0-23:0', 'Sunday': '11:0-22:30'}"
Y0TWCjiiXlFi2XO2cFrUzQ,Connexxions Cafe,12644 137 Avenue NW,Edmonton,AB,T5L 4Y5,53.6005726434,-113.5402728691,4.5,13,0,"{'RestaurantsReservations': 'True', 'Alcohol': ""u'none'"", 'GoodForKids': 'True', 'NoiseLevel': ""u'average'"", 'RestaurantsTakeOut': 'True', 'ByAppointmentOnly': 'False', 'Caters': 'False', 'WiFi': ""u'free'"", 'WheelchairAccessible': 'True', 'Ambience': ""{'touristy': False, 'hipster': False, 'romantic': False, 'intimate': False, 'trendy': False, 'upscale': False, 'classy': False, 'casual': True}"", 'HappyHour': 'True', 'OutdoorSeating': 'False', 'BusinessParking': ""{'garage': False, 'street': False, 'validated': False, 'lot': False, 'valet': False}"", 'DogsAllowed': 'False', 'BikeParking': 'True', 'RestaurantsAttire': ""u'casual'"", 'GoodForMeal': ""{'dessert': False, 'latenight': False, 'lunch': False, 'dinner': False, 'brunch': False, 'breakfast': False}"", 'RestaurantsGoodForGroups': 'True', 'RestaurantsPriceRange2': '2', 'HasTV': 'True', 'RestaurantsDelivery': 'False', 'RestaurantsTableService': 'True'}","Hobby Shops, Tabletop Games, Coffee & Tea, Food, Shared Office Spaces, Event Planning & Services, Restaurants, Cafes, Shopping, Bubble Tea, Filipino, Asian Fusion, Home Services, Real Estate",
